Date,SPY,TLT,GLD
2012-01-04,0.0015671686193719139,-0.011960880669923759,0.005053962921992179
2012-01-05,0.0026590935283737627,-0.0017804880425889992,0.006804643552456634
2012-01-06,-0.0025804642130582496,0.007863241994680727,-0.003682789348313295
2012-01-09,0.00242475819262986,-0.001770362371386179,-0.004462850601680474
2012-01-10,0.008632938044227587,-0.0016891686117111414,0.01358147038393252
2012-01-11,0.0005418209653242589,0.012931885629051707,0.006471693519725533
2012-01-12,0.002396676122186969,-0.0014186008755314374,0.004436855940286991
2012-01-13,-0.005186960631313361,0.009892306492790178,-0.00700797748665459
2012-01-17,0.0038732748636855596,0.004621976635236347,0.007755890232572322
2012-01-18,0.010995438109574124,-0.012177986857746067,0.006830241286203655
2012-01-19,0.005262557523394121,-0.013849581023800673,-0.0023542844291586738
2012-01-20,0.0037202046511749225,-0.011389295560304406,0.005258486434611419
2012-01-23,-0.0025795234321308895,-0.006345694127928426,0.006702951032527608
2012-01-24,-0.0011406812190442065,0.001804658772651116,-0.007073309078255219
2012-01-25,0.008333054672395642,-0.0024074988295917695,0.026856674653672707
2012-01-26,-0.005143301278413192,0.013169254938638344,0.00509459639654765
2012-01-27,-0.0004548538931245406,0.0031387953354263583,0.01011189273071679
2012-01-30,-0.0034196635359214373,0.011702434987642008,-0.005578663971878356
2012-01-31,-0.00038067715046599313,0.011485273074631625,0.007588812095342065
2012-02-01,0.00871926759050719,-0.011520998253770542,0.00147549236555642
2012-02-02,0.0015837284454217,-0.0004198181863599404,0.008749097178977205
2012-02-03,0.013921585386232685,-0.021722977250913423,-0.020137109848909707
2012-02-06,-0.000669521790524259,0.009901898172260455,-0.002747786955391367
2012-02-07,0.0025255439783039286,-0.012479094228516353,0.014961121796296195
2012-02-08,0.0029635520082633075,0.0007737674533810588,-0.0070964044645123875
2012-02-09,0.001256874961671646,-0.007505150107507979,-0.002852704427427749
2012-02-10,-0.007415574951798424,0.012904724444210312,-0.005251264443437007
2012-02-13,0.0074155749517984025,0.0012809574830823316,0.0022112372609914763
2012-02-14,-0.0012568749616715315,0.005279389471470016,-0.002330930151636942
2012-02-15,-0.00467119384630425,-0.0017851885188966063,0.0059064426447289235
2012-02-16,0.011012264788683916,-0.008029205635453073,-0.0006545512723762022
2012-02-17,0.002642896864772234,-0.00025680970246205986,-0.0038765152743636634
2012-02-21,0.00043962417855964944,-0.011126336949004143,0.02169306958114338
2012-02-22,-0.0032296380833072196,0.012497757302894858,0.011164193939316386
2012-02-23,0.0044012413855049285,0.0,0.0004624917963242474
2012-02-24,0.0021933778453450373,0.00648944372678267,-0.0045764514047417675
2012-02-27,0.0016784692362487555,0.008812584121052737,-0.003082017911286478
2012-02-28,0.0029119166761941632,-0.003295770876552554,0.01037124237129815
2012-02-29,-0.003933345512876792,-0.006112250438180463,-0.054486874448655936
2012-03-01,0.005168079039860374,-0.00945908818786739,0.014022637552039158
2012-03-02,-0.0030538488597898696,0.009347661498355092,-0.0016218911795983044
2012-03-05,-0.004086863871339859,-0.007970168974933614,-0.00415677252468325
2012-03-06,-0.014732954242642112,0.012058844544531796,-0.017969096432021343
2012-03-07,0.006952015675266647,-0.0061389066370044435,0.00569981581334447
2012-03-08,0.00989962639240006,-0.010058815437050098,0.010033186704286951
2012-03-09,0.003859927096397189,0.001984807386136901,0.0066333602174327025
2012-03-12,7.27019961954536e-05,-0.00017277575883241697,-0.007904687473264298
2012-03-13,0.01786532245823447,-0.017749558920658996,-0.01692317740609355
2012-03-14,-0.0010714036457019325,-0.025518035350258195,-0.01696375000167828
2012-03-15,0.005772829602647707,0.001529959414809036,0.009418404028557977
2012-03-16,0.0013834377766945116,0.0019761396923191348,0.0013648567003107786
2012-03-19,0.003912591334958337,-0.01200760664443892,0.0017962362702596962
2012-03-20,-0.002915402353040156,0.003988837142420428,-0.009076224493998303
2012-03-21,-0.0016391390337516913,0.011243875411312382,0.0004994807381019333
2012-03-22,-0.007229388979345035,0.0032146356541509786,-0.004002753243231974
2012-03-23,0.003227595088512534,0.009407841526989612,0.012208133046479623
2012-03-26,0.013937706016758025,-0.005135939728206948,0.017611569127534244
2012-03-27,-0.003112098449416252,0.0071657669709728825,-0.0070809013076213
2012-03-28,-0.0049709262221591345,-0.0014115777935952705,-0.010654517949322703
2012-03-29,-0.0017098001923010592,0.007475650005043915,-0.0014250489249673808
2012-03-30,0.004127215139647203,-0.017055483066410353,0.005194794327439433
2012-04-02,0.0072880033816634816,0.005525562923365069,0.0050452782243641
2012-04-03,-0.004096975685348666,-0.017481032996803193,-0.01889597488595619
2012-04-04,-0.009960162247663308,0.013651785858466759,-0.016903541070223595
2012-04-05,-0.0005009933926626212,0.007200156020943586,0.006972586754221729
2012-04-09,-0.011294369075160965,0.023111723842989065,0.006673391569320288
2012-04-10,-0.016927713901256983,0.011273879693732669,0.01079681583610527
2012-04-11,0.008061421468094207,-0.012052365835356656,-0.0001862294945727839
2012-04-12,0.012981298444909337,-0.004166442025821263,0.010068896893171232
2012-04-13,-0.011959601163111755,0.016047399340892454,-0.011435703837606927
2012-04-16,-0.0006566038176790197,-0.0014556569437276898,-0.0024275594635374416
2012-04-17,0.014703634867215928,-0.000600692080512781,-0.0013096363661056385
2012-04-18,-0.003384805351498174,0.0029121186854574686,-0.005883121540853622
2012-04-19,-0.006442069868047531,0.0009409418069434762,0.0007529342193186616
2012-04-20,0.0016691054323172215,0.00017012265649749244,0.0006897239210806605
2012-04-23,-0.008444174617405091,0.007234229736848487,-0.0029502294460589935
2012-04-24,0.0037938075286920335,-0.007063842608469754,0.0014448331190362385
2012-04-25,0.013599175532435337,-0.005137163233190346,0.002006723784330158
2012-04-26,0.0069444158233273115,0.00599120437761648,0.00879471559167779
2012-04-27,0.0016395830587412885,0.0008531171084082416,0.0021711872276646304
2012-04-30,-0.0037107711967470465,0.0002550904743006899,0.0030934874938505622
2012-05-01,0.006200948136732903,-0.00520006552389091,-0.0034653347638567127
2012-05-02,-0.0029889293709361416,0.007019053378439498,-0.00453550513766278
2012-05-03,-0.007654379957867518,-0.00025696583903856704,-0.010138997417698532
2012-05-04,-0.016290633481079123,0.00781936296721947,0.0031403115630244814
2012-05-07,0.0007300536836447792,0.00016853338622927361,-0.0024485925648660245
2012-05-08,-0.004019681790273875,0.005317540169855969,-0.01955122460022864
2012-05-09,-0.005949533773393976,0.000673352532593539,-0.009856096620851877
2012-05-10,0.002060928999810741,-0.002949607922532196,0.001940260901209398
2012-05-11,-0.0030187932014769186,0.00823575710813821,-0.007848817296009933
2012-05-14,-0.011123149615363728,0.013878232908804742,-0.01462845943520308
2012-05-15,-0.005758005322364297,0.004035679856518559,-0.010562401311462568
2012-05-16,-0.003832157247303899,0.002872836613532707,-0.001871650064246415
2012-05-17,-0.014942259182794293,0.01754813880764219,0.022101053281684286
2012-05-18,-0.008595218423982129,0.00024138884069166744,0.011387791619555667
2012-05-21,0.017041806223900093,-0.0020958799181724583,0.0006467713402268693
2012-05-22,0.0017414690766860538,-0.011196491577312617,-0.016757749444190322
2012-05-23,0.0005293787143355525,0.006911807480874574,-0.0030293517963689474
2012-05-24,0.0019636342837670547,-0.003816172659175532,-0.0013859452168922916
2012-05-25,-0.0032496911711996116,0.003734892573695998,0.008352766698997548
2012-05-29,0.012039115748949744,-0.0030837052532403575,-0.010931873240010203
2012-05-30,-0.014616276400578762,0.025044941513981903,0.005875957660694494
2012-05-31,-0.0022033767175838746,0.011507623845731738,-0.001910905902789609
2012-06-01,-0.025499202846348094,0.023462809915808847,0.03804809984180762
2012-06-04,-0.00046838879512300496,-0.007932896721897039,-0.0011434641458968186
2012-06-05,0.0075435835572362445,-0.013466570271464489,-0.0011448702562414747
2012-06-06,0.022219754549859035,-0.02018670901436766,0.0004454100462342761
2012-06-07,0.0006062369979760164,0.001518345167332012,-0.017388437571983575
2012-06-08,0.007919840447000625,-0.00023898168244039947,0.0014875385514176553
2012-06-11,-0.012778193699742889,0.0045414286366628745,0.004063373582424457
2012-06-12,0.011425096982557708,-0.00918471125864301,0.007055420696368892
2012-06-13,-0.006415334656575056,0.009820160301596687,0.004209384361180728
2012-06-14,0.010544713108792863,-0.0012710300483832323,0.004001687892130676
2012-06-15,0.01017542047690901,0.005552510023702322,0.0005703370916346761
2012-06-18,0.001936254412060499,0.005365404766851962,0.0005700119926437334
2012-06-19,0.009625934943223792,-0.013148361891187479,-0.004887432513551658
2012-06-20,-0.0016226242624976105,0.0049308256476704474,-0.007600729101789924
2012-06-21,-0.02269385736519253,0.005302414282292263,-0.025651569647767526
2012-06-22,0.0076718162589324915,-0.01342780475328245,0.004070084458850245
2012-06-25,-0.01616434823634264,0.014452978706711087,0.00731070579506714
2012-06-26,0.0050132683948915695,-0.003949721072997558,-0.007441769628189937
2012-06-27,0.008975822026921473,0.0015818690700999704,0.001375064652515789
2012-06-28,-0.0028577646224248734,0.002446585062185888,-0.011715276484427288
2012-06-29,0.024621282834388428,-0.01309258496255455,0.027039260378949704
2012-07-02,0.0030081032661881295,0.010264917496487733,-0.000644618456697509
2012-07-03,0.006571046490480914,-0.00771497344735669,0.01516593043631744
2012-07-05,-0.0045221613304006715,0.005096729828863029,-0.011368929003809548
2012-07-06,-0.009549077607261723,0.009250775249057926,-0.012734817475435407
2012-07-09,-0.0012555554208395147,0.008776353635188984,0.0021445114458555955
2012-07-10,-0.00875813978212758,0.0020260779709287535,-0.012345429133629288
2012-07-11,0.000148790687067785,0.0012451541886055093,0.0055057594568082525
2012-07-12,-0.004856596764917733,0.007051069080868102,-0.002618033780691079
2012-07-13,0.016638697357255077,-0.0026285301658042427,0.010106714486149358
2012-07-16,-0.002360043181644789,0.004634524072335826,0.0004540770166103946
2012-07-17,0.006843476147263432,-0.00789129749231052,-0.004810237265713993
2012-07-18,0.0073795494210003535,0.0005439595014159616,-0.002740430809986751
2012-07-19,0.0026170658920754253,-0.0025653307840209387,0.002153848840418498
2012-07-20,-0.009190102984664134,0.01214471365665657,0.001888899980288932
2012-07-23,-0.010163864283826833,0.005597380303111785,-0.0041734615256850535
2012-07-24,-0.008624216507288776,0.00784420286886086,0.00319690690338272
2012-07-25,0.0002242192465945205,0.0025759281065930173,0.013907490755906015
2012-07-26,0.016363021965530807,-0.009197857599366395,0.007041420048145291
2012-07-27,0.018265236837653336,-0.019042282585883946,0.00489956132478139
2012-07-30,0.0,0.007444407998536776,-0.0006984831553893457
2012-07-31,-0.0070195820232969944,0.0020066381612921496,-0.005988723225470398
2012-08-01,-0.0008714613552078713,-0.005011780195942247,-0.00866421414888581
2012-08-02,-0.0069284437900466525,0.005652739366341554,-0.006531497290067034
2012-08-03,0.019638699573193044,-0.0162699588543729,0.009170809124329653
2012-08-06,0.0019357274814141665,0.0003936210285601028,0.004810013989643127
2012-08-07,0.0050012490652493035,-0.012950023295360838,-0.00012799457656319368
2012-08-08,0.001210704558326751,-0.005338617708582235,0.0012789166070782496
2012-08-09,0.0008534110507795816,-0.0007191536617540152,0.0032539650598126992
2012-08-10,0.001634646633113754,0.005024603207460211,0.0012094547976165897
2012-08-13,-0.0004971581100822781,-0.0016727878209246458,-0.007599660994752833
2012-08-14,0.0001421297620798759,-0.013639339335387182,-0.005528431293767677
2012-08-15,0.0011356196458953787,-0.01415538816932927,0.003217920039555506
2012-08-16,0.007351975368933029,-0.008558094343590119,0.005957880902347246
2012-08-17,0.0013367332640625037,0.004863816127012645,0.0010214739315963608
2012-08-20,7.077412147206615e-05,0.0020544341145942273,0.0034396702075541645
2012-08-21,-0.003028834531726472,0.004421311116047935,0.009934007742546973
2012-08-22,0.0004225955758989827,0.016369781753975136,0.010708631507447481
2012-08-23,-0.00821265225529396,0.004171163361730863,0.008373997600348033
2012-08-24,0.006024709990831686,-0.0009608441548562526,0.00049405195165326
2012-08-27,0.00021186568483868727,0.005832019176382314,-0.0037732430064034606
2012-08-28,-0.0009895735113309991,0.0023863947689708666,0.0017337390057776023
2012-08-29,0.0007777078264922736,-0.004380020626026638,-0.006517126164973718
2012-08-30,-0.007233950515963828,0.005174822623400943,-0.0004359382542126009
2012-08-31,0.004758032896650866,0.014034507806173307,0.02278842769888954
2012-09-04,-0.0009218499143325132,-0.0010051484129243956,0.0015819565772519967
2012-09-05,-0.00085135263195455,-0.0047234661560199296,-0.00103408368603259
2012-09-06,0.020093576918284412,-0.016791253362084,0.0035237086061065126
2012-09-07,0.003887538672470814,-0.004664951028210287,0.021301036576637185
2012-09-10,-0.0056978261547355495,0.002415013034897293,-0.0068508245778626286
2012-09-11,0.002783623786644733,-0.006292911598998111,0.0036397345213229062
2012-09-12,0.0033299500026374475,-0.012542466621485315,0.0001191368766436192
2012-09-13,0.015121323630040082,-0.0039423206697767185,0.019987101882923578
2012-09-14,0.004424738110319444,-0.026936950445009142,0.002856260822614609
2012-09-17,-0.0034018033687997938,0.011932033974788333,-0.008182448737126974
2012-09-18,-0.0008180778499695505,0.004998483984578625,0.007716671888582333
2012-09-19,0.0005452601810970328,0.006544363657929223,0.00011648676464511073
2012-09-20,6.866002975682156e-05,0.002474195398650352,-0.0015734059198807039
2012-09-21,-0.00041834764461278303,0.0011527503489087616,0.00285359936146375
2012-09-24,-0.0015093136188247544,0.007785385672660895,-0.0053060014063377545
2012-09-25,-0.010698925938225877,0.009828127146388517,-0.0016382823469836482
2012-09-26,-0.005636889974408269,0.010694326671396793,-0.0056374963370224036
2012-09-27,0.009377375259726707,-0.007143471344390699,0.014789097981363655
2012-09-28,-0.004643168220449845,0.0005640030224194377,-0.0026145147730523375
2012-10-01,0.002636267914797678,0.003704214806532419,0.0023243307866659033
2012-10-02,0.0010382538337510823,-0.001367218521955662,-0.0011033258934751609
2012-10-03,0.004074485843541495,0.00032156173577855385,0.0017996437460312752
2012-10-04,0.007142849924323904,-0.01254927438359822,0.006936025341043228
2012-10-05,6.842909532130759e-05,-0.01303864410809425,-0.00571878926447531
2012-10-08,-0.00342740365644725,0.00838391670005951,-0.0033074685239183545
2012-10-09,-0.009936822374384424,-0.001802510731055746,-0.006180042594964688
2012-10-10,-0.006400260880142574,0.007027537071651757,-0.0008776828487819255
2012-10-11,0.0005585234850080018,0.006897140194927842,0.002805770961490514
2012-10-12,-0.0032844864804319873,0.0025038882674173115,-0.0073818938973548055
2012-10-15,0.008293978352797252,-0.002261762218558322,-0.010106119739498041
2012-10-16,0.01008234852792481,-0.013920819208627158,0.006335646333619325
2012-10-17,0.004524665635456161,-0.00930703671091544,0.0007080193841468657
2012-10-18,-0.0026025330284156463,-0.006141349268858085,-0.00443354865538353
2012-10-19,-0.016805139780535844,0.013478723953967386,-0.010841136052605957
2012-10-22,0.0001400771522353702,-0.0064273696113460056,0.003646697239812837
2012-10-23,-0.01397378906052363,0.014201677760325932,-0.012912759766492157
2012-10-24,-0.0028325669552671114,-0.009911805632124904,-0.003451467757776219
2012-10-25,0.0029031378425695494,-0.00511700470266013,0.007011656174181994
2012-10-26,-0.0005658044884894967,0.014620746591557387,-0.0005423202272228979
2012-10-31,0.0,0.005852947003900176,0.005409372308871991
2012-11-01,0.010415978323729274,-0.00822075166644005,-0.004565910521291634
2012-11-02,-0.008931423781966541,-0.0007360857578308294,-0.02111619567115675
2012-11-05,0.0020468245476360685,0.005627748540237662,0.003866988340753932
2012-11-06,0.00779468718836843,-0.009479486494155481,0.018633181558340834
2012-11-07,-0.02292480665046948,0.017983512698244237,0.0011418760009174647
2012-11-08,-0.012097206425021266,0.014729801636746542,0.008969205970755553
2012-11-09,0.0008694175074970057,0.0011119291741190087,-0.0010124664362506366
2012-11-12,0.0007957823117558068,0.001665534177300364,-0.002207239069899678
2012-11-13,-0.003477750373268965,0.0033225908044867657,-0.0020923088878503668
2012-11-14,-0.01359073018201107,0.0009470326425611172,0.0002393087940783899
2012-11-15,-0.0016935331151384121,-0.0019739679867589333,-0.0063019928595901085
2012-11-16,0.004925869840423194,-0.0008702720750643018,-0.0012651232479694255
2012-11-19,0.0200364563272615,-0.005634507571721919,0.011925176433462218
2012-11-20,0.0004314322802933997,-0.010077431127728569,-0.002863425779210265
2012-11-21,0.0018658386304029714,-0.0005630077523651088,0.0010150660402493473
2012-11-23,0.013533163570508005,-0.0009660502344199443,0.012160205973813025
2012-11-26,-0.0021246913750427475,0.0047387939301454,-0.0010618685408751542
2012-11-27,-0.005117587823532164,0.003919356683854026,-0.004258514528236021
2012-11-28,0.008020040732647296,-0.001437678718781414,-0.012885721450133563
2012-11-29,0.004654864136849939,0.00015982411250447035,0.0037754494975707773
2012-11-30,0.00021106456767275403,-0.0027211240841453228,-0.006782066259329654
2012-12-03,-0.004936484634885837,0.0009230085371245369,0.0004816775885995999
2012-12-04,-0.0014144996993524352,0.005759164496656113,-0.010346525202362707
2012-12-05,0.0017676408544868203,-0.0004788231123630958,-0.0018262807650325558
2012-12-06,0.0033867897880768536,0.002152721129507605,0.002312732382919267
2012-12-07,0.0030242568097757316,-0.009280113659608,0.004004152985563731
2012-12-10,0.00042136127960595995,0.0044108657615739505,0.0038675379164635304
2012-12-11,0.00678496078984228,-0.007630561186875341,-0.0009051692074031703
2012-12-12,0.0004876140354094741,-0.01167770301434148,0.0007242193101501478
2012-12-13,-0.006150650672829488,0.0007341353953894393,-0.008481356697994205
2012-12-14,-0.0037225145577506843,0.0074707917051601855,-0.0014611280186981382
2012-12-17,0.011683563876583185,-0.015080470839128324,0.0018869503829595713
2012-12-18,0.011067624863153549,-0.010237194375957008,-0.014455725078867119
2012-12-19,-0.0074571011732569165,0.0033138634482420474,-0.002409114946575244
2012-12-20,0.005735423136016875,0.0001646775596118605,-0.012196073797178996
2012-12-21,-0.009118418708800825,0.01085672243440668,0.00374933956743618
2012-12-24,-0.0030857825416235616,-0.0018012111222158887,0.0018070937392538678
2012-12-26,-0.004224315143322684,0.003590616436554379,0.0009956669468964311
2012-12-27,-0.0013415487175058422,0.0033489047078126676,0.002360719739151777
2012-12-28,-0.010866590259435397,0.005694200927874063,-0.003854592163680614
2012-12-31,0.016853594735705406,-0.017425282806518116,0.009176719889400711
2013-01-02,0.025307254578697154,-0.013458329384644363,0.0070727801089134085
2013-01-03,-0.0022617895793668064,-0.01364269337080121,-0.012146779740190669
2013-01-04,0.004381557966703905,0.0038930363847672666,-0.0047257550222331544
2013-01-07,-0.0027361489116961256,0.00042205841363540994,-0.006315147639550098
2013-01-08,-0.0028817412660423593,0.006563416504697023,0.007062780803268713
2013-01-09,0.0025387253969743617,-0.0009227795558963984,-0.0004360197219949153
2013-01-10,0.007918487253482839,-0.0027741221901376846,0.009241174883853428
2013-01-11,-6.823324167713796e-05,0.008883694174357243,-0.005695893235337639
2013-01-14,-0.0006799018842348841,-0.002757201844543003,0.002975797243476377
2013-01-15,0.000679901884235008,0.0045906844934039,0.006294400919113552
2013-01-16,-0.0001356945230219083,0.0020797793561794895,0.0005534660222785934
2013-01-17,0.006439817637095233,-0.010022833989259934,0.004294560017826217
2013-01-18,0.002227072087905489,0.007693539046931008,-0.0015930021974330576
2013-01-22,0.005378762710190656,0.0019141716856567205,0.003550021116017711
2013-01-23,0.0016084418317524032,-0.0014981594758821997,-0.002814438031338391
2013-01-24,0.0002674140522808571,-0.0035024519512876283,-0.01102810374616787
2013-01-25,0.005606226106314369,-0.013800006293334933,-0.004781604983568098
2013-01-28,-0.0011987965496664712,-0.0036497424845801443,-0.002243414817202356
2013-01-29,0.003923847569143891,-0.005542689971294918,0.004357652623316265
2013-01-30,-0.003923847569143994,-0.0017106038171571139,0.007426217176999296
2013-01-31,-0.002468239940562847,0.00486948484169309,-0.006122691411324907
2013-02-01,0.010234628758383383,-0.013069759746813686,0.0015496671610711066
2013-02-04,-0.011304250188857279,0.01272820276285884,0.0034008569302853
2013-02-05,0.010046551494134762,-0.008927392392380419,-0.0002469026145644602
2013-02-06,0.0007286996463364851,0.008158054113032654,0.0026514131006226955
2013-02-07,-0.0013240741051778473,-0.002226366128621992,-0.003392675486914591
2013-02-08,0.005548949527835083,0.003849905701873716,-0.0016696396112383367
2013-02-11,-0.00019777665978191927,-0.0007686811376580311,-0.011641494508639208
2013-02-12,0.0016455511024962527,-0.0024812306096775876,0.001189038868357003
2013-02-13,0.000855341769459736,-0.008170708299894821,-0.005267437597442791
2013-02-14,0.0009194977076582609,0.009026573052230214,-0.0044108258534539865
2013-02-15,-0.0011822219839048391,-0.0029139364436980937,-0.016491485732013745
2013-02-19,0.007466066789632518,-0.004991004253783301,-0.00276442800912232
2013-02-20,-0.012541877306336562,0.0030151537979521323,-0.02536237476562978
2013-02-21,-0.0060970824443378506,0.0058311708109856,0.007761616845874272
2013-02-22,0.009725406197827958,0.0006839819458858093,0.0022906918469714913
2013-02-25,-0.01921067419499277,0.019462050249760186,0.008916105586720739
2013-02-26,0.006822374415187959,-0.005798606772341882,0.012107340694240326
2013-02-27,0.012519924227295913,-0.0029542631567294037,-0.010618162447447536
2013-02-28,-0.0019772680659457626,0.0018577917095138027,-0.010209194156268543
2013-03-01,0.0032931303816688033,0.005430971664070987,-0.003666829371253608
2013-03-04,0.005310570031836555,-0.005312409529768237,-0.0009188120822602375
2013-03-05,0.008919140029828458,-0.002878840597905241,0.0005251531495988175
2013-03-06,0.001360222266629783,-0.009115410247196707,0.005562599618897849
2013-03-07,0.00181052821722851,-0.007730851429688651,-0.0035302945226979147
2013-03-08,0.004255336931484078,-0.010489530399303965,0.0001310037451856418
2013-03-11,0.003787803906387012,0.00095812679204814,0.0018318537547607815
2013-03-12,-0.0022452865464055965,0.007200726505696796,0.00781302833234655
2013-03-13,0.0014121496341807046,-0.001037947500812275,-0.0034432307449765156
2013-03-14,0.005309687065889938,-0.0030330610333533575,0.00013007752936968284
2013-03-15,-0.001321350714682602,0.004675464373081565,0.0020801316122226374
2013-03-18,-0.005533934388521865,0.0075731262361581385,0.008921158533619225
2013-03-19,-0.002325552119848869,0.00675035167605255,0.00449494709912103
2013-03-20,0.006961356595658195,-0.01121863427003701,-0.004559370369457158
2013-03-21,-0.008579975299178718,0.009599320296162523,0.005647950939598429
2013-03-22,0.00800108824862543,0.0007670938077330965,-0.004490045653721258
2013-03-25,-0.004185928290470258,-0.0009379471383090661,-0.001994901077106218
2013-03-26,0.007970803462093178,0.0011940237170160867,-0.00335530229094277
2013-03-27,0.0,0.008484499624907582,0.004127968876901494
2013-03-28,0.0030683315580387217,-0.00508236107543375,-0.005874608865923951
2013-04-01,-0.003965127498261205,0.007503745223706641,0.001423403605869597
2013-04-02,0.004922577100073983,-0.004062869272035173,-0.014588376987558337
2013-04-03,-0.010191080585226222,0.00894950719579274,-0.011215297746718735
2013-04-04,0.004050258508957946,0.011865173036953966,-0.0029234122040560696
2013-04-05,-0.004501143611822909,0.01998329373032661,0.016628587367166922
2013-04-08,0.006744171226146315,-0.007682657458092608,-0.004262680775851177
2013-04-09,0.0034513597129542943,-0.0024646471851449488,0.007725031383893976
2013-04-10,0.012174094274192292,-0.013830670212584478,-0.017034818641169572
2013-04-11,0.003271944167655465,0.0019166271897197793,0.0019880924290127428
2013-04-12,-0.0024534067728723603,0.01478869136100401,-0.048144932178246586
2013-04-15,-0.023446132131032017,0.008656446491584606,-0.09190507457983844
2013-04-16,0.014654870185350808,-0.008245971561932405,0.011283338744214735
2013-04-17,-0.0147192802417981,0.006618475359828479,0.000526909831982771
2013-04-18,-0.0062733620167328245,0.002439570649617486,0.010704956398210237
2013-04-19,0.008655317144785896,-0.0021136409148693604,0.008674096350888906
2013-04-22,0.0044282989174735735,0.0007318846482977076,0.01777851793528908
2013-04-23,0.010256279015139225,-0.003503990231278559,-0.007424075282657943
2013-04-24,0.0006344788164555415,0.002527326711420364,0.01082655613705574
2013-04-25,0.004045135056785709,-0.0043250057857627715,0.023286836308933283
2013-04-26,-0.001767998592527318,0.009117693672771612,-0.0050966430061307215
2013-04-29,0.006676177060494252,-0.003652991088986407,0.009816111845741552
2013-04-30,0.0023830885654844004,0.0005695889759777968,0.003297447184859199
2013-05-01,-0.008806502941226256,0.010219649390064917,-0.011695241331580094
2013-05-02,0.009244567760752106,-0.0012907273003618547,0.00572377326421984
2013-05-03,0.010089912524294363,-0.023859473750589288,0.0011971282175668827
2013-05-06,0.002537366492982033,-0.002483104407247955,0.0004221612830436374
2013-05-07,0.005055853409387155,-0.0039044906416115088,-0.012529729074763163
2013-05-08,0.00454061973188279,0.0015800026683041868,0.01470823959319662
2013-05-09,-0.0028199881956293216,-0.002579035173951867,-0.011649859087374476
2013-05-10,0.003248767497593294,-0.010803744222255357,-0.008630212541188757
2013-05-13,0.0007948621545056545,-0.00769385439915697,-0.008416504259274501
2013-05-14,0.010280648030788141,-0.010921630352805302,-0.0044888226191427795
2013-05-15,0.005371755403376728,0.006669644554493244,-0.023345595911785897
2013-05-16,-0.0047059111845778245,0.010343968738546526,-0.004019122278807547
2013-05-17,0.009630233851269087,-0.012732757598511566,-0.022779601469059194
2013-05-20,-5.9504821114294015e-05,-0.001197014970343447,0.030431648851024378
2013-05-21,0.0014365458336053104,0.007837789628620565,-0.01671673431161512
2013-05-22,-0.007445544951007365,-0.014961582475996528,-0.007099209752431566
2013-05-23,-0.0028970241788184438,0.004726412588988649,0.020034420891585903
2013-05-24,-0.0008461185528715145,0.0013708400130111062,-0.0063346049211476085
2013-05-28,0.005970813290801089,-0.025669687562756904,-0.0020204984510566455
2013-05-29,-0.006515481428022872,0.01118161606985106,0.009988129408433648
2013-05-30,0.0036853943524579134,-0.0024350075619545483,0.013773982178960965
2013-05-31,-0.01445637047548815,-0.0034018598264435916,-0.02054612833699834
2013-06-03,0.005491588476368511,0.00528471329952831,0.019155238706458418
2013-06-04,-0.004818495598682837,-0.00927847886440692,-0.00942083088363743
2013-06-05,-0.01409992940113453,0.013712403384037402,0.002142261538931351
2013-06-06,0.009012196241224905,-0.0006075060557088887,0.007425099325577856
2013-06-07,0.012640522440616784,-0.01804055790826042,-0.024092192496149724
2013-06-10,0.0,-0.0047842576252523795,0.004939787449919778
2013-06-11,-0.010368978501421544,0.01182895296282447,-0.0051648936635613095
2013-06-12,-0.008311977201046249,-0.014406644281673634,0.007476670343020137
2013-06-13,0.015094177750076107,0.015546203706722167,-0.0038060756896859606
2013-06-14,-0.006292267211538619,-0.002368645122242302,0.005145905283357988
2013-06-17,0.007692185330943009,-0.005285741548608509,-0.00492162373629442
2013-06-18,0.007874272744163718,0.0005303737391241205,-0.012335615865617823
2013-06-19,-0.013913295069569108,-0.010382793830424838,-0.011723707191219441
2013-06-20,-0.025090277459839452,-0.01654862418015295,-0.05501208351122277
2013-06-21,0.003205000923945384,-0.017104160878162463,0.011663149049636777
2013-06-24,-0.012716727159824236,0.004142616773649745,-0.0089967891886606
2013-06-25,0.009568267704911076,-0.008950983585988892,-0.0037186710729782786
2013-06-26,0.009852518167969851,0.006468273227904005,-0.04294353680246575
2013-06-27,0.005853100285905392,0.010170694276164878,-0.019981847694739895
2013-06-28,-0.00410585357518084,0.006814111019507043,0.026974604047993497
2013-07-01,0.00584232111027856,0.0020123541648685832,0.016816885336969126
2013-07-02,-0.0009299768814715986,-0.0006339249054075132,-0.008955978266061641
2013-07-03,0.0004341678059311869,-0.0029955146173678217,0.005731107587480113
2013-07-05,0.01073078014776374,-0.03468269748928919,-0.022192441073447894
2013-07-08,0.00568891062061979,0.009646869626938046,0.01195305315168202
2013-07-09,0.0071710541612146905,0.0010252766547521575,0.009245063039676966
2013-07-10,0.0003633555194192507,-0.007851764352908722,0.0027320810310944702
2013-07-11,0.013528658942479354,0.011661664790837828,0.026837949821575214
2013-07-12,0.00041813094258162154,-0.0008347123716350958,-0.0008857802448473976
2013-07-15,0.003813189803040978,0.005277517881602272,0.0004027469930758848
2013-07-16,-0.003753861493997165,0.003410287252274675,0.005701216593606186
2013-07-17,0.0025640351508905987,0.0018387082730375902,-0.01265074444459673
2013-07-18,0.0054627372464716726,-0.012571087934108228,0.005579624197672816
2013-07-19,0.0017749486195471871,0.01569046602604397,0.008831130466871416
2013-07-22,0.0019489578977345782,0.0014638236418112658,0.029377940831470724
2013-07-23,-0.0021260065512798266,-0.004215212619705178,0.006729945073879884
2013-07-24,-0.003672530974018408,-0.012752892922257723,-0.017341725231021614
2013-07-25,0.0024299406088405077,-0.00037198952410484875,0.009291457084115504
2013-07-26,0.001064720760949382,0.00612194841219013,0.000854539664784338
2013-07-29,-0.003079096513624264,-0.007332491764653707,-0.002410089085684926
2013-07-30,0.0,-0.0003729928392189467,-0.0027281369156585316
2013-07-31,0.0007111069787202138,0.0036274588732671436,-0.0012495787031893267
2013-08-01,0.011492578100278535,-0.01945620136002523,-0.010606207573640596
2013-08-02,0.0016977663524202604,0.010949969562607452,-0.001976519588739746
2013-08-05,-0.0014637362251703728,-0.007727759129345935,-0.005236889446047351
2013-08-06,-0.005698651380107591,0.0029277111248983633,-0.01385848062127863
2013-08-07,-0.003245964633235718,0.007425799250526626,0.0014509135479650783
2013-08-08,0.003658230474692732,0.0027111706761988935,0.02159359677218957
2013-08-09,-0.00289011250450623,0.001585703898537212,0.0
2013-08-12,-0.0011821206494676778,-0.00682890847652138,0.017735565654740437
2013-08-13,0.002952235734602689,-0.01456111335436694,-0.0108227552615397
2013-08-14,-0.005141934010421938,0.0015222459875684888,0.009815472951498759
2013-08-15,-0.014084922681413427,-0.013595810368982055,0.020638289899497057
2013-08-16,-0.003311199129904228,-0.0034770704038106864,0.006735556363018295
2013-08-19,-0.006413134905126706,-0.008744805171224787,-0.004308614943246926
2013-08-20,0.004904401788743566,0.0076803832027499755,0.003327556996308892
2013-08-21,-0.006179390125016394,-0.011003572694519638,-0.002873052164441264
2013-08-22,0.009074090435586464,0.010131242914454391,0.005587376516652108
2013-08-23,0.00336661289531621,0.010797111415462479,0.015614200939507474
2013-08-26,-0.003728294170281348,0.004973850748427373,0.004068828031624427
2013-08-27,-0.01621492210114962,0.012515503404238099,0.00955189530149838
2013-08-28,0.003544644453350539,-0.008135851588495419,-0.00029249824790502016
2013-08-29,0.0015853297611715042,0.007948014817574607,-0.006163432755339088
2013-08-30,-0.0031723608408085304,-0.001131839209941972,-0.009242551987358015
2013-09-03,0.00451164602955555,-0.014205139943182283,0.013282390492898161
2013-09-04,0.008239050761339423,-0.0022096730553301637,-0.012985238492024438
2013-09-05,0.0012656099601813448,-0.014041488929773013,-0.01843720597917757
2013-09-06,0.0004821756557256568,0.004961704145066651,0.014642627040753583
2013-09-09,0.009530374969332895,0.00048535448903504186,-0.0017905715189216484
2013-09-10,0.007369955157443079,-0.007008178720769409,-0.016337634945460925
2013-09-11,0.0031335709150712037,0.008848604339258366,-0.0003037393323617421
2013-09-12,-0.0026598151939669855,-0.0013560565313552025,-0.03107779008702503
2013-09-13,0.0022466882485317275,0.003870371706842995,0.0011742263444235006
2013-09-16,0.0057707675355963845,-0.006686099511908676,-0.010776072852725437
2013-09-17,0.004452690183914573,0.008230020951716694,0.0003953591857079829
2013-09-18,0.011507451200324781,0.012266512534834522,0.042635327513365635
2013-09-19,-0.0016770366955725174,-0.005922781316862161,-0.001971448259468817
2013-09-20,-0.007015916410059505,0.005255540322984951,-0.029188479494947676
2013-09-23,-0.004638191880375326,0.007312768673767729,-0.0032092394127312043
2013-09-24,-0.0023569730766862074,0.010728297459654453,0.000862040000545821
2013-09-25,-0.002894473571185596,0.0020576749196838545,0.008812610259893472
2013-09-26,0.0038381980307273396,-0.0070310285561909994,-0.007794819989308921
2013-09-27,-0.004607518711808791,0.002443101580052934,0.009191529856392782
2013-09-30,-0.005342221473286572,-0.0015031161374538234,-0.006144359705342492
2013-10-01,0.007885081745353871,-0.0030385508996328007,-0.028407152018487033
2013-10-02,-0.0009459002761485515,0.001510703565910566,0.01963107970630708
2013-10-03,-0.009263550118703903,-0.0016054067363964568,0.0009440116150262174
2013-10-04,0.007548016270495979,-0.0007561758584278484,-0.005123983685186541
2013-10-07,-0.008682070467650706,0.004059127507928135,0.008734372074589061
2013-10-08,-0.011715218345984803,0.00028262689948940225,-0.0018820415130879548
2013-10-09,0.000725195375257368,-0.00803787907808236,-0.01017720830751646
2013-10-10,0.02132860504056807,0.0016122511969783335,-0.014697956002940963
2013-10-11,0.006422707386530095,-0.0002840310016254014,-0.013529579748560205
2013-10-14,0.00398600143662933,-0.0080927381969545,0.0018742894021133204
2013-10-15,-0.007280398368105344,-0.0006696021693057106,0.007300498898775199
2013-10-16,0.013868955121547339,0.01245377633131321,-0.001536801678475267
2013-10-17,0.0066610550391154886,0.00902850839519935,0.030923704639582567
2013-10-18,0.006731499856413978,0.0021509277400190326,-0.0044834283018233756
2013-10-21,5.801753644251739e-05,-0.003181332938362229,0.0010243461627259776
2013-10-22,0.0057746482351878955,0.011090461864230777,0.018414947525612457
2013-10-23,-0.004800282589107017,0.0038857927046008424,-0.0050381372278342695
2013-10-24,0.0033164462046602174,-0.003885792704600869,0.009358446213496314
2013-10-25,0.004557130909557756,0.0037013780617998616,0.00430184114069166
2013-10-28,0.0015900967617158142,-0.003422721934322013,0.0007661546853194367
2013-10-29,0.005320208936946565,0.0012966495515145818,-0.006069186843828599
2013-10-30,-0.004979233448660305,-0.00603392946475121,-0.001310854659270559
2013-10-31,-0.0028404497970995783,0.0021398475665903634,-0.014455899603027917
2013-11-01,0.002386256800137918,-0.010883925254629357,-0.006203647298539357
2013-11-04,0.003512169481240461,0.000940852350370392,-0.0011034001173000462
2013-11-05,-0.003171693857960792,-0.012020112420983319,-0.0019733992654948685
2013-11-06,0.005092950822342354,0.0004757254536485852,0.00504414218537563
2013-11-07,-0.012724153206096616,0.00843505740297462,-0.008209655231932443
2013-11-08,0.013400872286297494,-0.024359970708260643,-0.015013896979636615
2013-11-11,0.00016937587813226345,-0.003778070538217582,-0.003304423963436345
2013-11-12,-0.002032046409433909,0.004648089382229496,-0.011529892263514105
2013-11-13,0.007991793289357027,0.0036642911993302833,0.00326132807082609
2013-11-14,0.004977270151787111,0.006142715388742647,0.011492504258155503
2013-11-15,0.004341616366152544,0.0020069924690983114,0.00040229335990021333
2013-11-18,-0.003505428390226421,0.00599713055298999,-0.01148785517697459
2013-11-19,-0.0021758628980105554,-0.007621893523797204,0.0004067148534695573
2013-11-20,-0.003133082640179212,-0.017170031886657944,-0.023286477860624745
2013-11-21,0.008036509699640825,0.00165234395312085,-0.0014996278848543561
2013-11-22,0.004990060198829664,0.009282014934044404,-0.00016679957021943872
2013-11-25,-0.0009958958593656903,0.0028823241805746532,0.004492901489940914
2013-11-26,0.000276357840817063,0.0037352220890401744,-0.005327125906487885
2013-11-27,0.002432329730070397,-0.0017218426514311058,-0.0030090344685490583
2013-11-29,-0.0006626140512585596,0.00028714465782981056,0.01032652317938159
2013-12-02,-0.0026007008560329273,-0.0078076622425019915,-0.026189134272709247
2013-12-03,-0.00432931149090826,0.0036709535281267613,0.003226607638787976
2013-12-04,-0.00011131710537169622,-0.009591453924408093,0.016812770063131668
2013-12-05,-0.00440537553895799,-0.0028280766709749966,-0.013934549467759712
2013-12-06,0.01111523324635917,0.00477171705905845,0.00211104147267288
2013-12-09,0.0025386194678335395,0.002329857649244571,0.009820854927032762
2013-12-10,-0.003589565568171094,0.007147600378165414,0.01738884972238615
2013-12-11,-0.01129426349928871,-0.0077285993481899734,-0.00791168691971828
2013-12-12,-0.003307209399575695,-0.0037901324606047695,-0.021493611686152832
2013-12-13,-0.00011169010696239305,0.004856119127439208,0.009172415436119621
2013-12-16,0.0062128473041734526,-0.0036885577452960665,0.0025934275495750453
2013-12-17,-0.0031860705652374,0.004463030500881197,-0.008727091540916273
2013-12-18,0.01692853947219462,-0.005047280668680689,-0.008803924689540665
2013-12-19,-0.0011562630340081973,-0.0009729793881715658,-0.024008388970939976
2013-12-20,0.005800125558614524,0.015272073690451164,0.009707154887455789
2013-12-23,0.005328196764352267,-0.005675861325723991,-0.0031964326223482427
2013-12-24,0.0021886282771356987,-0.008038982808756022,0.004575471214311559
2013-12-26,0.0050712356901505586,-0.003861518280974767,0.005497345915552918
2013-12-27,-5.411900853444379e-05,-0.002844363195910374,0.003249852187408676
2013-12-30,-0.00016340172226437044,0.006851997267034283,-0.014881383746899304
2013-12-31,0.00472222069352035,-0.006361430160881988,0.006306472892281937
2014-01-02,-0.009630329816216164,0.0030395137394791756,0.016060461656273138
2014-01-03,-0.00016371641669386277,0.0,0.01087288650299346
2014-01-06,-0.0029018938695159454,0.004199547272977981,0.001758860402907068
2014-01-07,0.0061226745413099646,0.0025307885272574902,-0.005706631012357315
2014-01-08,0.00021802658045413847,-0.002725762885445985,-0.005908660231014066
2014-01-09,0.0006532806086849999,0.005831910347497481,0.002874262992047153
2014-01-10,0.0027190928049900366,0.011850225616736055,0.015080740254614516
2014-01-13,-0.013394279446473308,0.004968710188730948,0.006299710080651556
2014-01-14,0.010838748519922758,-0.004585841206630111,-0.009381142826874576
2014-01-15,0.005375738055195522,-0.0010533473316462762,-0.0019202320624570302
2014-01-16,-0.001300889950112221,0.006686719665235025,0.001085798819833523
2014-01-17,-0.004238409983522813,0.004179807062742293,0.009471650934748868
2014-01-21,0.0029362355598778183,0.0007582419834238119,-0.01022328125188354
2014-01-22,0.0006518626146294779,-0.0024662877192038234,-0.0042697080909429135
2014-01-23,-0.008227478294899438,0.014051794953532183,0.02157937863834963
2014-01-24,-0.021566888251605982,0.006439691776823423,0.004097023071523926
2014-01-27,-0.004931066091130511,-0.007002177111088738,-0.010935375825426051
2014-01-28,0.005936805345143606,0.0024325680093783076,-8.269303790833496e-05
2014-01-29,-0.009651393910351476,0.008192011138153958,0.012488900176089597
2014-01-30,0.010544571092444709,-0.0028777564470702896,-0.022292903069312663
2014-01-31,-0.005875645091141113,0.006671123420231029,0.0026682222466366365
2014-02-03,-0.022762565526616704,0.012111091630027552,0.010190249127034517
2014-02-04,0.006980582285674044,-0.010667396585226422,-0.002723800407789108
2014-02-05,-0.0012552205778181102,-0.009288783847360142,0.0024764999719102173
2014-02-06,0.013101300443615026,-0.004301936133873201,-0.00041234529928657837
2014-02-07,0.012319137036071477,0.0008437883553574298,0.007641467858454635
2014-02-10,0.0018349870490697833,0.0028047156652607724,0.006120219937763649
2014-02-11,0.010884782527431695,-0.005806841418114739,0.011646867732522596
2014-02-12,0.0004938348794766731,-0.005178438378234419,0.0005627211416357906
2014-02-13,0.0051498076271775635,0.005648594546782181,0.008482745858973658
2014-02-14,0.005503732774002243,0.0005630778766008877,0.01314144676964577
2014-02-18,0.0011948897307504684,0.0022490442774021234,0.001964251246385302
2014-02-19,-0.006644048774830498,-0.004221820168457699,-0.00890931024990728
2014-02-20,0.005884090665633205,-0.0024466810616325103,0.01047791408716357
2014-02-21,-0.0011416885175780831,0.005263275429831996,-0.00015672578637373395
2014-02-24,0.005531176304586576,-0.002534208991406662,0.010991291396995246
2014-02-25,-0.00037837700005085347,0.008889331682794184,0.0017041151320099485
2014-02-26,5.444199990196865e-05,0.005295531208366027,-0.008549765062402548
2014-02-27,0.005233509651654072,0.005452223347012962,0.0007022460492867505
2014-02-28,0.002525695785575558,0.0005525534252124428,-0.00453440072014137
2014-03-03,-0.007056526211592893,0.0066530968440646045,0.02070556372289368
2014-03-04,0.013957624232302915,-0.015156011371986135,-0.012434038231916314
2014-03-05,0.0009059727257388501,0.00213923311989331,0.0016306772285005259
2014-03-06,0.002287484301251629,-0.009898152416848329,0.009881951730484863
2014-03-07,0.0004248175141667424,-0.006306965027532839,-0.008331467261762834
2014-03-10,-0.0005308744967662865,0.0014149100495268433,0.00030987952174799755
2014-03-11,-0.004954751945819324,0.002637054658422164,0.0056372651087014634
2014-03-12,0.0002670933588833172,0.006936741762521203,0.01452509239828917
2014-03-13,-0.011276946705311418,0.013360260453331977,0.00340957412514151
2014-03-14,-0.002811664175911821,0.00018402293316258566,0.006709152953836264
2014-03-17,0.009003117711408147,-0.0074920077864984325,-0.01102985181906253
2014-03-18,0.007112229573272103,0.0036149667295698124,-0.0077786123459218795
2014-03-19,-0.0053432817065666195,-0.007801395469112455,-0.01955919383977943
2014-03-20,0.005822776571393325,-0.0017727459004159291,-0.0017971931407437896
2014-03-21,-0.003886124037614798,0.010775763407207596,0.004759503433198317
2014-03-24,-0.004144145089839087,0.007089319951208807,-0.017985962184133498
2014-03-25,0.004734550147050052,-0.003768835941976362,0.0018211601163198826
2014-03-26,-0.007218127005145573,0.007796998880409945,-0.0079422224405048
2014-03-27,-0.0021109463878139834,0.005013233618612591,-0.006560082119566911
2014-03-28,0.0049182561218843015,-0.00565288943843854,-0.00024080899198659537
2014-03-31,0.008161376111254271,-0.002471354187482183,-0.007656055088048172
2014-04-01,0.00660848262289419,-0.00858333656631829,-0.0017813868735330133
2014-04-02,0.003341131677081112,-0.005762654479600565,0.0075088182006584885
2014-04-03,-0.0013243109255637437,0.004371267498282273,-0.0032227028320670663
2014-04-04,-0.011892595113873394,0.006660491890484475,0.013227188238038482
2014-04-07,-0.011112967404236675,0.0059752003186300685,-0.0052698622747470985
2014-04-08,0.004114165308564199,0.0023798414204272583,0.009402401345718429
2014-04-09,0.010693398487941225,-0.004949449873297434,0.0018224588899723945
2014-04-10,-0.021229556914438813,0.009237659286897173,0.005447472804123671
2014-04-11,-0.009049419404752698,0.008070257580110343,-0.0006300845312460606
2014-04-14,0.007847626583463205,-0.0026219869921457867,0.007221933997910394
2014-04-15,0.006864109373709257,0.006227872259556422,-0.018631632703176887
2014-04-16,0.010422949395486682,0.001259038136700184,0.00039838308299643756
2014-04-17,0.0013958416767682316,-0.011024819258000956,-0.006312705550471783
2014-04-21,0.0034813550295271717,-0.0008185472510645885,-0.004096572985582176
2014-04-22,0.004534530334959255,0.0033594100894368917,-0.0037093751967073626
2014-04-23,-0.002344916134041346,0.005693763650421738,-0.000161562923454372
2014-04-24,0.0020250189947029528,0.0018908047427738653,0.006443284399615783
2014-04-25,-0.008233062286082988,0.001438282230931578,0.0069603285441200615
2014-04-28,0.0031626039884918855,-0.004862491773923709,-0.004394582256213849
2014-04-29,0.004644436998691503,-0.0013543543969851256,-0.00016013969152065024
2014-04-30,0.002978244914238301,0.004149115734136077,-0.00513891756378345
2014-05-01,0.00010600595619673839,0.010670472050109733,-0.0033868120568972798
2014-05-02,-0.0014342284377600989,0.006141219942358975,0.010126217716067469
2014-05-05,0.0019125129293501796,-0.006051525725717332,0.00923282321005491
2014-05-06,-0.008741933308095844,0.004008511845412805,-0.0019032349869848157
2014-05-07,0.0058716904722550586,-0.003562573941342092,-0.014471611157944956
2014-05-08,-0.001065009787508453,-0.004292045707826887,0.0
2014-05-09,0.0014907363198619046,-0.0032304133610715326,-0.0005638997673951992
2014-05-12,0.009689031102187181,-0.0040534794493428065,0.006745961691050962
2014-05-13,0.0008952552518264814,0.00862732456823258,-0.0027250474989195758
2014-05-14,-0.004749448278374252,0.01076991616544035,0.009664218850403477
2014-05-15,-0.00881873694293608,0.007935501643482756,-0.008300797439581266
2014-05-16,0.003462524713360598,-0.002814330151312859,-0.002166299613193375
2014-05-19,0.0036630359012050327,-0.007425655046896646,0.000642378619059264
2014-05-20,-0.006325729221334438,0.002215240562181441,0.0008825820644809731
2014-05-21,0.008389598651130465,-0.006126496734765771,-0.002408890273186768
2014-05-22,0.002429114660340114,-0.001427146507943926,0.0022484453545559245
2014-05-23,0.004000862048306593,0.005338402680528351,-0.0012841805482511725
2014-05-27,0.006127460077749856,0.005839446621125482,-0.02159528357280623
2014-05-28,-0.0007308917646336065,0.012273940486044767,-0.005348719092920464
2014-05-29,0.005159195520160696,-0.005330061405411413,-0.0021474734237060316
2014-05-30,0.0016109148481932639,-0.0004376600365039454,-0.0042259012255481555
2014-06-02,0.0011406862953149608,-0.007461368887971697,-0.006080086737565226
2014-06-03,-0.0005188465542700284,-0.012381845964969712,0.002586503374912596
2014-06-04,0.002021037194273347,-0.00026855299274260386,-0.002085332494818545
2014-06-05,0.006500717594758481,0.00044732268550042985,0.007486945414296175
2014-06-06,0.004771470551397348,0.0,-0.00041449870757462217
2014-06-09,0.0010230588175053346,-0.0014345385057021088,0.0003316000625026315
2014-06-10,0.00010245015414916881,-0.0036858386953049715,0.006114693163497651
2014-06-11,-0.003482552818998152,0.0017999512057561794,0.00016477983735385757
2014-06-12,-0.007105135564402933,0.008861492477081028,0.010079951867740265
2014-06-13,0.003043730559043022,-0.0005350754378213689,0.0026058621978226784
2014-06-16,0.0008240700931695861,0.0024938691809367284,-0.004401351318836742
2014-06-17,0.002775485871895872,-0.007947182910446028,-0.0011442534259886873
2014-06-18,0.00731277338001982,0.007680780392710265,0.0031843210782079717
2014-06-19,0.0011203695710819903,-0.012894647092199176,0.03421674499309155
2014-06-20,0.0020282875651948017,0.0075418926182239795,-0.0034722449435065487
2014-06-23,-0.00030643552558028917,-0.003135473053412156,0.0027629658487138523
2014-06-24,-0.006042044141790116,0.010088453891440717,0.0010243461627259776
2014-06-25,0.0045093172716018926,0.0025725772020570386,7.870619989025702e-05
2014-06-26,-0.000716032630122587,0.004772630632807764,-0.002049460796069654
2014-06-27,0.001942325579651664,-0.0015001895542369555,-0.0005525055816399519
2014-06-30,-0.0005106770700686758,0.002469322422626789,0.010836302664764272
2014-07-01,0.006670865026302989,-0.008407295897480465,-0.002658923525334879
2014-07-02,0.0010144028698036939,-0.01074489348635819,0.0
2014-07-03,0.0049063800004187615,-0.0036075386078444354,-0.004237574298798854
2014-07-07,-0.003487525743168734,0.007291485261783651,-0.0011016368953835223
2014-07-08,-0.006450853620447726,0.011149695230726103,0.00039358536836548694
2014-07-09,0.004474200384168814,0.0007973034641777055,0.006041340057119357
2014-07-10,-0.0039644950034238135,0.00026594442585763144,0.005460634339476959
2014-07-11,0.0013744705370848473,0.00635973999305447,0.001865424919652749
2014-07-14,0.005022077486197405,-0.004324162218551077,-0.024048290991992773
2014-07-15,-0.0018742540408296893,-0.0020355777745033636,-0.0095105807084893
2014-07-16,0.003694443640422214,0.005302382647843019,0.003527077335086919
2014-07-17,-0.011430755353929106,0.012524810884222297,0.01682174981323043
2014-07-18,0.01016738865451331,-0.0032257963880036986,-0.007582368755593338
2014-07-21,-0.0018733045265123616,0.004965374636111468,0.0016635571611118736
2014-07-22,0.004348607585924723,0.0020825742598922503,-0.004760390518762728
2014-07-23,0.002217479256086306,-0.001301357478122685,-0.0009547670752033489
2014-07-24,5.029092453301978e-05,-0.007494177506266517,-0.010161340911870228
2014-07-25,-0.004692356525797799,0.011739482709477993,0.01151369915042729
2014-07-28,0.00040431702145529935,-0.0013843459804021808,-0.0016708368622554031
2014-07-29,-0.004306980942109539,0.0036292371357350556,-0.003030585975810523
2014-07-30,0.0001523496613830654,-0.013984373864810842,-0.0029596079595894664
2014-07-31,-0.01994541167936684,-0.0029785748231533683,-0.011602760367427354
2014-08-01,-0.003060208055720812,0.007710853932940507,0.007991307629640355
2014-08-04,0.007194737868019853,-0.002621978986437363,-0.0031404736308630744
2014-08-05,-0.00974372152598327,0.003232586417433746,-0.0009682492234866406
2014-08-06,0.0003126108903962962,0.0006113576053883437,0.014426758317503117
2014-08-07,-0.005429369903641297,0.009284696470784025,0.004050052304525599
2014-08-08,0.011502296773730257,-0.002161524532042619,7.926565064659302e-05
2014-08-11,0.002893875085601065,-8.668087910246238e-05,-0.0018243380474585883
2014-08-12,-0.0013943176049477925,-0.006514063445956083,0.00023813280255596478
2014-08-13,0.006746580634767237,0.006514063445956014,0.0016654041582138744
2014-08-14,0.004710520575372638,0.008019579768739194,0.0008712575320018362
2014-08-15,-0.00020434035030313043,0.010847588171040935,-0.00659277338198299
2014-08-18,0.00834418739157695,-0.009989232423644287,-0.004152731310402707
2014-08-19,0.005205240882686138,-0.003094440187243714,-0.002243221418003945
2014-08-20,0.0026683003312813858,-0.0016365391679686629,-0.0036962603887065737
2014-08-21,0.0029114201740832353,0.005588414940949832,-0.010845949910482008
2014-08-22,-0.0015549521507639667,0.005557541036956322,0.0025196517444803458
2014-08-25,0.005057464664571508,0.0037439144915588285,-0.003659619235666915
2014-08-26,0.0006490540461638572,-0.00323311160334415,0.0049575510486128994
2014-08-27,-0.00039967703191016014,0.008485377846843216,-0.00024323006176227963
2014-08-28,-0.0005492910844389236,0.005225094636476914,0.005498965061752994
2014-08-29,0.0028442069930233634,0.0006721807259496372,-0.0011296651673684001
2014-09-02,-0.0004985118169286088,-0.0174010310469646,-0.01800381866494826
2014-09-03,-0.0005483982575821262,0.005553069520402953,0.004101728422874365
2014-09-04,-0.0014473903401849297,-0.012257234977108686,-0.005500142384415236
2014-09-05,0.004484936018290726,-0.001899519267312341,0.004763039303479569
2014-09-08,-0.002588562512935647,0.0004320763118970787,-0.010956031965065586
2014-09-09,-0.006351392963593192,-0.0007773350162091333,0.0011589354452107377
2014-09-10,0.0037556448661394065,-0.006330500148010558,-0.005059527219948347
2014-09-11,0.0011488211362893743,-0.00331041654219901,-0.006590779328069263
2014-09-12,-0.005858620508389543,-0.010528596466358004,-0.009165537985610185
2014-09-15,-0.0007534682379394162,0.0014983878952334318,0.002193926623932413
2014-09-16,0.007510562913183734,-0.004059370514903937,0.0016002230258534479
2014-09-17,0.0013456403151001681,-0.002567368244702616,-0.01091520673738707
2014-09-18,0.005315584152003023,0.0031857326258335067,0.0020397581785849142
2014-09-19,-0.000901506056450531,0.012645297724435765,-0.005875628567548555
2014-09-22,-0.007752407129444694,0.001221279508921916,-0.0020517906581858703
2014-09-23,-0.005740724598659043,0.006168434287180076,0.006397974562940498
2014-09-24,0.007797052625550915,-0.005558400030684987,-0.004687802480188137
2014-09-25,-0.01626719330952951,0.011775939296294408,0.002900499681904287
2014-09-26,0.00791430278450451,-0.0014648464214972268,-0.002815116684031948
2014-09-29,-0.0018207462779441534,0.007985040354747137,-0.00025630125106070766
2014-09-30,-0.002635602278255744,-0.005660051739334788,-0.007031410399421769
2014-10-01,-0.01364484711719247,0.019205406512936292,0.004807267982801864
2014-10-02,0.00015443567157468515,-0.008749324031073978,-0.00025693786276910794
2014-10-03,0.010949045958168743,0.004256466972764544,-0.018414155642527203
2014-10-06,-0.001170982247054777,0.0005947615078329948,0.012313702004798997
2014-10-07,-0.015556591503069839,0.013410627935401237,0.002840071033501484
2014-10-08,0.017337977110798746,0.0002509741366207819,0.009494153355036908
2014-10-09,-0.020032413123172707,-0.004364820647826408,0.0014461162700842916
2014-10-10,-0.011480002286417261,0.009878026938725705,-0.00042514180520484993
2014-10-13,-0.01656334735564224,0.006062558312463938,0.007877727689301057
2014-10-14,0.0015459258172266328,0.006518680596209778,0.0005904407146892826
2014-10-15,-0.006789118317200037,0.00786639446001623,0.0033673029177564103
2014-10-16,-0.000858450163062532,-0.0063859346879258485,0.0019310980168237603
2014-10-17,0.011741529644189449,-0.005601415228996217,-0.0019310980168237627
2014-10-20,0.009663161115462589,0.003627684621491758,0.006784273141083318
2014-10-21,0.019616982422201,-0.008015184828673685,0.00183465643646135
2014-10-22,-0.007135826486153809,0.0010785001729086622,-0.0056818361839991085
2014-10-23,0.011557364584319593,-0.008906842343244466,-0.006894837025991361
2014-10-24,0.00766564883232547,0.001002665989928811,-0.0014353713145334821
2014-10-27,-0.0013754017965674477,0.001836252166667308,-0.0024533739338829107
2014-10-28,0.0114053229870248,-0.00627306813839876,0.000338761149914085
2014-10-29,-0.001513452961509016,0.0022630264308788764,-0.01441323656422149
2014-10-30,0.006390125576563821,0.0008362611225252072,-0.010535513585850021
2014-10-31,0.011370368497686571,-0.0025960594965782954,-0.022208494160597073
2014-11-03,0.000545384787184191,1.791352727800149e-07,-0.004537191400506066
2014-11-04,-0.0034750355961431817,0.003105319828158963,0.0006239666286797927
2014-11-05,0.0062960733763617865,-0.0014256364690433008,-0.021891782615057327
2014-11-06,0.00399530859911809,-0.006482529294420424,0.0008193776453400158
2014-11-07,0.0009347784553652925,0.011421705548176344,0.027733471313511962
2014-11-10,0.0031421313861320637,-0.009228500616916713,-0.022468851359662735
2014-11-11,0.0009803165572236192,0.0006744524750754568,0.014202502378614763
2014-11-12,-0.0010779993837200445,-0.0008426651555738158,-0.004831367663167211
2014-11-13,0.001126971755059083,0.002357514041777884,0.0015234861605119636
2014-11-14,0.0002450082320705666,0.004865984776931973,0.024764713533656276
2014-11-17,0.0006358112503777367,-0.002514015538222236,-0.0036758151058755954
2014-11-18,0.005757541955661259,0.002764107027985233,0.008729867518400021
2014-11-19,-0.0016067369984250697,-0.00637833578528129,-0.011979356533504938
2014-11-20,0.0017528489863220431,0.005206511819384991,0.010326514276663132
2014-11-21,0.005336323461402511,0.00601419090290251,0.004603689167085155
2014-11-24,0.002802089134306147,0.0008317343612009676,-0.0024294916878058385
2014-11-25,-0.0007236793639864057,0.00828487834258553,0.0023428067947762364
2014-11-26,0.0025557898956969044,0.0027186799300150315,-0.0019085074799196843
2014-11-28,-0.002121447539545649,0.007869048366106315,-0.026841959934437463
2014-12-01,-0.006974118673294953,-0.005851874073327817,0.03909721071410293
2014-12-02,0.006443120270129056,-0.009759361724885578,-0.012428974377113709
2014-12-03,0.0038553009073953887,0.0038985651248205563,0.010282221622139046
2014-12-04,-0.0011069032912533012,0.008327090381216252,-0.0038758463696522295
2014-12-05,0.0016361275879616265,-0.005846317680625527,-0.012591864202654362
2014-12-08,-0.006704914460143871,0.012148295741001961,0.011728543111015293
2014-12-09,-0.0006779760295856966,0.0051272414513618084,0.020601691573211994
2014-12-10,-0.01616134675090925,0.007278371882314372,-0.0019479434950336577
2014-12-11,0.0050571614258209515,0.004100954344505775,-0.0022915065517861103
2014-12-12,-0.016293603907337362,0.01347142356456127,-0.002381955801053023
2014-12-15,-0.00689311000938452,-0.002061043089905883,-0.026058456631024355
2014-12-16,-0.008051607768765439,0.012300934695592545,0.004883567458748182
2014-12-17,0.019414888679624247,-0.009053608138837436,-0.005933184879209219
2014-12-18,0.024427744644127232,-0.017953232781619782,0.007671599736508545
2014-12-19,0.004245919227062327,0.013356822576603793,-0.0033055430745708814
2014-12-22,0.004589712936186454,0.0013490836482609255,-0.019532501975925175
2014-12-23,0.0013485170632700375,-0.020034743609333702,0.0016866692377105724
2014-12-24,9.635496141251719e-05,0.005428293551042985,0.00026605277109273347
2014-12-26,0.0032192060895989624,0.00370500359538211,0.018102473257655193
2014-12-29,0.0013427786789124837,0.00744745558304889,-0.010153292143778678
2014-12-30,-0.005380629000892412,0.002708776267112025,0.013370224180731385
2014-12-31,-0.009972493764613422,0.0019078278312606898,-0.014162271200273567
2015-01-02,-0.0005355042501477052,0.011056337088227754,0.0043925221460414865
2015-01-05,-0.018224739888636512,0.015587369364708547,0.014964618775983719
2015-01-06,-0.009463171499346106,0.01785643482891805,0.01133448217141997
2015-01-07,0.01238386842796957,-0.0019768170111582753,-0.005908836993974842
2015-01-08,0.017589335707031792,-0.013331747008099262,-0.004217399700950183
2015-01-09,-0.008045686035928498,0.010892692228037952,0.011320872784880804
2015-01-12,-0.007864363731483325,0.0057065006108847904,0.011025431201653892
2015-01-13,-0.002816721021399795,0.0,-0.003379471739693634
2015-01-14,-0.006055291377097346,0.007557324440853978,-0.0016093040146014643
2015-01-15,-0.009202817967698602,0.015613020855245222,0.024864209830664365
2015-01-16,0.013028948016470076,-0.012831566254816825,0.01297967953352017
2015-01-20,0.0021300014924869122,0.013202017431945686,0.013618890362551296
2015-01-21,0.005035811359293266,-0.011626771596363293,0.00024156831944978564
2015-01-22,0.014761451731536042,-0.0036045227400322366,0.008017360134577187
2015-01-23,-0.005498182501941498,0.013822817696513173,-0.008017360134577146
2015-01-26,0.0023390905271932325,-0.0030471261123816867,-0.010031679362329541
2015-01-27,-0.013278177858491011,0.001561933024264753,0.011399158685807192
2015-01-28,-0.012906721626144934,0.016215965872684212,-0.007909034514030033
2015-01-29,0.009200691665503774,-0.006601797150525163,-0.02178803552843412
2015-01-30,-0.012654636781328882,0.017581507175355178,0.022031068542067805
2015-02-02,0.012307838304536717,-0.003782536731221617,-0.008378450604819716
2015-02-03,0.014357559782119663,-0.021393299992641265,-0.011254031870982083
2015-02-04,-0.0038151542861602802,0.001707551129007306,0.004368788786280421
2015-02-05,0.010044459694949586,-0.0110402597586674,0.0017257602352123193
2015-02-06,-0.002769236276084506,-0.017860017602971564,-0.026204564931172653
2015-02-09,-0.004485885539670378,-0.0016054260575110617,0.004457337052542182
2015-02-10,0.010597216739156451,-0.007985620757071049,-0.005891255467082124
2015-02-11,0.0005800798596014498,0.001848466140035948,-0.01188773038576783
2015-02-12,0.009570831757211328,-0.003313976158684415,0.0023036284035265445
2015-02-13,0.00410808539729207,-0.010322041179231115,0.005439474740014081
2015-02-17,0.001571590572661791,-0.01517010261492941,-0.016838734326833547
2015-02-18,9.544899128981254e-05,0.0059224197929656445,0.0028404943034609498
2015-02-19,-0.0007143698441074299,-0.006635489776382729,-0.003444070035884628
2015-02-20,0.005982783705850039,0.002928050002487592,-0.005708895866845205
2015-02-23,-0.00014194228356015907,0.011394057791059483,0.0013003471683988895
2015-02-24,0.00283677328879075,0.013040124202265059,-0.0014738237281034486
2015-02-25,-0.0008501873416981941,0.004309517309196734,0.003810143280624359
2015-02-26,-0.001182191374934026,-0.01376226014352464,0.003192846928133665
2015-02-27,-0.0034120342119283898,0.008372557543257986,0.000775127851616969
2015-03-02,0.006293441283491727,-0.018801853840243677,-0.004140821554351363
2015-03-03,-0.0041123634350422955,-0.0036322478357668727,-0.0018169945131893267
2015-03-04,-0.004224210843421226,0.00031574700252524305,-0.0031225683060647487
2015-03-05,0.0010933639520861076,-0.0012657619890434739,-0.0009560698660537595
2015-03-06,-0.014164315446839547,-0.02234035192387109,-0.027684033513420175
2015-03-09,0.004136229641047745,0.009189358584220963,0.0009828943243309087
2015-03-10,-0.01635500008150062,0.013071505755066973,-0.004924161015297649
2015-03-11,-0.002344459550079121,0.007258626126633341,-0.006031419233618076
2015-03-12,0.012633819460185837,-0.0007074191509002167,-0.0002709060307489861
2015-03-13,-0.006151419800256048,-0.0030727244066374513,0.0014440077763354022
2015-03-16,0.013272377443411237,0.009581705199693834,-0.0006315097549614711
2015-03-17,-0.0029772906385543336,0.008250597114344149,-0.005429372519536195
2015-03-18,0.011950058972584514,0.019118850037205884,0.019409393965783985
2015-03-19,-0.004571737900996457,-0.005109157002234305,-0.0007122036244302048
2015-03-20,0.008787662305352521,0.005261104349195369,0.011334565478751316
2015-03-23,-0.001950423667506489,-0.0012168692880066307,0.006319701703631724
2015-03-24,-0.005634468473296002,0.00962172027457048,0.002446901321801825
2015-03-25,-0.01476245803490667,-0.008481263715129713,0.001395583828601838
2015-03-26,-0.0023841779888734544,-0.01571190163028242,0.006515812793653495
2015-03-27,0.0022869556751020093,0.012360314462765178,-0.0036436736475295383
2015-03-30,0.012126068834197383,-0.004971844796884419,-0.011450652385538355
2015-03-31,-0.008777929698397972,0.002144848626691418,-0.000791489742224147
2015-04-01,-0.00354225361412258,0.013049368493517437,0.016924374949796855
2015-04-02,0.0035907481209235606,-0.010652264348504747,-0.002772001936393702
2015-04-06,0.006710682801738512,-0.005599071400130718,0.012156925637931892
2015-04-07,-0.0026499642058331677,0.008348929699803708,-0.004982843844589143
2015-04-08,0.003371440454085841,0.0003050467568324969,-0.005527256360212914
2015-04-09,0.0044138978445232005,-0.013049008009467048,-0.006952344453191623
2015-04-10,0.005441949608204455,0.001466805311995238,0.011273125412459931
2015-04-13,-0.004533075283405382,0.0013881362608845118,-0.007182773547924921
2015-04-14,0.0019112934934870382,0.007062614605871988,-0.006098084431298223
2015-04-15,0.004477304421040315,-0.0008416748809233807,0.008613598755223903
2015-04-16,-0.00028539606959646904,-0.004989440720576243,-0.0034713349747602833
2015-04-17,-0.011570387211778345,0.011400319279784774,0.004942989742755055
2015-04-20,0.009095762422611063,-0.008864327988765932,-0.007641555546604684
2015-04-21,-0.0011922890568536225,-0.004538303706636152,0.005736617532052148
2015-04-22,0.0049021086692813305,-0.015384011328469619,-0.013524881601083907
2015-04-23,0.002512883174689189,0.0042974865340367685,0.007265135996097461
2015-04-24,0.002318187728147567,0.006217465918200539,-0.014141033700353254
2015-04-27,-0.004166765622091547,0.0,0.01996737439576267
2015-04-28,0.003174113864669424,-0.013887026948274185,0.008633395454348151
2015-04-29,-0.004123456681517745,-0.012330969499910803,-0.007073870774361553
2015-04-30,-0.01007073984861672,0.0017480608789876841,-0.01781862923365432
2015-05-01,0.010782743947840701,-0.013553526649254393,-0.003442946542885586
2015-05-04,0.0028435684091207324,-0.009479360610138087,0.0089796944769085
2015-05-05,-0.01151780596523216,-0.0013855432011354305,0.0028006293425995657
2015-05-06,-0.0041253998583077765,-0.017268676301484216,-0.0005245000462393765
2015-05-07,0.003981446192251651,0.013347699960896846,-0.008253646349355704
2015-05-08,0.013080212446332316,0.0026972360410561533,0.0048375401365222245
2015-05-11,-0.004783962092868463,-0.02462534567029127,-0.003868158154194018
2015-05-12,-0.0029959220720788982,0.0025906604466120796,0.008507714570103646
2015-05-13,0.00019086057105063888,-0.008043202100944146,0.017745568671579635
2015-05-14,0.010373254993346598,0.0026882324742012282,0.005390825055101934
2015-05-15,0.00108365100929506,0.01985204444857174,0.0029823930374759115
2015-05-18,0.003101617574867049,-0.01692004396054477,-8.510645761585739e-05
2015-05-19,-0.00032863882560368684,-0.008906192325329866,-0.013967043221181913
2015-05-20,-0.0007041940438146611,0.0016863538340273524,0.0016381642703537944
2015-05-21,0.0029080214401006692,0.013888972754633761,-0.0033654032062089196
2015-05-22,-0.0023912985426369176,0.0004159268028798815,-0.0007782781051664031
2015-05-26,-0.010810169995883133,0.016964948345591747,-0.014727247977664972
2015-05-27,0.009447308423987135,0.0022835035169185293,-0.00017563013383993815
2015-05-28,-0.0011287501729088886,-0.0024473815152289183,0.0011407772346871212
2015-05-29,-0.006232706132381808,0.002202672615135166,0.0007014013330434771
2015-06-01,0.0020348911174590907,-0.010805671208179773,-0.0008767951003625541
2015-06-02,-0.0009932018110996104,-0.0140498594814575,0.0040269605877943865
2015-06-03,0.002645943206312174,-0.016205760981742874,-0.0071898573672245485
2015-06-04,-0.008482321624390018,0.012935049330284111,-0.0070646979352704175
2015-06-05,-0.0017147299928437136,-0.012254454256725876,-0.005331436918291504
2015-06-08,-0.00616828754905127,-0.0011059788749054151,0.0029358308942225293
2015-06-09,-0.00014406677719011997,-0.007948726020699919,0.002218377951124773
2015-06-10,0.011921902148369468,-0.008790711692247166,0.008473122987024092
2015-06-11,0.003218278584476182,0.020816918057538887,-0.00458066904691928
2015-06-12,-0.007684522016792109,0.0,-0.0002649015739743867
2015-06-15,-0.004294677166086985,0.0016094614954913738,0.004406069740065375
2015-06-16,0.0054370266554939995,0.007841584590956758,-0.0036115754437751487
2015-06-17,0.001615660125047883,-0.007756620384743746,0.004666106837939518
2015-06-18,0.01034567292136299,-0.004921140699342836,0.012829091016651683
2015-06-19,-0.0044489829941464455,0.012761444431814902,-0.0017357836863243674
2015-06-22,0.005110214891312905,-0.020616967051625672,-0.012939534822473103
2015-06-23,0.0007073474843273444,-0.00601920084775669,-0.006621663748214055
2015-06-24,-0.007289306303925187,0.008587231295421594,-0.002661018577875129
2015-06-25,-0.0030449417013264555,-0.003511999195507456,-0.0013331015376761225
2015-06-26,-0.00019078101099579176,-0.011304275207599898,0.0010666233650124298
2015-06-29,-0.02119315928192979,0.026124524429105588,0.004520702131842665
2015-06-30,0.002091095008653898,-0.006956800465491805,-0.006210070886037382
2015-07-01,0.007983837085015677,-0.013590089226799931,-0.003476708463396305
2015-07-02,-0.0009163623050635468,0.003280986820484488,-0.0019665798355693646
2015-07-06,-0.0028498078507591205,0.018365287629685905,0.002680686287387427
2015-07-07,0.0062687698539202474,0.00935089134915697,-0.011668702760757443
2015-07-08,-0.01691936155075702,0.008598878619245512,0.0029749330386005784
2015-07-09,0.0018072459553950787,-0.01989827614184047,0.002427551438613741
2015-07-10,0.012512956617351923,-0.015985419182325447,0.001166679551747385
2015-07-13,0.010976652593571078,-0.0031068542374251503,-0.004494793701909413
2015-07-14,0.004328616655137592,0.0032793651128762715,-0.00225499581251802
2015-07-15,-0.0003321988896748976,0.010541151084963693,-0.005251204440368454
2015-07-16,0.00799216590364946,0.006882085758048724,-0.0036377042236319986
2015-07-17,0.0008476023348829932,0.0051510674649446345,-0.010164462693893107
2015-07-20,0.0005172613647380135,-0.004221420478954966,-0.02752685674211234
2015-07-21,-0.003958950504725707,0.005399392644066791,-0.003126872326802464
2015-07-22,-0.0017961239487288448,0.006206367876362576,-0.005424190670740339
2015-07-23,-0.0056456536355995925,0.01238142578515812,-0.00449483097628429
2015-07-24,-0.010426354401498708,0.00247494611932605,0.009729155735813993
2015-07-27,-0.005834534243890207,0.005339802133264462,-0.004661992801277996
2015-07-28,0.012208599829048462,-0.007319355237378916,0.0015246432799856059
2015-07-29,0.006855335925504673,-0.0037209660388657275,0.0014272948765040416
2015-07-30,0.0002370912156886051,0.007675213832969128,-0.00859441451463339
2015-07-31,-0.0015190010176078337,0.007372578375441752,0.006309807471318708
2015-08-03,-0.0033784388133368307,0.010471185859457279,-0.007941503115089978
2015-08-04,-0.001956352991494508,-0.00796336757903763,0.002015250319480653
2015-08-05,0.0032903733426137673,-0.007534667186593751,-0.003649612745895922
2015-08-06,-0.00822192992016371,0.008839120334503306,0.004416281036678492
2015-08-07,-0.0019216257674072763,0.013032423163349433,0.0024875838994236877
2015-08-10,0.012520433781119042,-0.01246238724604089,0.010172637809864738
2015-08-11,-0.009064056175550228,0.01575465405449773,0.005094839843947383
2015-08-12,0.0011973386877496349,-0.005465847691240017,0.013924787857253812
2015-08-13,-0.0012451706218174856,-0.003228763273462278,-0.008294156742538458
2015-08-14,0.0036358185292507334,0.0023417803588967586,-9.36047567321894e-05
2015-08-17,0.005571124871296136,0.00450783701248993,0.0026170571520377807
2015-08-18,-0.002901030883373777,-0.007901846591891337,-0.00018667516172391786
2015-08-19,-0.007936643585567341,0.009827034780745925,0.013354574963244535
2015-08-20,-0.02110216102513606,0.010049177812212278,0.017261484729986225
2015-08-21,-0.030565036264881554,0.003010607646172966,0.006228253314387141
2015-08-24,-0.04301909928331778,-0.00031624008916440613,-0.005413696203742859
2015-08-25,-0.011837915464772628,-0.016195883698891998,-0.012472236890549283
2015-08-26,0.03767530896418048,-0.019492237797898236,-0.013743752566773907
2015-08-27,0.02443429016576613,0.0005740319903806501,0.0005571512452685862
2015-08-28,5.0085808785772424e-05,0.0029468243133046633,0.00896363798539372
2015-08-31,-0.00811152191863766,-0.007712855915356782,0.0011033722012558356
2015-09-01,-0.030302433616634334,0.007180178657783877,0.00348589711093372
2015-09-02,0.018803087662264156,-0.008642184479989264,-0.005325457471451406
2015-09-03,0.0007161282902086141,0.004865406505246955,-0.00720696468758582
2015-09-04,-0.015252718883408203,0.009089039293712268,-0.0032508130940551347
2015-09-08,0.02482068749000419,-0.014863589980332102,0.0002790454421465056
2015-09-09,-0.013461701268366688,0.004787196609953271,-0.013012113659039884
2015-09-10,0.005426381190987719,-0.006774938991052716,0.002352831601258748
2015-09-11,0.004534290853843219,0.006280681300741586,-0.002070138975493721
2015-09-14,-0.003717176314401252,0.0015642405356592459,0.0005650019663848919
2015-09-15,0.012421635968735297,-0.01935055516235049,-0.003017159470430642
2015-09-16,0.00862943704859219,-0.0037809580984277794,0.013226552172031262
2015-09-17,-0.002250693860074523,0.01213148270675735,0.01019855026531129
2015-09-18,-0.01647601551189083,0.015267268402136793,0.007352256373074212
2015-09-21,0.005154011771964302,-0.01643185714133826,-0.006246004616141289
2015-09-22,-0.013064833724397885,0.013807881902036604,-0.006841722923155944
2015-09-23,-0.001599751947284764,-8.232176154717122e-05,0.00398130520726097
2015-09-24,-0.0036224044367583895,0.0067934970803870546,0.02075879629651289
2015-09-25,-0.00025919865554864806,-0.008683191582271222,-0.006173422414314381
2015-09-28,-0.02541766328883097,0.016967651304266994,-0.012739020432957309
2015-09-29,0.0005849381083037895,0.0028280137888824215,-0.004066501065043471
2015-09-30,0.01848656893360015,-0.0034751964293635324,-0.010426483637297347
2015-10-01,0.0026057140184861717,0.00425803531620037,-0.0012172598628681067
2015-10-02,0.014827350428508398,0.006039353923913117,0.020953802922526705
2015-10-05,0.017638355029872675,-0.013660746985774823,-0.0020205850578978056
2015-10-06,-0.003432309292720828,0.004304491550011617,0.009971303227116472
2015-10-07,0.00815731760637522,-0.0033279399711254594,-0.001457494008134859
2015-10-08,0.008986139236547256,-0.008410110636782084,-0.005117883296347929
2015-10-09,0.0005961661813369759,0.0026200481117020797,0.015726912391542485
2015-10-12,0.0009435809044536921,0.007577089099836539,0.0039607110144831365
2015-10-13,-0.006322188276166405,0.001702532843825287,0.004929015278091239
2015-10-14,-0.004805514473157896,0.008712550044038272,0.017282274992371418
2015-10-15,0.015237776873915723,-0.004911321857331367,-0.004579458875531695
2015-10-16,0.004536118810045872,0.00032252266601975844,-0.007086601152338509
2015-10-19,0.000491855907718301,-0.0027471645839212944,-0.004186912999915291
2015-10-20,-0.0012792030955884883,-0.006168172244624878,0.006318212020552837
2015-10-21,-0.006222988292310431,0.009883456013959489,-0.008910332230671142
2015-10-22,0.01675305181780306,0.0016910978761443909,-0.00035807819279052113
2015-10-23,0.010901496411040839,-0.008566867396607782,-0.0017026075113336088
2015-10-26,-0.0024603202635145667,0.006633806593156114,-0.0006279971024889811
2015-10-27,-0.0019343163045153777,0.00249646009168074,0.002241047948969033
2015-10-28,0.011310241077691048,-0.004029412370259341,-0.008091400160860905
2015-10-29,-0.0005742441359378745,-0.016036885138659192,-0.009614564390769178
2015-10-30,-0.004319393261651211,0.007520609709479897,-0.0038352540915993893
2015-11-02,0.011761571097239996,-0.0046054485833233886,-0.006517134598801595
2015-11-03,0.002895483827329685,-0.008234030107099798,-0.014937356022442439
2015-11-04,-0.0030378579679842407,0.0011567491483933038,-0.009485885776108033
2015-11-05,-0.0009988371748487824,-0.0026459177587034297,-0.0031189650547963797
2015-11-06,-0.0005237767979249704,-0.014764480395986577,-0.014685120688170974
2015-11-09,-0.009375197172286558,-0.00564617969204076,0.0028777291011320622
2015-11-10,0.0023042261082851403,0.0029532918634823917,-0.002109514817878502
2015-11-11,-0.003939564379656534,-0.002108303105167464,-0.00336521129587392
2015-11-12,-0.014058161947191526,0.004801190933725783,0.00019257167853245404
2015-11-13,-0.011291627981009274,0.005698063766874594,-0.002796404320479703
2015-11-16,0.01509220825395808,-0.000919553549074642,0.001447402465342363
2015-11-17,-0.0007294865754986135,0.0016714999843569186,-0.013297966180688193
2015-11-18,0.015741333684307177,0.0020847396785991816,0.0008790738346113607
2015-11-19,-0.0008631858864304533,0.006643434235233159,0.010971489880734318
2015-11-20,0.0036381388469863573,-0.003066985886490108,-0.004548773723664315
2015-11-23,-0.001147277458040015,0.0030669858864901026,-0.008083747042833161
2015-11-24,0.0013384932426703878,-8.236593487155304e-05,0.006627707399357638
2015-11-25,-0.00014351740787905336,0.002314579973572177,-0.004673848365801943
2015-11-27,0.0011459951907565095,-0.0009916135919497207,-0.011879763588946619
2015-11-30,-0.0041603429263326495,0.0039608247804703975,0.006595467871597316
2015-12-01,0.009490706253802496,0.013416931902845923,0.0035259646298247574
2015-12-02,-0.010257684476969784,0.0003251767491674443,-0.015667624313787498
2015-12-03,-0.014101817963854157,-0.027559575936987386,0.010570606410359536
2015-12-04,0.01931530221503663,0.008746369279846455,0.021966035488281806
2015-12-07,-0.006076972783402039,0.009656384517407647,-0.013063212596420425
2015-12-08,-0.006742330903668222,0.0004921360052719768,0.0016544033114080684
2015-12-09,-0.007810143908016376,-0.001067566387837632,-0.0019466324270582696
2015-12-10,0.002577804693094834,0.0013140540358386422,-0.0008772000837340084
2015-12-11,-0.019571618820149767,0.01563558731554431,0.0054458711721541595
2015-12-14,0.00504028284098989,-0.013012308738631326,-0.012884508990749449
2015-12-15,0.01044316169856984,-0.0059117423373053,-0.0026560861191144095
2015-12-16,0.014525880993160456,-0.0021428745940959113,0.012043063036934096
2015-12-17,-0.015355646547184479,0.011241858677672467,-0.022141125877213518
2015-12-18,-0.017975301227007565,0.005533305508630123,0.015207174746719882
2015-12-21,0.008215174592416889,-0.00024370699574418608,0.010819352064225785
2015-12-22,0.0090334608251549,-0.007249892905305649,-0.0052488544876924
2015-12-23,0.012307086124573728,-0.007550348959547133,-0.002928003794366426
2015-12-24,-0.0016519800364756371,0.00571280148752106,0.007206940922791017
2015-12-28,-0.002287586795303132,0.002950579628592784,-0.007597994957113434
2015-12-29,0.010615343741514176,-0.016752857806071143,-0.0006846940847352253
2015-12-30,-0.007112701751608612,-0.0009992246118712075,-0.007661355596264362
2015-12-31,-0.010054263383649634,0.00448832572056579,0.0003943308023186173
2016-01-04,-0.014077833940819994,0.007189249820326014,0.013995827340626326
2016-01-05,0.0016901532127736145,-0.004043245941203846,0.00281458831856644
2016-01-06,-0.012694633247742068,0.013385818101597965,0.014337487598989632
2016-01-07,-0.024283863595354543,0.0017934876229162282,0.014040676150811138
2016-01-08,-0.011037388926415,0.0044679778114083656,-0.0044375394222030354
2016-01-11,0.0009896362101890614,-0.011003562738425846,-0.008934594646018349
2016-01-12,0.008035975272114847,0.014321499803300573,-0.0050729832368576954
2016-01-13,-0.025257412503705588,0.009808989097116137,0.004882048039545079
2016-01-14,0.01628370258749337,-0.009405002652030228,-0.016367021706295802
2016-01-15,-0.02169953958643368,0.015466903601217897,0.01023674024483427
2016-01-19,0.0013302036541313958,-0.003106596383829883,-0.0009612465570264486
2016-01-20,-0.012897852791165471,0.01047514609995872,0.013279386437522704
2016-01-21,0.005586174120959562,-0.006811752181355393,0.00113814976565955
2016-01-22,0.020307701263145714,-0.0038222412074864166,-0.004655791285644273
2016-01-25,-0.015232352811579234,0.005410341560264429,0.010233193541102439
2016-01-26,0.013551271411108765,0.00047602896412124435,0.011341913483231932
2016-01-27,-0.01094288204823411,-0.0002375348277633841,0.0037212948296183107
2016-01-28,0.005195304600913912,0.0014264938760981869,-0.0107362419293496
2016-01-29,0.024085190505513703,0.008441417132500554,0.0038408969118528882
2016-02-01,-0.00036122737885505626,-0.0030668360375913236,0.010232704202856196
2016-02-02,-0.018186564648505443,0.018382176706499397,0.00037006835108891606
2016-02-03,0.005977172641595516,-0.008327672769044872,0.010674654427775114
2016-02-04,0.001566691282158318,0.004833866454525295,0.012009967818587527
2016-02-05,-0.019234053030294945,0.0011660658696636566,0.015703135766193033
2016-02-08,-0.013552164934305153,0.021290953089154404,0.013354185862515874
2016-02-09,5.362310162786415e-05,0.0010642664209769808,-0.002198672852432284
2016-02-10,-0.0008630157019879562,0.008773982500951646,0.007717958411726099
2016-02-11,-0.013093361871944476,0.006979525257085695,0.03940213823727399
2016-02-12,0.02040682198233177,-0.016741538123413672,-0.00589671453081662
2016-02-16,0.01673761126736917,-0.010626446712826138,-0.030800736245396157
2016-02-17,0.01620293918124928,-0.00616794908251525,0.006167287420776475
2016-02-18,-0.004104230831855768,0.012221508041927552,0.024041860433202913
2016-02-19,-0.0004687117961344112,0.0008398469659195278,-0.006020275750380445
2016-02-22,0.014375590864943086,-0.0005345886545752299,-0.01793504091705753
2016-02-23,-0.012710256354524918,0.0040399246993858065,0.014868593832169054
2016-02-24,0.00456572648702406,-0.0019799960822370847,0.003321549590506587
2016-02-25,0.012038358230562093,0.0035752720006656065,0.002632341860518043
2016-02-26,-0.002303766512875695,-0.009691037537326095,-0.006892743647260338
2016-02-29,-0.007873438115622864,0.0043617114712342685,0.012980023419282503
2016-03-01,0.023235001156807236,-0.01776602309386686,-0.007360151335800538
2016-03-02,0.004482093051255705,0.004118526694764391,0.007697256644730053
2016-03-03,0.003911958596500868,0.0036377480647183883,0.017125877155555313
2016-03-04,0.0032486629027519403,-0.006433201722781899,-0.0015750194994792542
2016-03-07,0.0007979462673872723,-0.00031118685739502485,0.004965240864288737
2016-03-08,-0.010977806828123026,0.010984652690391393,-0.0046334482677505085
2016-03-09,0.004927035112505317,-0.006096447192133233,-0.00832782948151173
2016-03-10,0.0008023289436732821,-0.004110459894825763,0.015928644015462578
2016-03-11,0.016008346086621484,-0.010155673996916912,-0.01735128256694606
2016-03-14,-0.0012831638685287053,0.003135623590707457,-0.012980634673388813
2016-03-15,-0.0016309091270536229,0.0009390308663577741,0.0007632306454701139
2016-03-16,0.005770156723827834,0.0029672046051006816,0.02205075556149502
2016-03-17,0.006324300789571278,0.0041238127331648215,-0.0038218648773646413
2016-03-18,0.003921830289167738,0.0020941513824729724,-0.002750755714748547
2016-03-21,0.0014179696147070219,-0.007700707260606621,-0.007036416699314462
2016-03-22,-0.0005374373964523278,-0.00023416595665537093,0.0029378329691904675
2016-03-23,-0.006621636041045809,0.011261412085556095,-0.02289008865862743
2016-03-24,-0.0004428275427927159,0.00038547917547194225,-0.00240404319751751
2016-03-28,0.0005907188199685859,0.0013115048936006802,0.0023182652611009025
2016-03-29,0.009207418906806939,0.010430180817547942,0.01835540705340136
2016-03-30,0.0043781434969604556,-0.010584152574124784,-0.014076410310244578
2016-03-31,-0.0024298082557243908,0.007068218601210806,0.004600850924385841
2016-04-01,0.006788692662125709,0.002605433232171117,-0.006053640735366039
2016-04-04,-0.0032435091682746975,0.0006118635478768882,-0.006692995408569699
2016-04-05,-0.010037654246922257,0.010877039039266796,0.012916668207256437
2016-04-06,0.010862023605810817,-0.007289235280364635,-0.0061381369358647206
2016-04-07,-0.012038397496616561,0.012269059574295691,0.014179801562102948
2016-04-08,0.0026934695069394344,-0.006342875091580128,-0.0015187338768047718
2016-04-11,-0.0023499409896324667,-0.0012881586376734646,0.013419630057020864
2016-04-12,0.00926942443242039,-0.00692656675980597,0.00016664672071527165
2016-04-13,0.010050775035610967,0.003507709259142933,-0.010719526565990727
2016-04-14,4.7730319192915994e-05,-0.004806972103281492,-0.014075152256168354
2016-04-15,-0.0011064536072976495,0.008529428248403496,0.006892743647260424
2016-04-18,0.007002595784332727,-0.004332324395691233,-0.0015276274565966695
2016-04-19,0.0031490736479314954,-0.003126810594990404,0.015506833308651099
2016-04-20,0.0009522425092005018,-0.01106131266488125,-0.005114248016109923
2016-04-21,-0.005392924114723243,-0.005965350689785022,0.003775305036917395
2016-04-22,0.0,-0.0025679819676632117,-0.012894694659209222
2016-04-25,-0.001724108545659461,-0.004137773337131318,0.0028799271415296556
2016-04-26,0.0014853211215723292,-0.0045474687193418194,0.003967367637514969
2016-04-27,0.0020558151625033197,0.009930851999476546,0.002860302869919961
2016-04-28,-0.00911720447877993,0.00411576298765818,0.018724801093336303
2016-04-29,-0.005413707859335099,0.002553155692792124,0.019270626438691787
2016-05-02,0.007916939884497516,-0.010119081778784351,-0.0033213499131697927
2016-05-03,-0.008741143779513974,0.012517156467135963,-0.0022745646099545844
2016-05-04,-0.00559374071253264,0.005470865978903196,-0.006118222826125519
2016-05-05,-0.0001953144441064055,0.006662758682643015,-0.0011462207767798868
2016-05-06,0.003652697861390124,-0.004283536578549142,0.009052054554673597
2016-05-09,0.0008260535173135061,0.003137950291091389,-0.02075289801818274
2016-05-10,0.012356894501001905,7.669556608498508e-05,0.002731465708414251
2016-05-11,-0.009398512026152345,0.0056382350986755566,0.009378919930915114
2016-05-12,0.000290437439016365,-0.004569344377302722,-0.007892173973086844
2016-05-13,-0.008752408324507332,0.009647231456500488,0.004529141979827091
2016-05-16,0.009816857278822647,-0.008655309598956195,0.0007392219670169126
2016-05-17,-0.00937739949882979,0.0016760201772651826,0.003442329123242772
2016-05-18,0.00029295269252636196,-0.014337508928611783,-0.017497993073654197
2016-05-19,-0.0034712507113533702,0.004315065796202994,-0.0019168712488535215
2016-05-20,0.006297949622272946,0.0007687045735052945,-0.001335701516612647
2016-05-23,-0.001364013065745409,0.0022251600714314887,-0.002844207499474105
2016-05-24,0.01287914215281156,-0.004456309884736714,-0.017493154439807392
2016-05-25,0.0067602478207903684,-0.0037799996164013167,-0.002731772964595234
2016-05-26,0.00028666619487746517,0.005165423511465316,-0.003425260387699169
2016-05-27,0.004290160736635045,-0.0014620047291946578,-0.008268772914245718
2016-05-31,-0.0019043801630265968,0.0023843715009436773,0.003798302317157037
2016-06-01,0.002046897325424897,0.0040491066768052544,-0.0010344407576528966
2016-06-02,0.0030390181277771197,0.007181280881677103,-0.002331543491761781
2016-06-03,-0.002991545534713328,0.014135422442023666,0.027373264388307245
2016-06-06,0.0050758142215581595,-0.007458302725935059,0.0003364248669020046
2016-06-07,0.0015601424028042815,0.0024169617639575223,-0.0008412423733233627
2016-06-08,0.003254279409723103,0.005341322552597657,0.014703707887444253
2016-06-09,-0.0013665222431199654,0.006432858319313401,0.005541081570940133
2016-06-10,-0.009522658544945363,0.004833935097943871,0.004033075700703472
2016-06-13,-0.0077418753126462896,0.00444210627786192,0.007365624068488461
2016-06-14,-0.0019687311756864203,-0.0007387675994792014,0.0010594292626908233
2016-06-15,-0.0013949841017634726,0.00383667104404991,0.0073849284570991006
2016-06-16,0.0029799296646821146,0.004848033278730417,-0.01056665171524312
2016-06-17,-0.0037311058574190023,-0.006248356279879054,0.01274729826898987
2016-06-20,0.006419269053802768,-0.010750079532731523,-0.005988024654369792
2016-06-21,0.002834665583340923,-0.004632283868690443,-0.01942288299292089
2016-06-22,-0.0016322989567517652,0.0016464549428243705,0.000496444028716167
2016-06-23,0.012938307940706701,-0.011505065992871218,-0.0065557755937431204
2016-06-24,-0.0365696943002417,0.026493622113338656,0.047873912303474195
2016-06-27,-0.018072220298308805,0.024660240966659985,0.0053823171279899626
2016-06-28,0.01787560543998108,0.002081453525241939,-0.01079376043064916
2016-06-29,0.01688394409850643,-0.007702186482756676,0.004140765999889028
2016-06-30,0.01355334439929473,0.0036785798518996055,0.0049939058952932335
2016-07-01,0.0020982445118865323,0.013789197124419365,0.015223162818061162
2016-07-05,-0.0072192053063378685,0.012442642550067875,0.008220905136956962
2016-07-06,0.005979647729796784,0.0016143736771921165,0.005852881673551483
2016-07-07,-0.0006198840753992206,-6.963088427259235e-05,-0.0037695950478742334
2016-07-08,0.014780542260761956,0.007338789218581714,0.005994014334570738
2016-07-11,0.003520750013150641,-0.008813578029557808,-0.00946861312154938
2016-07-12,0.007237226924272371,-0.016575370000425825,-0.016690387468968386
2016-07-13,-0.00013986245377639665,0.011715810781298769,0.009159697327218079
2016-07-14,0.005567912634348676,-0.014649419603542931,-0.007745045230236175
2016-07-15,-0.0013425834767348565,-0.008633848156484311,-0.003855735167465888
2016-07-18,0.0026839477024135127,-0.0009393863729074227,0.0015755839071671933
2016-07-19,-0.0010172758004544369,0.005625479704042249,0.0013372522657107563
2016-07-20,0.004154567260501816,-0.005480719298525442,-0.01441038163632243
2016-07-21,-0.003784498847604973,0.002022751522246678,0.015117654201499693
2016-07-22,0.004475141502641512,0.0017305890557719017,-0.0074907077787214
2016-07-25,-0.0027198474621431853,-0.0007212246233196403,-0.006989125856947095
2016-07-26,0.00046174797618574507,0.0015856548974869007,0.004215211050825792
2016-07-27,-0.001061957756696464,0.012375909366559116,0.01598269497210111
2016-07-28,0.0011541657925057697,-0.0018503713314224175,-0.00289409340924044
2016-07-29,0.001613216988699012,0.008299154258922735,0.010286811942904156
2016-08-01,-0.0008293364985265762,-0.010900915187910967,0.0018590671194806466
2016-08-02,-0.006427853729877016,-0.01035627658874058,0.008092864929715934
2016-08-03,0.002918386591876138,0.0005785274025123081,-0.004770787598632875
2016-08-04,0.0010635439828927495,0.007486093165313954,0.0016954476164976306
2016-08-05,0.008145447435681996,-0.010452843354468116,-0.018025444010511534
2016-08-08,-0.0005961641734867569,0.0018822809103181597,-0.0008627837547004024
2016-08-09,0.0005961641734867482,0.009788599189369368,0.004072023167431496
2016-08-10,-0.002478045605706628,0.003859952663493703,0.004677994512329687
2016-08-11,0.004630037307307193,-0.008958585844042022,-0.006946906948684773
2016-08-12,-0.0008691516557721566,0.008387575077962556,-0.0021170403750345335
2016-08-15,0.0028793216561965587,-0.009467330325181706,0.003447698256792746
2016-08-16,-0.005170851265717664,-0.0026706921957225195,0.004915970173444719
2016-08-17,0.0018793676101278526,0.0059794706052305555,0.00023348078990268189
2016-08-18,0.0022410380217370023,0.0015797874319062823,0.004735854578729188
2016-08-19,-0.001462981045898657,-0.0052494055707090655,-0.008868887925520175
2016-08-22,-4.601716506812164e-05,0.008399689191259538,-0.0014858453674488508
2016-08-23,0.002011683378960718,0.0010719162566577086,-0.0001565049936259337
2016-08-24,-0.005127858599881121,-0.0023598511637586937,-0.011176864142998198
2016-08-25,-0.0006891205443235383,-0.0038006105612689834,-0.0008709901258544955
2016-08-26,-0.0018849924393872246,-0.005837945410703419,-0.0014269885139346196
2016-08-29,0.004912195410059312,0.013282726025468304,0.001981375674593548
2016-08-30,-0.0016500954433585704,-0.0038589385280626497,-0.01010635477558835
2016-08-31,-0.0028478071051370483,0.0014310652473013901,-0.0020015218438290436
2016-09-01,4.576494957477731e-05,0.001102454589478122,0.004078880664929754
2016-09-02,0.004498190582722208,-0.00818951616865595,0.010164454828507231
2016-09-06,0.0030175999339530075,0.007259363775479704,0.016766351430797802
2016-09-07,-9.109259174685898e-05,-0.0007166132237560385,-0.0034244132039321193
2016-09-08,-0.0022859329342180303,-0.01262062688908647,-0.005315481388614766
2016-09-09,-0.024225795218311932,-0.016611687448691168,-0.006605326760192751
2016-09-12,0.014245668504937956,0.0005166588010415568,-0.0012631537514554386
2016-09-13,-0.014480272137452623,-0.011422537726668413,-0.006657679739988439
2016-09-14,-0.0003751770321109274,0.0014908905538910781,0.0034136523813896856
2016-09-15,0.009943322268450048,-0.004330604850744665,-0.006440074325495675
2016-09-16,-0.003872818620593538,0.00804737970115346,-0.002475784418470438
2016-09-19,0.00018747549068268298,-0.0032703806254737295,0.002076861031546589
2016-09-20,4.621455106140871e-05,0.0034934169703254385,0.0009571124160199947
2016-09-21,0.011183350677903542,0.008054531540454784,0.014483211562644741
2016-09-22,0.006281386060809505,0.007917513279700633,0.0023544435304930274
2016-09-23,-0.005494372227749596,-0.0009496868023680905,0.0006269244831308528
2016-09-26,-0.008135060828857751,0.0063386380974638345,-0.0007836871273146296
2016-09-27,0.006188659999009233,0.007308301754521852,-0.00731797170627855
2016-09-28,0.004951541529591791,-0.0021655377131756053,-0.0031640709801869947
2016-09-29,-0.009088509108856644,0.002526188697979169,-0.001189120004834333
2016-09-30,0.00751759894572826,-0.0089770823149029,-0.0034166360099868506
2016-10-03,-0.00240687458769405,-0.0033062185812374354,-0.002550206163687112
2016-10-04,-0.005110724358034252,-0.011763431326784823,-0.03532787258610445
2016-10-05,0.004415505481674602,-0.004670550681160932,-0.0015718922897908132
2016-10-06,0.0006952188763594971,-0.005588602274749278,-0.009316280206747919
2016-10-07,-0.003435403779289519,0.0006728788981535308,0.0006682890904551575
2016-10-10,0.005195186689213059,-0.00591669289642146,0.003501510836135576
2016-10-11,-0.012710118928187452,-0.0022560125948009146,-0.005089499061391432
2016-10-12,0.0013110553713708215,0.0009782023707868275,0.0015879882252557648
2016-10-13,-0.0032808250066315788,0.003753582562236729,0.0024189937106391113
2016-10-14,0.0005162392405477055,-0.014111454129928792,-0.005597559798283797
2016-10-17,-0.0034781037114038705,0.006363380673870298,0.0026773752071126027
2016-10-18,0.006242689477487676,0.003241835806205619,0.006164100054633751
2016-10-19,0.002663494760120539,0.0008275147821172451,0.005713611741873303
2016-10-20,-0.0018683794039453389,0.0010521834386434034,-0.0030597728971403517
2016-10-21,0.0004672969678702904,0.0015016916217024364,0.0007451585177257722
2016-10-24,0.004243686073075589,-0.004360482301734564,-0.002237080125500534
2016-10-25,-0.003356297843948423,0.0026334378089498435,0.007519794693909835
2016-10-26,-0.0020093516196303686,-0.006785617052547831,-0.0056138205649168835
2016-10-27,-0.0026706514467285166,-0.010953741739027752,0.0018196962666161048
2016-10-28,-0.002959722837628917,-0.0022207614856242204,0.004699292917769531
2016-10-31,4.716029655366785e-05,0.006113954883258832,0.0029566431199742503
2016-11-01,-0.007271825435676089,7.622226944185507e-05,0.006457707460557924
2016-11-02,-0.006036717115905457,0.004341417789033059,0.0073872643657927
2016-11-03,-0.0045876240273277176,-0.007705524538063049,0.005323910740822675
2016-11-04,-0.001102201457362199,0.0089211716956957,0.0007237632468994597
2016-11-07,0.021817133572688035,-0.00853847530240857,-0.01817197611952108
2016-11-08,0.004493947151340394,-0.004065534856583305,-0.004183952404118774
2016-11-09,0.010546128456370424,-0.04335904581519859,-0.0006579098268444278
2016-11-10,0.0024927133552710375,-0.014880332612128257,-0.015001711673606965
2016-11-11,-0.002307680391256957,-0.005638905859830725,-0.022377978717915834
2016-11-14,0.0007849978021760963,-0.00599933235085186,-0.008490234677527317
2016-11-15,0.00777256077680329,0.0049340870640231516,0.008661050768427549
2016-11-16,-0.0018800341560965019,0.008982403847061974,-0.002992914324639575
2016-11-17,0.005127630970226565,-0.014823526296764717,-0.00515153957584098
2016-11-18,-0.002240129576116799,-0.002891881371811222,-0.008818980245606272
2016-11-21,0.0075229314979411935,0.0024790158396819036,0.0037273072140238833
2016-11-22,0.0019509847176978998,-0.0003300800373520126,-0.00034614845492716306
2016-11-23,0.0005442698365164198,-0.0038884743246213665,-0.020019033913875547
2016-11-25,0.0037084603817996212,0.001491374191721807,-0.005667237234161627
2016-11-28,-0.004706042082395567,0.0073391482107051055,0.01051202138010083
2016-11-29,0.0019485530990050104,0.004181460722277799,-0.004668228933024833
2016-11-30,-0.002401827319913105,-0.01633304500647743,-0.013510086082379656
2016-12-01,-0.003682270410615419,-0.010614336842675556,-0.0018809543242076046
2016-12-02,0.0005008196185156903,0.007300245094399178,0.005364806083291903
2016-12-05,0.005990595254225078,-0.0010871650288625358,-0.005364806083291772
2016-12-06,0.0031623178090821333,-0.00075430494802849,-0.0009866853717861235
2016-12-07,0.012996040471897993,0.008508419304278399,0.003583283615967707
2016-12-08,0.0024457971469339624,-0.01186401323266134,-0.0023276835438490475
2016-12-09,0.006022348461563235,-0.01251752380351836,-0.010542046205441346
2016-12-12,-0.0011483112252769138,0.0018712496360088922,0.003797113021044969
2016-12-13,0.006651557647945192,0.0035614523204287028,-0.003344358449500988
2016-12-14,-0.008288495983905254,-0.0112365876070279,-0.01477585370302796
2016-12-15,0.004109036029249184,0.005038308954154798,-0.013785715901107913
2016-12-16,-0.0019578820839827138,-0.002302414406101477,0.006592778565065687
2016-12-19,0.0021749693238943286,0.010698964373267195,0.004985177307786946
2016-12-20,0.0038500275148572573,-0.004995818348482881,-0.007394390217464912
2016-12-21,-0.0027866974901090114,0.004404424953004177,0.0005564603998491446
2016-12-22,-0.0017287617621108847,-0.001789313801851785,-0.0024136861188265224
2016-12-23,0.001463192632729,0.002034914575522213,0.003155199096609045
2016-12-27,0.002477790844214432,-0.003224135002562925,0.00582012137282036
2016-12-28,-0.008298409646361964,0.007281839149880592,0.002759665575201272
2016-12-29,-0.000222930968401737,0.0035373638062945554,0.01305061000633585
2016-12-30,-0.00366179399027111,0.001511742766275545,-0.006184651823121631
2017-01-03,0.007620834215084072,0.004272196456768704,0.00781538513824579
2017-01-04,0.005931629572707184,0.0038374571666025753,0.0035241475629946054
2017-01-05,-0.0007948534074799829,0.015532214825586615,0.015395946803090798
2017-01-06,0.003571367335762849,-0.009224489685957333,-0.007399862806678017
2017-01-09,-0.0033062152663604835,0.007993869394881052,0.008198942430912352
2017-01-10,0.0,-0.0006566131909783126,0.004251209640407789
2017-01-11,0.002822097747956006,0.0033621138698893124,0.003088451356458922
2017-01-12,-0.002513103875026226,-0.0022127227663437843,0.0036058581395100996
2017-01-13,0.0022928236019080085,-0.004769364882719674,0.002630155985373185
2017-01-17,-0.0035296078995357702,0.010414023024739682,0.014257386660884261
2017-01-18,0.00220753298907774,-0.012890730967845347,-0.008495159639561354
2017-01-19,-0.0037109469090351455,-0.006882416407693155,-0.0008709816243124942
2017-01-20,0.0036667640660093715,-0.0019993181856061,0.0024367465635149513
2017-01-23,-0.002605536384491788,0.009955772384139945,0.006411370524106662
2017-01-24,0.006391353978838213,-0.006875590647470091,-0.00450104004040464
2017-01-25,0.008618312620891218,-0.012629960322877169,-0.00827564253844338
2017-01-26,-0.0010460293298518017,0.0033609750785522766,-0.00931545140516917
2017-01-27,-0.0015710984430829477,0.0036012790015183577,0.002028628943019752
2017-01-30,-0.006220981142323438,-0.0030141240223749374,0.004220558088409409
2017-01-31,-8.782275110605401e-05,0.006935083500558446,0.013768096552717091
2017-02-01,0.00039549282319836733,-0.006202533995418338,-0.003033641360264487
2017-02-02,0.0006585733583075006,-0.0004188242780214982,0.005540175253055282
2017-02-03,0.0068691327550414365,-0.0004214560211809015,0.002500332582847749
2017-02-06,-0.001789114001678602,0.006032802147601308,0.013428758731216857
2017-02-07,4.3915363463331144e-05,0.007323169668063119,-0.002041146037959061
2017-02-08,0.001309436260403605,0.013506920411936114,0.006195677380773958
2017-02-09,0.005915167196606691,-0.011601808443654387,-0.0076440113416854985
2017-02-10,0.003938187458078735,-0.0005791567727955908,0.0026395141502793757
2017-02-13,0.005427954456633983,-0.003151474867663132,-0.00682592596717586
2017-02-14,0.003987361139588319,-0.007253186824038671,0.0011123712399388251
2017-02-15,0.005206582533010497,-0.004612727968363255,0.0044372173593291335
2017-02-16,-0.0008516056244992257,0.005449170541591778,0.005349691237603948
2017-02-17,0.00157548242170113,0.00591785464040983,-0.0033932974726115484
2017-02-21,0.005937033093267276,-0.0017466077356549426,0.0005946540100771037
2017-02-22,-0.0008881982266741837,0.0016635888540893343,0.0013579197505681978
2017-02-23,0.0006768905933367657,0.0029877707914479613,0.00869753215772035
2017-02-24,0.001268151957910642,0.011043626760870867,0.006369402264058673
2017-02-27,0.0015617500664356922,-0.0059184901937671675,-0.004857175635850916
2017-02-28,-0.002702946829668852,0.003703355878619068,0.0009230175401251751
2017-03-01,0.013900550029636612,-0.01689854474905029,-0.0014268817535848305
2017-03-02,-0.0063173545658187944,-0.003606095603766909,-0.012508578672613836
2017-03-03,0.0006291462130283663,0.002601046855601664,-0.0005955140219629334
2017-03-06,-0.0029823739396189625,-0.004787443646973439,-0.006745539852068352
2017-03-07,-0.002991145209484496,-0.0030350622680487094,-0.008086086565359004
2017-03-08,-0.0018583539730543787,-0.005419247058021454,-0.006238117890961693
2017-03-09,0.001267284059356832,-0.008012857201105684,-0.005140919622256575
2017-03-10,0.0034982956330852923,0.0035026317553771666,0.0021815968976861885
2017-03-13,0.0005046064307743025,-0.00633143551624545,0.00017429306368713733
2017-03-14,-0.0038340321391916593,0.004795081621748057,-0.005418130142925278
2017-03-15,0.008616325631707632,0.01214069445964571,0.018492494054676123
2017-03-16,-0.001968969417270616,-0.0050758467278108465,0.004120559955210867
2017-03-17,-0.0017575676978688146,0.006257021710747737,0.0022248383768926597
2017-03-20,-0.0010972120666472656,0.004289330643797533,0.004435011725417898
2017-03-21,-0.01292294543299797,0.00827469760315042,0.008727009558066982
2017-03-22,0.0023503606534443166,0.003987220755170499,0.0024434516279076965
2017-03-23,-0.001067702203480464,-0.0014101265866944207,-0.001347399463717088
2017-03-24,-0.0007267285324381528,0.0035629568109154484,0.0015998188263156232
2017-03-27,-0.0010269987757040753,0.004539623484372703,0.005621040603803889
2017-03-28,0.007250668416283231,-0.006692453708593872,-0.0041077969016607725
2017-03-29,0.000934513582736127,0.005951470233610899,0.0024332009503229184
2017-03-30,0.0031790629512163456,-0.008109530200541677,-0.007233005455458062
2017-03-31,-0.0023304191859758673,0.0029033815455695934,0.002108015430704589
2017-04-03,-0.0017406195137231063,0.010036641619589386,0.005292550298656713
2017-04-04,0.0006371745219104636,-0.0054392045582871435,0.0022597345773738855
2017-04-05,-0.0029769607440066287,0.0030532574116970516,0.0
2017-04-06,0.002807282539178128,-0.0014840495975012458,-0.003685116697841802
2017-04-07,-0.0010201029848487416,-0.004051758092011857,0.002346621760815808
2017-04-10,0.0005949923918405734,0.004628639760039886,0.0
2017-04-11,-0.0011903390104003062,0.00943862776979244,0.014378002485395934
2017-04-12,-0.004391525656067766,0.005458445184995501,0.006825356086692966
2017-04-13,-0.006516138111179057,0.0030820692892518666,0.0047420728437496
2017-04-17,0.008820966474382358,-0.0030820692892518584,-0.0029407031136137306
2017-04-18,-0.002988602254601456,0.012994609558803796,0.004733558474010278
2017-04-19,-0.0018405353858531696,-0.005467670636213165,-0.008914361418128501
2017-04-20,0.0081061739437194,-0.0038781846011645606,0.001887609614885789
2017-04-21,-0.0031917658471529724,0.0,0.002865670925194773
2017-04-24,0.010937874809750238,-0.00494981780165161,-0.006809117727285548
2017-04-25,0.0058015781125442326,-0.012112732461323536,-0.010176758825308857
2017-04-26,-0.000629120279167717,0.0055015936931914495,0.004894417227160271
2017-04-27,0.0008389120708511372,-0.0003274640185731077,-0.003730858335881937
2017-04-28,-0.0021820575272939254,0.0022091859863308267,0.003151414614046289
2017-05-01,0.0025168177883078654,-0.008348204789280214,-0.009149943206636764
2017-05-02,0.0003773880171421269,0.005107583550971357,-0.00016711217732273407
2017-05-03,-0.0012153517344018756,0.000657141566554823,-0.014055680078894413
2017-05-04,0.0011732786170954084,-0.0049391201194155,-0.010137688898777003
2017-05-05,0.003929595641113728,0.0009073541376994507,0.0018819613581217375
2017-05-08,-0.0001669120666540723,-0.0054561002197326906,-0.0022245229386793674
2017-05-09,-0.000918440826793247,-8.362865311875026e-05,-0.006013737531638919
2017-05-10,0.0017941604728015216,-0.0011605605863969507,-8.619187440805963e-05
2017-05-11,-0.0020450325982572224,0.0,0.003956305862795571
2017-05-12,-0.0016723150126344184,0.007524960689093859,0.0028286293961141936
2017-05-15,0.005508515633772506,-0.002723031789039456,0.00264989304932151
2017-05-16,-0.0009158462575216416,0.003710850016134619,0.004344332691827055
2017-05-17,-0.017903474280885717,0.014461270023552346,0.018026089242991115
2017-05-18,0.0040206175839502265,0.001135353029923563,-0.008214659464641129
2017-05-19,0.006482838470227016,0.0023470160351156863,0.0049536558166890015
2017-05-22,0.005064491250804308,-0.0027525253000237255,0.004178861021674379
2017-05-23,0.0022102858312838185,-0.006750518010006941,-0.006358807682167539
2017-05-24,0.0023300089760911785,0.00561535456295224,0.003937188086656905
2017-05-25,0.004768238087569878,0.0003243013934368898,-0.0010874337201151904
2017-05-26,-0.00020682988644859338,0.0017024409697848212,0.008832634206008617
2017-05-30,-0.0008692701420043293,0.004927428129802423,-0.0033239313084347183
2017-05-31,-0.000248365711325208,0.0024954268855517095,0.003987406451696997
2017-06-01,0.007920753738097029,0.000104438284980001,0.0008286937780719529
2017-06-02,0.003322860334496389,0.011771054218282654,0.007345383440385594
2017-06-05,-0.0007374195296447017,-0.006228234076423448,0.0009862969865506888
2017-06-06,-0.00320190456445698,0.005432231671462604,0.011191515796581182
2017-06-07,0.0018487604563403074,-0.004791927236428666,-0.005294262319270497
2017-06-08,0.0004922906614197351,-0.0026451159471861906,-0.006554676702975053
2017-06-09,-0.0015190143225961362,-0.0015260986578276344,-0.009166426122606205
2017-06-12,-0.00020557303555861407,-0.0003215597564452246,-0.0014943988172197275
2017-06-13,0.004877939805939968,0.00016043113893501496,0.0009965350816834196
2017-06-14,-0.0012682870636538484,0.01531894649318818,-0.005493177805750778
2017-06-15,-0.0019262738215647596,-0.0015849291785013536,-0.00418165701990386
2017-06-16,0.00021879157063618338,0.001980828621416812,0.00016757431865917162
2017-06-19,0.008290603850371992,-0.0014255918191884928,-0.00765446009733337
2017-06-20,-0.006767354547463775,0.008916326133233624,-0.0021131828104241023
2017-06-21,-0.00024678338769641266,0.0020399947094681087,0.002872805881766109
2017-06-22,-0.00045258236833139055,0.0021926341629208055,0.0033692883509404193
2017-06-23,0.0011934737957341732,-0.00046904328896756357,0.004279445503073095
2017-06-26,0.0006575871824886795,0.0037493182230332466,-0.00899959554685728
2017-06-27,-0.008088475131068093,-0.010738858563727912,0.003794725232620457
2017-06-28,0.008910158684090716,-0.0033155128224546335,0.000757258608664271
2017-06-29,-0.008827460132588161,-0.008416344700193564,-0.004890000706728738
2017-06-30,0.001862769378990165,-0.0023156960733090536,-0.002538742638049931
2017-07-03,0.0016938625492301119,-0.003224463046378753,-0.01648835238074312
2017-07-05,0.0023095152744477833,0.0002407493053220175,0.0036971824767883434
2017-07-06,-0.00918645927203046,-0.008307449899132801,-0.0004291636859008885
2017-07-07,0.006464197157178228,-0.006012396222609651,-0.010269798493159019
2017-07-10,0.001073266910090852,0.001465054978624821,0.0016468254331296226
2017-07-11,-0.0007426343213224484,0.0017079809909454696,0.0012982088742114774
2017-07-12,0.007486396093676251,0.006880160440319505,0.0035397924292921755
2017-07-13,0.0016789663497094338,-0.0063118050369972405,-0.0018115086761426493
2017-07-14,0.004653008784240105,0.0012170373271576703,0.008168900176639902
2017-07-17,-0.00012206687839365186,0.0027528346603794577,0.004443348999716993
2017-07-18,0.0005293742825873679,0.008695158029182724,0.006966890452323186
2017-07-19,0.005399105378585563,0.00040031080386738414,-0.0002540224323477312
2017-07-20,0.00044569211107580147,0.002880752943031201,0.00135406277392805
2017-07-21,-0.000890798762448386,0.004225430429891555,0.008589562474350264
2017-07-24,-0.00024312827638861296,-0.003906265684104108,0.0004191258176561492
2017-07-25,0.002427986632550959,-0.01310381102989675,-0.0032741446924645485
2017-07-26,4.01901056068097e-05,0.0016165989909414,0.008040236804836134
2017-07-27,-0.0009299075519964519,-0.004940435482878314,-0.0007510021513585564
2017-07-28,-0.0011737414973238165,0.0059096572711385366,0.00748507747253413
2017-07-31,-0.0005671322022770469,0.001209906118950521,0.0004969976741389874
2017-08-01,0.0022263951722515363,0.006996480545523084,-0.0008284878144892227
2017-08-02,0.00048514359874927304,0.0005616802266292851,-0.002074259170059369
2017-08-03,-0.0019420594483561368,0.010290617068602428,0.0015767861990997622
2017-08-04,0.0018203510045172906,-0.008528423240473834,-0.007825504639997654
2017-08-07,0.0018578721807771547,0.0011201214654529145,-0.0011707593535363761
2017-08-08,-0.002464287737033442,-0.0036041341678748895,0.0029243323685439523
2017-08-09,-4.0360107548392e-05,0.005441659674163021,0.012024832535234332
2017-08-10,-0.01421564087733666,0.008503343223165953,0.007391636301004261
2017-08-11,0.0014758110935168365,0.00047455482238885805,0.004734717669981235
2017-08-14,0.00986430812129493,-0.005154654250642755,-0.007110509708619983
2017-08-15,-0.00012165300750665072,-0.004222442922865226,-0.007739806493235807
2017-08-16,0.001742779430646053,0.003665858803916703,0.007329654945785988
2017-08-17,-0.01571370436234426,0.007449951091484571,0.005074451187161252
2017-08-18,-0.0015644424783564485,-0.00023715151974776854,-0.0015523089133794997
2017-08-21,0.0007825634032140607,0.00244545290430364,0.003754179507042542
2017-08-22,0.010402778606352404,-0.003867891041896789,-0.004490378194735464
2017-08-23,-0.0035919973128886997,0.006778063520030997,0.003756939159508119
2017-08-24,-0.002333347036804818,-0.00369807882010178,-0.003102527430184758
2017-08-25,0.002333347036804801,0.0038556283166739586,0.0036729988686282277
2017-08-28,4.0875992678717923e-05,-0.0006287041125136157,0.015762397031869272
2017-08-29,0.001144209362722161,0.0032175583903855413,-0.002167752218151974
2017-08-30,0.004726561507762032,-0.0003136068955889252,-0.0004823342716563527
2017-08-31,0.005997948342430974,0.0029736299960776346,0.011671721617894353
2017-09-01,0.0014130367691866288,-0.007678679909899987,0.0019056530015576626
2017-09-05,-0.007207897819258909,0.01573352121240586,0.011044617985341777
2017-09-06,0.003408123456287596,-0.006154013205098366,-0.005112698708954078
2017-09-07,-0.00012154690515372563,0.010183781729736193,0.010355527635419215
2017-09-08,-0.0011755967471060102,-0.0021678158196185905,-0.0012495406412696415
2017-09-11,0.010609553671123725,-0.012009907007716938,-0.014007143976598416
2017-09-12,0.0033650468941972857,-0.0052699328006755326,0.0029277577169540335
2017-09-13,0.000479566787633574,-0.003951346508183982,-0.007534611170577271
2017-09-14,-0.0003199436780067644,0.004108969540650999,0.004369098124020519
2017-09-15,0.001345507806143044,0.0003941055273244573,-0.005006207576558888
2017-09-18,0.0021245644534275006,-0.005771135065035999,-0.009364174007229185
2017-09-19,0.0010006215202206764,-0.0024605781144109136,0.002088539057238403
2017-09-20,0.00036011885502092736,0.0007149675023566332,-0.008056762706663206
2017-09-21,-0.0026828850778152255,-0.0005558136070723686,-0.007633024715442955
2017-09-22,0.00020032884752888542,0.002856590199940442,0.0045543146609353605
2017-09-25,-0.0020465341720283378,0.006240292629587471,0.01041298453601274
2017-09-26,0.0006024683801941466,-0.001812846712799769,-0.011224726404076811
2017-09-27,0.0038867008223613065,-0.015182772710217542,-0.009464790137827282
2017-09-28,0.0011991118728460575,-0.002967641774588183,0.0018837445698112896
2017-09-29,0.003508778715005199,0.002246601729687605,-0.0051683715774128456
2017-10-02,0.004329064689214409,-0.0018330757462373317,-0.006684614889873803
2017-10-03,0.0021379935611992,0.000965531095942832,0.0004967317019956395
2017-10-04,0.0011857251724015998,7.992746765874811e-05,0.0028098889387879367
2017-10-05,0.005907903025663418,-0.003784310492174411,-0.005378816723625571
2017-10-06,-0.0011396983417623918,-0.0028281084437282136,0.0047183541150492775
2017-10-09,-0.0016525043309112315,0.0031503255303793496,0.008142542011554031
2017-10-10,0.0026348429267874537,0.0016116854010631532,0.002617800009600174
2017-10-11,0.0015698746795449726,0.0019310461936187504,0.0031812040839063376
2017-10-12,-0.0014913980396998093,0.004250740391916683,0.0008140547013934963
2017-10-13,0.001216665781726173,0.007176823630036118,0.007539254296557061
2017-10-16,0.0013327763480384938,-0.00071520344581135,-0.006888462515220647
2017-10-17,0.0007047641682315078,0.0012715042676918046,-0.006854404417199568
2017-10-18,0.0009783164406545518,-0.006613062908668951,-0.0037735819439878113
2017-10-19,0.0002736311986218955,0.00175697825062513,0.005900215657301968
2017-10-20,0.005147081886539106,-0.010670511780471311,-0.006393454395473306
2017-10-23,-0.003896768041896931,0.0017725355651717328,0.0015611723194451613
2017-10-24,0.0017554488724260792,-0.00621835183783503,-0.0038662591759729935
2017-10-25,-0.00496247452457626,-0.004791901524889237,0.0001647984431062872
2017-10-26,0.0012917455550913747,-0.003343081669776647,-0.008440935931398883
2017-10-27,0.008142895391263295,0.0065946663732844284,0.0047257865747334146
2017-10-30,-0.0037319405522274647,0.00952886468872639,0.0019005561122998722
2017-10-31,0.0015563843735971613,0.000321213296754018,-0.0038047944426046506
2017-11-01,0.0013217219752885017,0.004442730472659878,0.0036396966611634005
2017-11-02,0.00038822155745550294,0.004399315616048851,0.0006603535530684753
2017-11-03,0.003333013446163862,0.0027099054697918416,-0.0047144513322975885
2017-11-06,0.0015466285916118981,0.003734114594781291,0.008502950979344039
2017-11-07,-0.000695693634550871,0.004193799576644142,-0.0036235108435323914
2017-11-08,0.0016995655398763562,-0.002213616272873512,0.003459056119704665
2017-11-09,-0.0036342670728674465,-0.0028529495347061765,0.004102401645100611
2017-11-10,-0.00031019303930492054,-0.01519436556758144,-0.008221702339946372
2017-11-13,0.0009296804646525689,0.0020928896083028128,0.0014849063034307734
2017-11-14,-0.0023253141098332837,0.006731777584850085,0.002058715307154061
2017-11-15,-0.005017878936104266,0.010804023077287924,-0.001234670245587114
2017-11-16,0.008464956372608214,-0.008729502211107359,-8.238652462762423e-05
2017-11-17,-0.0029428682438209027,0.007385473231879384,0.011954609509226865
2017-11-20,0.001704764135615807,-0.00039558218285447495,-0.012696268046166224
2017-11-21,0.0065215430481173065,0.0031607528526436655,0.001647348843739489
2017-11-22,-0.0008848395759447883,0.0032297674205109105,0.009175087875408043
2017-11-24,0.002306826448342178,-0.002756241919166686,-0.0025311102507151856
2017-11-27,-0.0004992993193839799,-0.0014208590697008968,0.004160741332319787
2017-11-28,0.010093768174647615,0.00134190170632401,-0.00016287471547679085
2017-11-29,-0.0006088518013860557,-0.009907744596421766,-0.006289558392421287
2017-11-30,0.008716939769291797,-0.0033511083910309557,-0.007732229391441411
2017-12-01,-0.002077485559008466,0.013404435528914703,0.0040380612309282235
2017-12-04,-0.0012110116858740582,0.00047428354223209336,-0.003377653154607993
2017-12-05,-0.0036030646364237765,0.004963223227406184,-0.007122188370048705
2017-12-06,0.0001899589817403074,0.0034519018207041854,-0.002079954164184071
2017-12-07,0.0031481255929488245,-0.007862662900068235,-0.013246352701112026
2017-12-08,0.005438620438500703,7.863107740365828e-05,-8.43525069872456e-05
2017-12-11,0.0030082779246209126,-0.0020544630468549607,-0.003974813553107367
2017-12-12,0.0017633722329692169,-0.0003954321893727365,0.0011856318079057743
2017-12-13,-0.0001128525498602944,0.007489083721430072,0.008596013189973703
2017-12-14,-0.004094138133386675,0.004231807182766997,-0.002015942432484809
2017-12-15,0.008292606017740227,0.003747032695037623,0.00209987057429634
2017-12-18,0.006321325044413889,-0.009157600326797166,0.004604277886820867
2017-12-19,-0.0038477742461667523,-0.013058514403894005,0.0007513783425439744
2017-12-20,-0.000523962078490444,-0.0111350675310572,0.0026671102328525206
2017-12-21,0.0020573473898903597,0.005811323560221494,0.0014140004111240193
2017-12-22,-0.00026154531226229964,0.0013635212703138769,0.005222850279184247
2017-12-26,-0.0011969734155284233,0.0029613037238893198,0.006839416919106556
2017-12-27,0.00048656139980202237,0.012940853168537367,0.003770551302149118
2017-12-28,0.0020552479622614394,-0.0008675769472977716,0.0050595432932777126
2017-12-29,-0.0037776294255617475,0.0015777003840955267,0.006490919761210391
2018-01-02,0.007131860371182112,-0.010858241306003547,0.012058023762451863
2018-01-03,0.0063049924036048775,0.004769843558233868,-0.0026403330092135157
2018-01-04,0.004205985394627517,-0.00015877725296041428,0.005114278310262769
2018-01-05,0.006642169123592371,-0.0028592535896735825,-0.001036702137934486
2018-01-08,0.0018268333934080606,-0.0006363184712209556,-0.0001596255390370604
2018-01-09,0.0022610722927751763,-0.013463281497909988,-0.004639219643041588
2018-01-10,-0.0015309672560843877,-0.0012105151097589397,0.002402270692406848
2018-01-11,0.007269420386045027,0.004110626774505353,0.003273877321212141
2018-01-12,0.006497920393351358,0.001687967921049504,0.012044492942167013
2018-01-16,-0.0034242796595065784,0.004167590850206277,0.001652690627169873
2018-01-17,0.009486616533345522,-0.0013601801457733516,-0.008132363237354055
2018-01-18,-0.0016824423475938113,-0.009333846664814347,-0.002222213448585594
2018-01-19,0.004539270680666538,-0.005268114383508052,0.0044394996120163946
2018-01-22,0.00809830065213586,0.0009750869516902348,0.0018177059354296304
2018-01-23,0.002120027087489633,0.004293027431817912,0.004961985943158681
2018-01-24,-0.00038811791261939065,-0.005430321008843423,0.012104345577545294
2018-01-25,0.00042354485525576826,0.00817500650257302,-0.006697849027902464
2018-01-26,0.011511313974741163,-0.003714477336991874,0.0007811756386790387
2018-01-29,-0.006652143569045231,-0.006983159283599676,-0.005637857183470335
2018-01-30,-0.010309722940564424,-0.005884060809737661,-0.004328123373076199
2018-01-31,0.0004966387035183414,0.005884060809737705,0.00668108957049156
2018-02-01,-0.0011357754972042015,-0.01459877581196671,0.0032848909860550284
2018-02-02,-0.022010611630668007,-0.009322376691746553,-0.013204686797240324
2018-02-05,-0.042722296669394304,0.009405291075362684,0.0025286437555192493
2018-02-06,0.019510916607319462,-0.006233063857208974,-0.01055189964568088
2018-02-07,-0.005439716939305089,-0.009548437871419218,-0.004716772083453344
2018-02-08,-0.038230576457261335,-0.001094593165635158,0.001521419504394612
2018-02-09,0.014909882767407375,-0.006339566562177484,-0.0016817358427458674
2018-02-12,0.014577570846063833,0.004400102550163325,0.0047973715177869495
2018-02-13,0.0024842476481245317,0.0044640304750711126,0.005647253596785453
2018-02-14,0.013406070346489673,-0.011155262194028235,0.0169088525197643
2018-02-15,0.012679851557807308,0.003393012854692912,0.0011691607653979673
2018-02-16,0.00029224127698691517,0.005406395539839439,-0.0032769459911664296
2018-02-20,-0.006280706846660855,-0.004390399846657165,-0.013532867750937797
2018-02-21,-0.004986366637474486,-0.012343812602286865,-0.004604964057785746
2018-02-22,0.0012953372610164454,0.0029930522266782104,0.005080177401414419
2018-02-23,0.01581322297157551,0.008843390902325846,-0.0012676571223934087
2018-02-26,0.011545351142385828,0.00033824718469615455,0.0024545525850455277
2018-02-27,-0.012565019442577052,-0.001439736888369584,-0.010493774054732095
2018-02-28,-0.010181668236057474,0.006336267826127953,-0.0010394376248337527
2018-03-01,-0.014647350196781567,0.00680302431571383,-0.0022425027652310265
2018-03-02,0.00514173662337512,-0.008162684494202203,0.005357640797750738
2018-03-05,0.011491455487318577,-0.0027076716273456937,-0.0016761714003699012
2018-03-06,0.002531955663930926,0.0009314154106966236,0.010726720619181963
2018-03-07,-0.0003664531299689541,-0.0011010080777831166,-0.006422202914569186
2018-03-08,0.0048273172707099295,0.005745860363166449,-0.002389131123572836
2018-03-09,0.017252659721865377,-0.006593007223789836,0.000956349666608725
2018-03-12,-0.0012560325906463231,0.00575013689958067,0.0
2018-03-13,-0.006483878881406573,0.005046762944949374,0.001909899228192024
2018-03-14,-0.005144730564436625,0.008770886108030711,-0.0006362480921955626
2018-03-15,-0.001090153653067777,0.0,-0.0063846619697597
2018-03-16,0.0010836346283859806,-0.003582474241773925,-0.002404835241203122
2018-03-19,-0.013622680271256347,-0.0031766195426997604,0.0021646240154515875
2018-03-20,0.001699559819860802,-0.004027722599290997,-0.0044947919586221805
2018-03-21,-0.0019211281892228685,0.0010928065471455734,0.017305793278474
2018-03-22,-0.02531499749492615,0.00986021266017326,-0.0039610286020946425
2018-03-23,-0.021545106632820776,-0.0007486610372591783,0.01285555168848731
2018-03-26,0.02699193374923604,-0.003835495388068305,0.005236622780197456
2018-03-27,-0.017158382552046034,0.010636232549636375,-0.006177451915059315
2018-03-28,-0.0029592480857144176,0.002640949477354771,-0.013901136089334824
2018-03-29,0.012696909530641155,0.004852112674333252,0.0004770798243684067
2018-04-02,-0.021821263490206296,0.0019712884724412127,0.01161839746199109
2018-04-03,0.012735484912661422,-0.007743095014898268,-0.0075722010717776825
2018-04-04,0.010642290920991102,-0.0020686368806983645,0.0011868954626521053
2018-04-05,0.00786102435889424,-0.007485489142018321,-0.005153580456720969
2018-04-06,-0.022537864007675445,0.010876112145372038,0.004678991304775993
2018-04-09,0.004916231008511699,0.0016505736223855858,0.0033963960355940744
2018-04-10,0.01577543365937383,-0.001815271508257658,0.002362787969159084
2018-04-11,-0.0052559651759645455,0.003545152581428952,0.007757730797944395
2018-04-12,0.008193514685609592,-0.007351342912859936,-0.011698777825105413
2018-04-13,-0.002937549509644981,0.0023187194199875403,0.00653361006986455
2018-04-16,0.00818813098379918,0.00033018267466021115,0.0014113245973425364
2018-04-17,0.010641566482926622,0.0027253047444858835,0.000939797609092718
2018-04-18,0.0007401171317770024,-0.008031039480894554,0.0007824607184664891
2018-04-19,-0.005563211823453755,-0.008179257382154918,-0.001957330849889553
2018-04-20,-0.008515561740924294,-0.007234086996436476,-0.007630932179694891
2018-04-23,-0.000149726316847672,0.0002535326205855165,-0.008007927882251619
2018-04-24,-0.013558900972653483,-0.004568221645770955,0.004844167468111617
2018-04-25,0.00246854947558487,-0.006720252225064214,-0.006517267321502421
2018-04-26,0.010114433114063584,0.006975212921664679,-0.0035146807713917604
2018-04-27,0.0009380275606525662,0.007683313314373455,0.0042320403061771
2018-04-30,-0.007720078287496275,0.001764587353702014,-0.00727744165435215
2018-05-01,0.0017752815551554443,-0.003607944743596047,-0.007088207443339079
2018-05-02,-0.006740180221876047,-0.0010986120697168307,-0.00048510316641562344
2018-05-03,-0.0022061076075069706,0.004471014321900256,0.005082068394914099
2018-05-04,0.012863134373130527,0.0015141493753331222,0.0020898820929316714
2018-05-07,0.0033776574836305935,-0.0015978563683447667,0.00024084765259023235
2018-05-08,0.0,-0.0009269188126454302,0.0001605124693187213
2018-05-09,0.009619151959622489,-0.005999511447229447,-0.002088981225264128
2018-05-10,0.009307614050949091,0.008019578444107684,0.006813368242228766
2018-05-11,0.0030466650531983186,0.002519932328860676,-0.0014389666321499815
2018-05-14,0.00047622323388347515,-0.005298413000527932,-0.0040883630684626394
2018-05-15,-0.006910600756897058,-0.011447940070428804,-0.016277595476396185
2018-05-16,0.004196228216014458,-0.0038451504310705277,-0.0015524980696371136
2018-05-17,-0.0008452645982324458,-0.005064227074225742,0.0005722435830601718
2018-05-18,-0.0025031828261785666,0.008568717847246467,0.00040857173330558584
2018-05-21,0.007490320897311289,0.0005112791914843508,0.0005716827532715196
2018-05-22,-0.0027840845297035493,-0.0015362910869595554,-0.0005716827532715781
2018-05-23,0.002747707611114726,0.007233216953081553,0.0010614187645907496
2018-05-24,-0.0020507368156442796,0.00793888487488172,0.00853209120176816
2018-05-25,-0.0023857907982305945,0.00620505526529647,-0.0030793967645780895
2018-05-29,-0.011567673085279362,0.02166618268838222,-0.00016231041385129715
2018-05-30,0.01325649308803963,-0.006730052572615082,0.001460093554237964
2018-05-31,-0.006144669766171153,-0.0016487749851514365,-0.0021909715513725716
2018-06-01,0.00977006942669064,-0.005298214213075164,-0.004967644235411557
2018-06-04,0.004739882348514633,-0.007257919755060784,-0.0009801121170807511
2018-06-05,0.0007276934229727395,0.002341662020694354,0.003914822104047846
2018-06-06,0.008325410092348638,-0.008135618862202293,0.0005696358194504353
2018-06-07,-0.00010786200131007799,0.009638326495467179,-0.0004882216623280107
2018-06-08,0.0029517431211703938,-0.003007350640669201,0.0012201695433653895
2018-06-11,0.0013292662235555774,-0.0018423511627045058,0.0017868849442266759
2018-06-12,0.0012916009548169973,0.000251325719985114,-0.003332688774722517
2018-06-13,-0.0031959003647081285,-0.0005026329108502918,0.003008032375587246
2018-06-14,0.00251453893382078,0.008265401257666666,0.0015411027282310494
2018-06-15,-0.0012767090705813509,0.0009140040645441814,-0.016672509186741995
2018-06-18,-0.0020589874230040827,-0.0009140040645441788,-0.0018972637609840908
2018-06-19,-0.003840152594227254,0.00580353083159268,-0.0025629178089953803
2018-06-20,0.001704611248787605,-0.008801203259432675,-0.0044802273887545
2018-06-21,-0.006288521762266306,0.005240125207701848,-0.0017477352868705306
2018-06-22,0.0018216104396939943,-8.312292510806174e-05,0.0024126912728642744
2018-06-25,-0.013706518515638573,0.00223810530531571,-0.003746388732216758
2018-06-26,0.0022118137603790223,0.0014060956715232335,-0.0052686490212925504
2018-06-27,-0.00831894255408028,0.009379441887094919,-0.005718147886604777
2018-06-28,0.005701132425257762,0.0002456433041750538,-0.003040547998821346
2018-06-29,0.0014386405931084347,-0.0034443492824100764,0.0036306900201949913
2018-07-02,0.0021359439820009393,-0.0007826864181010605,-0.010080153442110952
2018-07-03,-0.0035375936302971386,0.005341966775222379,0.010080153442110855
2018-07-05,0.008124724189257625,0.002864960759581978,0.0033656028250155126
2018-07-06,0.0084227663914689,0.0032641311475406303,-0.0015972634935638506
2018-07-09,0.008964167439461615,-0.006457141754188978,0.002436881277559937
2018-07-10,0.0035921800379665994,-8.188973444192153e-05,-0.0018481290459546572
2018-07-11,-0.007341576592960067,0.0038469088482199713,-0.010905978807671088
2018-07-12,0.009024991354433015,-8.19791873414022e-05,0.0041565812124297165
2018-07-13,0.00078719542434981,0.002529280878983701,-0.004411618657356192
2018-07-16,-0.0008945601697669851,-0.004164309731007385,-0.0005102701051305093
2018-07-17,0.004037282896743544,-0.0018836936770924477,-0.010862735754725461
2018-07-18,0.0021014362968618514,-0.004025285031316803,0.00025795416772476286
2018-07-19,-0.0037786747447558855,0.006318125804723449,-0.004308123245285948
2018-07-20,-0.0011435272222586066,-0.01234476379034193,0.006455244826308788
2018-07-23,0.001857737825568716,-0.012415408583864574,-0.004815949835095058
2018-07-24,0.005019047190347629,0.0034317323857505095,0.00034477603659500224
2018-07-25,0.008486559784898646,-0.0015886921208254203,0.00550018047205447
2018-07-26,-0.002361805413073138,-0.001926776983847253,-0.00782971239395345
2018-07-27,-0.006799227357227282,0.0016753572321218382,0.0005181795313150905
2018-07-30,-0.005237432618828165,-0.0034381455310430274,-0.001555212880989931
2018-07-31,0.004917159519417522,0.005445704862470221,0.0029355602050311473
2018-08-01,-0.001671861466560994,-0.00818066062894969,-0.007355188129705078
2018-08-02,0.005432951545202054,0.0014342141833707622,-0.0053993230298752665
2018-08-03,0.0042757425241874815,0.004961009015710491,0.003486767260953241
2018-08-06,0.0036602083164058966,0.0005870140222457362,-0.005147198608389075
2018-08-07,0.003297001147571531,-0.005210700890924706,0.002271488910587502
2018-08-08,-0.0004206096360193522,0.0010102224377996308,0.002788736658924094
2018-08-09,-0.0013668862198038779,0.008383224671020975,-0.0014805645831976347
2018-08-10,-0.006722680872404282,0.007236337081832615,-0.00043582289228197795
2018-08-13,-0.0037504154912169478,-0.0020738250405129112,-0.015199092023381782
2018-08-14,0.006360278715752653,-0.0022448920367508338,0.000973327608104041
2018-08-15,-0.0074951046147603406,0.0058095851253933935,-0.016766621575930757
2018-08-16,0.008058593667155846,-8.27052618603073e-05,-0.0008097887609237462
2018-08-17,0.0035142976109273027,0.0012405028860901805,0.009228205066865915
2018-08-20,0.002137731931795905,0.006672715409775966,0.0049818196508907165
2018-08-21,0.0023425040227096038,-0.003371838288712248,0.0029240568705197916
2018-08-22,-0.0005938356606564311,0.003946548522274664,0.0022095550764809732
2018-08-23,-0.0013287307587903168,0.0015579241822583996,-0.009491353686729823
2018-08-24,0.006000408024438502,0.0019649048428055154,0.017318039357996126
2018-08-27,0.007864339417942047,-0.005741140024039522,0.0037595032326643405
2018-08-28,0.00048299307143813555,-0.006021201143489366,-0.007973022006627225
2018-08-29,0.005366284128655579,0.0013229375438803689,0.0045637840256251986
2018-08-30,-0.004057064293492585,0.0021458677151334825,-0.004915718883921124
2018-08-31,3.499381776249827e-05,-0.002311921049905611,-0.0011445940280617694
2018-09-04,-0.0017241271642904777,-0.005798174101004991,-0.005122797149079999
2018-09-05,-0.0026950645478594783,-0.0026694711922989126,0.003447511831347845
2018-09-06,-0.003014071580377608,0.003669232419559785,0.0019395335367870974
2018-09-07,-0.0019454937381051028,-0.008525856717813049,-0.0027340278330774677
2018-09-10,0.0017371239830334792,0.0036866581370211785,-0.000706792407982718
2018-09-11,0.003292017983689213,-0.007639756073177253,0.0006184538252070439
2018-09-12,0.00024234476778363276,0.002356885435457759,0.008355710260063364
2018-09-13,0.005896986650205276,0.001512102268460345,-0.0035975648169408914
2018-09-14,0.00017190572266835224,-0.004796297683976702,-0.006526220333750846
2018-09-17,-0.005308771097982516,0.0,0.005206771454576303
2018-09-18,0.0054118765928128755,-0.010515009590367068,-0.0014974516487718237
2018-09-19,0.0010651178275456797,-0.0059846338629296735,0.0038711539862427546
2018-09-20,0.008071191492301207,0.0046200063515216775,0.0034188014897895418
2018-09-21,-0.0009141130652353632,-0.0004272364672499507,-0.0068493312914384265
2018-09-24,-0.003328025312791401,-0.002564523905069479,-0.00017621292914007548
2018-09-25,-0.0009280570820439838,-0.001028284461985821,0.0015850681638403528
2018-09-26,-0.0029967532347553918,0.007002963657970698,-0.005293338005935142
2018-09-27,0.0027905196433053933,0.0006806377766006753,-0.008884998236125718
2018-09-28,0.00010341791484375529,-0.00263997333795013,0.0063164577082286105
2018-10-01,0.003468474496896371,-0.007368043858195806,-0.0016864375351172442
2018-10-02,-0.0005833595731430962,0.006093959665026257,0.011482223287117932
2018-10-03,0.0005485751249952224,-0.017523854167717283,-0.003959744500981412
2018-10-04,-0.007846373252943788,-0.007078953937595096,0.0005289130805079614
2018-10-05,-0.0056124541760110055,-0.008631955252770567,0.0028159089867124108
2018-10-08,0.0,-0.0033671755744181563,-0.011133826368821452
2018-10-09,-0.0014605608771551142,0.010067872569470561,0.0005329800140063239
2018-10-10,-0.032175731482317976,-0.0027280012036007615,0.0024835810584159217
2018-10-11,-0.02227235917603596,0.012086568974065494,0.025366544894876334
2018-10-12,0.013792732622639825,-0.003488606739402244,-0.0047616679491750925
2018-10-15,-0.0056329345762561244,-0.0004366901120094178,0.006660030947980057
2018-10-16,0.021630474170165385,0.0022700734951555768,-0.0017255996137757622
2018-10-17,0.00017823201979894014,-0.005947886185808275,-8.637796161615032e-05
2018-10-18,-0.014546499716779517,-0.0003509299616343203,0.001122068685606197
2018-10-19,-0.0005424429353434761,-0.00219591570357778,0.0007761304849288288
2018-10-22,-0.004499065779460731,-0.0013200038314721788,-0.0025893597255193914
2018-10-23,-0.005103952560080586,0.003165035958036029,0.005859562733875961
2018-10-24,-0.030766792914742436,0.007521078548327321,0.0023171370069294235
2018-10-25,0.017781251058868776,-0.0041905746210977165,-0.002231204310531111
2018-10-26,-0.017743588935496518,0.006018506358124979,0.0031736109331066205
2018-10-29,-0.005555585734046683,-0.002263694618718603,-0.003947139978932357
2018-10-30,0.01470955687440908,-0.00498075867004997,-0.004394427867848015
2018-10-31,0.010624087154471745,-0.005093622138957373,-0.005628951974666804
2018-11-01,0.01058566289893411,0.0009262916285921783,0.01277086763550321
2018-11-02,-0.005940313038561102,-0.012510336163032924,0.0001715043948444399
2018-11-05,0.005501670360766426,0.003920898340756289,-0.0024032178261358607
2018-11-06,0.006307743613106721,-0.0006228746405177515,-0.002839826579174042
2018-11-07,0.02118314561619825,0.0013336571689847197,-8.61993040877103e-05
2018-11-08,-0.0018164304393490116,-8.855255291496722e-05,-0.002156939731312277
2018-11-09,-0.009816400506819584,0.007438161288019993,-0.011291663536045476
2018-11-12,-0.01886189358546299,0.006507116768936768,-0.007188596482678694
2018-11-13,-0.001873044000046934,-0.000613694894122945,0.00035180582721631255
2018-11-14,-0.00686014722127425,0.0006136948941229798,0.008233404279793029
2018-11-15,0.010382775968085914,-0.0004381822829815145,0.0011333182475063862
2018-11-16,0.0025970328638310097,0.005770417718160783,0.0073788789662288
2018-11-19,-0.017059261851154667,0.0027858147178094197,0.0004323180677422659
2018-11-20,-0.01867917069679936,0.0003481947411201565,0.0
2018-11-21,0.0034015421535269212,-0.00034819474112030436,0.001641277459165227
2018-11-23,-0.0067012682333891,0.0010432164565038439,-0.0007771357154266267
2018-11-26,0.01601533276924441,-0.0022603793049594772,-0.0011235233509469095
2018-11-27,0.0033588276462312543,0.0011307864252276894,-0.005984687209490868
2018-11-28,0.0227643701052692,-0.004881187308635237,0.00373378036345705
2018-11-29,-0.002187455253244002,0.003924180332730889,0.003115272664463216
2018-11-30,0.006076780840854448,0.003735238572187532,-0.001729479411524255
2018-12-03,0.013154414284390443,0.007075526939131816,0.007501675441848404
2018-12-04,-0.03293870639258981,0.016603170195857702,0.006080599945141696
2018-12-06,-0.001518367858052906,0.003135763519436708,0.00017072178718187972
2018-12-07,-0.023510136264582503,0.00185916376091207,0.008077219150826301
2018-12-10,0.0018949575478309417,0.004129652633022527,-0.003477935715567025
2018-12-11,0.00022728141633339364,-0.00016786735801244278,-0.0011903699128753065
2018-12-12,0.00502293106165716,-0.004468694008349093,0.00212467676965701
2018-12-13,-0.00033916816514592286,-0.0023685433144563493,-0.0022097759847801487
2018-12-14,-0.018637328070840283,0.0034665750822694946,-0.004007006751401848
2018-12-17,-0.019813523822013075,0.005807148136231156,0.0068957425332182515
2018-12-18,-0.0010970335944096958,0.005970667818566639,0.0023726710074086807
2018-12-19,-0.015088888835742763,0.013124201060628287,-0.0061126025718981495
2018-12-20,-0.016411863052350265,-0.003637471351484334,0.015295836918707156
2018-12-21,-0.02070239746385398,-0.0001660299672810939,-0.004370461193212718
2018-12-24,-0.026778272729161893,0.004958195577700427,0.01089057789030817
2018-12-26,0.049289824023493294,-0.010773094715985062,-0.003003949025405859
2018-12-27,0.007647995792722201,0.00016643886899777075,0.0075760760319352385
2018-12-28,-0.0012907755838793419,0.008378572948631459,0.004055775698519239
2018-12-31,0.008720772257765411,0.0037928354148354026,0.0015682595209626012
2019-01-02,0.0010396342392516287,0.0052532705699496135,0.000659591337713554
2019-01-03,-0.024152129746466224,0.01131516318857226,0.00902531942317299
2019-01-04,0.03294697332387701,-0.011643102591828172,-0.008119106827353268
2019-01-07,0.007853830481362106,-0.0029522079056434492,0.0034525160778516237
2019-01-08,0.00935140503941424,-0.002631697123112276,-0.0027117139907279018
2019-01-09,0.004662666344399536,-0.0015661005924839163,0.006397649700215412
2019-01-10,0.003521362334399193,-0.006454159509122154,-0.005904086348646452
2019-01-11,0.0003860597735301603,0.0038942583052137603,0.0017256811414607263
2019-01-14,-0.006119577717549615,-0.0037285864851057905,0.002378067354322114
2019-01-15,0.011395797683793434,-0.003658246219906781,-0.0017215161032263467
2019-01-16,0.0024167892006430177,0.0009993289660223126,0.0031947551186356582
2019-01-17,0.007558330595374339,0.0002493969893032277,-0.0013094038577051105
2019-01-18,0.013222024107913713,-0.005255416703153114,-0.008966489387798326
2019-01-22,-0.013602564768358132,0.006752246784495619,0.0035468368649853345
2019-01-23,0.0020903075102329254,-0.00041552601496622275,-0.0014007184915951448
2019-01-24,0.00053099442639188,0.006543925675277039,-0.0015678713054947328
2019-01-25,0.00842600583808175,-0.004800655317688921,0.014511460180241248
2019-01-28,-0.007629199713270031,-0.000995623035229984,0.0034938106026215594
2019-01-29,-0.0013278005512034254,0.005053032923664695,0.005580978043920208
2019-01-30,0.015706783047582232,-0.0007438775627119606,0.005710387238117351
2019-01-31,0.008743913917856368,0.008563237076903433,0.00048105804332541224
2019-02-01,0.0004814490226332249,-0.006058157847348804,-0.002006018726865743
2019-02-04,0.0070106073605298354,-0.0044745095666529735,-0.0043467903708823
2019-02-05,0.004183256865821963,0.004557255576084073,0.0025781491687657575
2019-02-06,-0.0013190366223817176,0.0004959370003064301,-0.006781846869660092
2019-02-07,-0.00957854959427219,0.006588129327909185,0.0024273450059934865
2019-02-08,0.001220587561207106,0.004259075064374035,0.003791101346321012
2019-02-11,0.0005544812391262333,-0.003930730598003952,-0.004923141507008373
2019-02-12,0.012777745022686488,-0.0025471200856665675,0.0021013677593768472
2019-02-13,0.003241484637322138,-0.003791242435893459,-0.003963908091330168
2019-02-14,-0.0022204779059099805,0.005681644314533943,0.005577307519395154
2019-02-15,0.010838158839343708,0.001558737357038322,0.005947180522781207
2019-02-19,0.001729331746551341,0.0025382044690858557,0.015109582852092095
2019-02-20,0.0020134536198213385,-0.0028658604746422196,-0.0017378437981698566
2019-02-21,-0.0035623580885704533,-0.008978911316524438,-0.011370537714508392
2019-02-22,0.006180846260108982,0.005940159260551447,0.0035920768439101198
2019-02-25,0.0013602058688942963,-0.0029663005276902217,-0.0010363715360959395
2019-02-26,-0.0007158057359150466,0.004938407256076995,0.0016736332310033522
2019-02-27,-0.00042959477554355504,-0.011393869823596345,-0.00711234367844341
2019-02-28,-0.0018639787996690882,-0.0034104464984682516,-0.005629776625606553
2019-03-01,0.006224027091869918,-0.009285914034198395,-0.017163968380321165
2019-03-04,-0.003643873893885657,0.007807106334248604,-0.0026289836177433583
2019-03-05,-0.0013612192112889227,0.002088635527180202,0.0013153870929190252
2019-03-06,-0.006074992412018208,0.0036645948291079648,-0.0009041270457165541
2019-03-07,-0.00840084852922428,0.006463472726500925,-0.0008226265106168819
2019-03-08,-0.0020018627413294163,0.004204438333327915,0.010886084259377201
2019-03-11,0.01439650019801294,-0.0029661047028117556,-0.004896357818091546
2019-03-12,0.003764588977738051,0.006988196363227333,0.006035459879402026
2019-03-13,0.0065971673641973165,-0.0018861557050914655,0.006968612448215201
2019-03-14,-0.0006399543021352828,-0.007249387529805957,-0.011614284265949192
2019-03-15,0.004928118568862782,0.0065925053879863915,0.00456433710702197
2019-03-18,0.0036197981047160965,-0.0005752241430140358,0.0005690800870331783
2019-03-19,0.0002477391255180779,-0.0022210735746625593,0.0027594883221057557
2019-03-20,-0.0030149001149027918,0.010406325488974423,0.006463126873942885
2019-03-21,0.011231867297279003,0.0021981054581706213,-0.004034541087699915
2019-03-22,-0.01943363281976811,0.015415372284059491,0.0023420233902432335
2019-03-25,-0.0007527663205212909,0.0016006220670422232,0.007633907060241407
2019-03-26,0.007426649421625726,-0.0007199858238713406,-0.0049754946888428755
2019-03-27,-0.0052429156332881935,0.009160409810279033,-0.005243016760484571
2019-03-28,0.0037834124590962223,0.003482212260318533,-0.014253957303041619
2019-03-29,0.006285582076536481,-0.0009485609850998675,0.0009019770912032663
2019-04-01,0.011789267506315839,-0.0143054334519584,-0.003941890257643701
2019-04-02,0.0004898283894354576,0.0018472814804430728,0.003695988550420936
2019-04-03,0.001572188476038669,-0.00870560756540628,-0.0014767440573913667
2019-04-04,0.0026501658017973983,0.0028296384701920305,0.0025419025120261784
2019-04-05,0.0048286128816320715,0.0012908760742562097,-0.001065158454634802
2019-04-08,0.0007620480411843364,-0.003553560470662618,0.004335552354601057
2019-04-09,-0.005138449551163032,0.0031504799651270302,0.005210460213684454
2019-04-10,0.0034055741788859804,0.0024165861813625453,0.0030808947099307334
2019-04-11,-0.00027758619259002766,-0.005891143762791795,-0.012872932029622242
2019-04-12,0.00674334047516422,-0.007148020483672415,-0.0009844542413608548
2019-04-15,-0.0006553474406342234,0.002524257549721635,-0.0018896884121835308
2019-04-16,0.0006553474406341325,-0.0062813095460076416,-0.009004202217837268
2019-04-17,-0.0024504481710452366,0.0004093069965974564,-0.0019104067944000637
2019-04-18,0.0019675775109027037,0.005221145985120454,0.0007480072379889946
2019-04-22,0.0008613514619811256,-0.004812551756275828,0.0
2019-04-23,0.008951898063923953,0.00212380640082442,-0.0020790892290242957
2019-04-24,-0.0022222296024818435,0.008125455343260042,0.002909503431152912
2019-04-25,-0.0006161944171164732,-0.0014578306449914385,0.0008297251865102907
2019-04-26,0.004646173160968862,0.0033981764802284,0.006613259149985578
2019-04-29,0.001566301423863536,-0.006401317017963266,-0.004459139554905491
2019-04-30,0.0005102456685814113,0.005108145859377528,0.003057434262503009
2019-05-01,-0.007544864998705789,0.004116574064321098,-0.0066225029075604345
2019-05-02,-0.0021608105691278785,-0.004773464176633016,-0.003827907452540267
2019-05-03,0.009740416089146482,0.002834596081866012,0.005902166622599615
2019-05-06,-0.004123898061136735,0.0027458452689659058,0.0013252386046357174
2019-05-07,-0.016841016959520373,0.007631923070413162,0.0033055276063594123
2019-05-08,-0.0013899662923302092,-0.004331254654890295,-0.002478073455137969
2019-05-09,-0.0030307490108453087,0.004091222403875382,0.002395550981643927
2019-05-10,0.005011096900229193,-0.0013617548303857363,0.0018959191232165698
2019-05-13,-0.025451294314383463,0.007824832235668783,0.010159840539079522
2019-05-14,0.009003094327610218,-0.0029471268650942913,-0.0017133695443152437
2019-05-15,0.005840137771628536,0.006123229342458942,-0.0005717761663673002
2019-05-16,0.009218561818414185,-0.0033350743847467505,-0.007216080906090217
2019-05-17,-0.006485963957852837,0.002224668633937114,-0.007102776783024275
2019-05-20,-0.006633822181860193,-0.002065696726555154,-8.290551782707826e-05
2019-05-21,0.00897519652122044,-0.0015920693562135573,-0.0023236423674714048
2019-05-22,-0.0030763624378282984,0.005719204501219769,-0.0009975291545631813
2019-05-23,-0.01229380295353059,0.011184824013797938,0.007704775453647589
2019-05-24,0.0022656089376859962,0.0008612903330802674,0.0010723379767872785
2019-05-28,-0.009343671640074248,0.007173933591917676,-0.0038822269155751525
2019-05-29,-0.006733652378173731,0.003025808632399557,0.0003309964016131658
2019-05-30,0.0027275562914112115,0.008561601759043275,0.006761236816409685
2019-05-31,-0.013566886498367714,0.012441673527827818,0.013386857013473643
2019-06-03,-0.0025460921452205355,0.006666909885739738,0.014329650783140814
2019-06-04,0.02147426630874118,-0.01146691927528475,0.00031967486235552026
2019-06-05,0.008624928040336387,-0.005667659246650904,0.002553665830468566
2019-06-06,0.006481528743327651,0.0032207382020882666,0.0032623544765036684
2019-06-07,0.009957183212535707,0.008614397681735352,0.005624438342681366
2019-06-10,0.004578519839560763,-0.009457109213033268,-0.010003215486538885
2019-06-11,-0.00024204697856409599,0.0006131893465790449,-0.0011975692988471266
2019-06-12,-0.0017669254846428592,0.0007652322163031196,0.005179100221238763
2019-06-13,0.00411774495106356,0.003437438431765586,0.0061006935016299476
2019-06-14,-0.00110562115683643,0.002513597969053634,-0.0003160129284807664
2019-06-17,0.00038048197391668504,0.0017480067864900021,-0.0006322652864021801
2019-06-18,0.010416297515745259,0.0049994519649573235,0.005047324392238259
2019-06-19,0.002254748588962739,0.0014343393969451779,0.006038970838080658
2019-06-20,0.009508959861295014,0.002637488302182023,0.024866155493817887
2019-06-21,-0.0014546773786026708,-0.011047541017342623,0.00661369341666817
2019-06-24,-0.0012250619209231788,0.007428854727661305,0.014741593126273352
2019-06-25,-0.009856416300073204,0.0030916734038066384,0.0019392450876947497
2019-06-26,-0.0009979233786693853,-0.006420039887303877,-0.009207653748305768
2019-06-27,0.0035392397369333893,0.007022093271699684,-0.0009781791081800058
2019-06-28,0.0051331911682265564,-0.0006773534111007731,0.0027063662544696662
2019-07-01,0.00903723958078292,-0.002341772441140114,-0.019559428102497136
2019-07-02,0.0026008754669398153,0.007684196050319765,0.02113481354805423
2019-07-03,0.007963361515920083,0.007103018453990126,0.0016477026920105947
2019-07-05,-0.00113827279412308,-0.013351415685934195,-0.011212861349998495
2019-07-08,-0.005510288059928911,0.001358545705592114,-0.006453396174434407
2019-07-09,0.0012456942368043239,-0.00037748637452820365,0.0034976216131429347
2019-07-10,0.0047669460702290485,-0.005521987287849995,0.015664164068756106
2019-07-11,0.0023413568730579815,-0.01344053756085615,-0.008479433149487648
2019-07-12,0.004466869390636213,0.0011529631790943133,0.006235244213343071
2019-07-15,0.0003329785536800431,0.005742646119286044,0.0
2019-07-16,-0.0032310194876179806,-0.0029818888665174665,-0.008498565150237166
2019-07-17,-0.006827825404757443,0.010739734505156738,0.01633123396202252
2019-07-18,0.0036542544342207535,7.597822233915864e-05,0.01401922107283276
2019-07-19,-0.005570374855597251,-0.0023513255636562714,-0.01483691752503857
2019-07-22,0.00245301418818765,0.0018970204444292158,-0.0001487748968767623
2019-07-23,0.007124511696563683,-0.005472584446556773,-0.005668654760058427
2019-07-24,0.004688546121237503,0.0043345166494505325,0.005073447292028362
2019-07-25,-0.004788159548938939,-0.004791811805344811,-0.007095118991376651
2019-07-26,0.006677837304598158,0.002361032163291837,0.00164757936404381
2019-07-29,-0.001823247715543605,0.00030407176961770864,0.006637600502192369
2019-07-30,-0.0024575876705319522,0.002430185190265961,0.0033393742390960437
2019-07-31,-0.01100063696493831,0.0080085589484945,-0.013199706898717264
2019-08-01,-0.008746332381366186,0.019665455195466915,0.0237382025873749
2019-08-02,-0.007557649728113651,0.009199762037692938,-0.003819352910475418
2019-08-05,-0.030534653473377398,0.017139907635416743,0.013885007839557597
2019-08-06,0.01392547324189366,0.007961082959528094,0.008095529492025941
2019-08-07,0.0005909671417839665,0.0003575126983438791,0.01507548681526026
2019-08-08,0.019429716455028955,0.002140173677839383,0.005022054446004403
2019-08-09,-0.006834684937477249,-0.001997433826307537,-0.003321683939870917
2019-08-12,-0.012248452493712949,0.020635088085696796,0.009651773675578623
2019-08-13,0.01543214223210569,-0.0034332286439547007,-0.005977346952418699
2019-08-14,-0.030013572438563486,0.0222796783365025,0.00681829671908825
2019-08-15,0.0026382964989215114,0.011058018579138332,0.006632923311853109
2019-08-16,0.014647520499329584,-0.008042130816013177,-0.00642279632319684
2019-08-19,0.011975438333714415,-0.014406254665264698,-0.011765243129746363
2019-08-20,-0.007691934346020128,0.01029161034399888,0.007765153200510364
2019-08-21,0.008102401424374168,-0.006688162630090907,-0.0031694374885161206
2019-08-22,-0.000307892461170258,-0.006662177366473591,-0.002542737809443374
2019-08-23,-0.026022987238796546,0.016300644559448706,0.0194004358255685
2019-08-26,0.010997547714260902,-0.0040504647594552115,0.00013874512727632068
2019-08-27,-0.003931180493405166,0.01529125839938385,0.009525229640210546
2019-08-28,0.00701678384462565,0.0012865871135461927,-0.002820513317677276
2019-08-29,0.012691960333812572,-0.003796630957479395,-0.007190355573252848
2019-08-30,-0.00044423169932719626,0.00027193232730201547,-0.0025705723222454796
2019-09-03,-0.005864364305714225,0.0012914547621467128,0.013817145553141903
2019-09-04,0.01128680349663901,0.0014940121108094953,0.006224182405113975
2019-09-05,0.01277326759295485,-0.018276321833773056,-0.02429383958928248
2019-09-06,0.0007718778468932776,0.00708992627814996,-0.008559662387184017
2019-09-09,0.0005030432174278229,-0.017925572482298608,-0.0037414803722944866
2019-09-10,-0.0002344416631413042,-0.017682609884458664,-0.008594766463448816
2019-09-11,0.007085854402598949,-0.0017795142608935323,0.0060453662250154515
2019-09-12,0.0034576678968150265,-0.00657176796848267,0.0020542492696135994
2019-09-13,-0.000664198745835673,-0.021590661841239495,-0.008313640257218174
2019-09-16,-0.003093474672518462,0.012662926850596948,0.008313640257218249
2019-09-17,0.002528716310084774,0.005409644442635114,0.001979350045407386
2019-09-18,0.0005980688060936646,0.004234754114479158,-0.006305141849164153
2019-09-19,-6.639691515622643e-05,0.0030031513466817154,0.004042645700960864
2019-09-20,-0.004735774803666515,0.01312418447672788,0.011751169204553406
2019-09-23,-0.0002353369992004386,-0.0002113331779806895,0.005580782257567522
2019-09-24,-0.007877491510590194,0.011982107672389107,0.00527299162043293
2019-09-25,0.005897269864684858,-0.014735311554908327,-0.018719501081169466
2019-09-26,-0.002085556884383607,0.006412567309963341,-0.0002821278180384957
2019-09-27,-0.005401513132141512,0.002454543588384769,-0.005161727926224835
2019-09-30,0.004627057693094648,0.0024493907571178954,-0.015647105922203676
2019-10-01,-0.011965737994608908,0.0030061741700867983,0.005457893373498284
2019-10-02,-0.017822901045180438,0.0024399498139838606,0.011606023170116823
2019-10-03,0.008159659043826895,0.00908051673195973,0.004520416059329575
2019-10-04,0.013441471756323662,0.007356399370810114,0.0
2019-10-07,-0.004323911704971743,-0.008323040071467442,-0.00856363541098911
2019-10-08,-0.015646474972957264,0.0026905151332781087,0.00870459991703739
2019-10-09,0.009451137338881149,-0.005664886777499995,0.0009156241246349503
2019-10-10,0.00674101958407773,-0.015006689038556759,-0.008767683192965708
2019-10-11,0.010313372887034523,-0.012454401583869519,-0.005554769940672898
2019-10-14,-0.0011144160259684139,0.00723705214491875,0.003991150393420187
2019-10-15,0.009851712090972789,-0.012161976797029964,-0.0069950016712766044
2019-10-16,-0.001607232676888436,0.0012161578935764093,0.005713914835703777
2019-10-17,0.0029447166948018333,-0.002432784516862787,0.0014233647353723328
2019-10-18,-0.004386770979818841,0.0,-0.001067306413452129
2019-10-21,0.006756464608401664,-0.0075513251397763105,-0.004781550075213642
2019-10-22,-0.0032725810918102166,0.005830268519281376,0.0029287043785159624
2019-10-23,0.0029056528689397213,0.0010038876151274444,0.002351027592914482
2019-10-24,0.0016324325167295381,-0.0020095282743618726,0.007090719694468963
2019-10-25,0.0040866825931128205,-0.00489696705748727,0.0023289599557340403
2019-10-28,0.005620762374267763,-0.009137584105811714,-0.008637230479381003
2019-10-29,-0.0002966240105573026,0.0006557399773347102,-0.002776885194246242
2019-10-30,0.003062765378256421,0.014527530248589394,0.005475210184932403
2019-10-31,-0.0026671750540835965,0.013400190437728105,0.009948844935468628
2019-11-01,0.009221143603592948,-0.0030828116412967435,0.0009123470738276627
2019-11-04,0.0040097026207356655,-0.013248790492943249,-0.0028801514371747305
2019-11-05,-0.001106592009154507,-0.011310635643873142,-0.016312331868591004
2019-11-06,0.0002276985459043259,0.006033900941573405,0.004281068530555171
2019-11-07,0.0035109486136192577,-0.018284691396330113,-0.015643205521891117
2019-11-08,0.0024628178354035397,-0.004216709876976482,-0.0063847338065501705
2019-11-11,-0.0019114881722064557,0.0006678775373303426,-0.0024048241483873045
2019-11-12,0.0021056889278200245,0.0045817976009129,0.002695874927586959
2019-11-13,0.00032369325773987757,0.006467631449753828,0.003994072881030811
2019-11-14,0.0014546706879588144,0.010276545104585514,0.004194711040663475
2019-11-15,0.007210302144360869,-0.001088552467564139,-0.0025291110010524226
2019-11-18,0.0007372689785748829,0.0018135055354693082,0.002962025072169786
2019-11-19,-0.0002882249740187653,0.008297984777754746,0.0005049030061831341
2019-11-20,-0.0037257430133521316,0.010294633532745552,0.0005045382424530197
2019-11-21,-0.0016103703225316076,-0.006278236909861214,-0.005492097356825017
2019-11-22,0.0022214278127372995,0.0012868822483411062,-0.0018857951599790925
2019-11-25,0.0077205434453142,0.002926951687131728,-0.004803179633254922
2019-11-26,0.0022628362504351716,0.005826728135094355,0.004803179633255016
2019-11-27,0.0044474007269652985,-0.002909320661156337,-0.005314014225370608
2019-11-29,-0.003715505231036793,-0.00213401099099942,0.006184806112979683
2019-12-02,-0.008530806042000199,-0.01342222050796301,-0.0005079436043828876
2019-12-03,-0.0067291297754483,0.02075056096788031,0.009534253178573626
2019-12-04,0.00615124388630492,-0.010035320970716145,-0.0013667767637935283
2019-12-05,0.0017963272366310064,-0.004876414218798527,0.0005757184354598549
2019-12-06,0.009092204286249407,-0.005549926621226839,-0.009977704836757457
2019-12-09,-0.0031486343712067116,0.002165779697506212,-0.0002906488870483782
2019-12-10,-0.0011155776463990365,7.215706090763512e-05,0.002830699660654389
2019-12-11,0.0028344579954853893,0.007830174048374368,0.006861935627691577
2019-12-12,0.008582267572111071,-0.01659455593584715,-0.0035334849047766476
2019-12-13,0.0005990190683976307,0.01150108166760004,0.004468872836715887
2019-12-16,0.006846478169709046,-0.009030994627725615,-7.198939739749056e-05
2019-12-17,0.00021860141939421303,-0.0013794521514093076,-0.00021577975709612248
2019-12-18,6.279553149062745e-05,-0.008246212586437655,7.200493236905694e-05
2019-12-19,0.004091037158865931,0.001598389032562263,0.0025862126377012157
2019-12-20,0.004374223855931975,0.0013184989551112693,0.0010039397404910592
2019-12-23,0.0015267669439246374,-0.0014646941666304298,0.003077203372165587
2019-12-24,3.0822934208804225e-05,0.002854114540910714,0.009387789011397068
2019-12-26,0.00530928516073955,0.0024083374053215363,0.00782659080315549
2019-12-27,-0.0002476950368103241,0.0010936404518108042,-0.0003512560225688557
2019-12-30,-0.005528528775860358,-0.0036485995440985576,0.0021055808220621446
2019-12-31,0.0024263709434589422,-0.009841341841266364,0.001891143454574884
2020-01-02,0.009308435962723145,0.011229653250595512,0.007320953634035891
2020-01-03,-0.007601084409961191,0.015282699777619282,0.013181265882528811
2020-01-06,0.0038074012810398795,-0.005694997818149329,0.010434868967011986
2020-01-07,-0.0028150873400102773,-0.004927689742985521,0.003927428056507489
2020-01-08,0.005315291779385748,-0.006632764025368209,-0.007529802584635164
2020-01-09,0.006757789057541112,0.0035038515924185843,-0.0056676844863565315
2020-01-10,-0.0028819492723918447,0.008852165400824445,0.006008107616788398
2020-01-13,0.00685383681177555,-0.0030389239428583303,-0.007447144703816297
2020-01-14,-0.0015257511178415615,0.00513121977411269,-0.0008919411826434922
2020-01-15,0.0022570237980908056,0.006609327960058451,0.005817289492435278
2020-01-16,0.008284000173569958,-0.0031554485178066924,-0.0015707412123407796
2020-01-17,0.003107952026187805,-0.00858509921636454,0.0018437252860089575
2020-01-21,-0.0019603959860462713,0.010450659672709478,0.0010909837309721073
2020-01-22,0.00012075079047183238,0.0035076291221753262,0.0003405975107135845
2020-01-23,0.0011463047004594345,0.00697716604733563,0.002245598875511729
2020-01-24,-0.008932791335527523,0.008056186600104364,0.0058285535187767275
2020-01-27,-0.01615920579846188,0.015434917989896975,0.006802125843070944
2020-01-28,0.01042450980442192,-0.007862461373274307,-0.00896686803661793
2020-01-29,-0.0008262493844861567,0.00973189093343652,0.005403248480831511
2020-01-30,0.0032402747864660867,0.00013818851216558997,6.731894098032181e-05
2020-01-31,-0.01832490377243262,0.009088496528906575,0.005775708477189364
2020-02-03,0.007400792459471676,-0.0008098905908221521,-0.006516877595597702
2020-02-04,0.015126626165542355,-0.013558812421997444,-0.013094308186782415
2020-02-05,0.011481594785217786,-0.010995061859421538,0.0012285555646719122
2020-02-06,0.0033594278264126817,0.00449693390955465,0.005373934234125879
2020-02-07,-0.0053439607934509265,0.012400659021103665,0.002642363450658169
2020-02-10,0.007437472867638676,0.0027658687997566466,0.0025679490647931946
2020-02-11,0.0017316077163322752,-0.005053105546812289,-0.0034478924308700464
2020-02-12,0.006422243570897728,-0.0050788344087490545,-0.000813078481224605
2020-02-13,-0.0010676797234927546,0.003828994941996036,0.005677303718111386
2020-02-14,0.0016011918283505694,0.0043674268342347635,0.0041697222765956264
2020-02-18,-0.0025808009845862566,0.006825930730334356,0.012737350951843347
2020-02-19,0.004769842385568733,-6.877935418769725e-05,0.005814285510176441
2020-02-20,-0.0041163973780407315,0.0078028803845484355,0.0040763395182913265
2020-02-21,-0.010351803200115558,0.009297125880107875,0.014913455926308593
2020-02-24,-0.0337278329635252,0.014818044658085389,0.008945002656717951
2020-02-25,-0.03077079335867384,0.0053098302981450605,-0.01803593472393269
2020-02-26,-0.003684813285081482,-0.005309830298144976,0.004360980385151266
2020-02-27,-0.0459517681576807,0.010790030458043198,0.00019481624361363943
2020-02-28,-0.004210125076233608,0.022332540764344433,-0.03717601874476565
2020-03-02,0.042394963451494565,-0.007384311200870499,0.005511083646655957
2020-03-03,-0.02905057339120753,0.01540673070790464,0.030950390194086085
2020-03-04,0.041173566646292716,-0.010675996853399336,0.001752990351755443
2020-03-05,-0.03380659280901776,0.024586587242094157,0.021370951204574475
2020-03-06,-0.016669118895779347,0.05073545016039382,0.0003808885074389379
2020-03-09,-0.0813127809909374,0.026742307263673194,0.0016488747161249012
2020-03-10,0.050450760884393125,-0.05261884261914968,-0.02132715182628954
2020-03-11,-0.04997667275257105,-0.0374916117903176,-0.0035667044227174947
2020-03-12,-0.10056893547662811,0.0061776278912725946,-0.04070560424243849
2020-03-13,0.08202811006965667,-0.02286225200247151,-0.03099155256530076
2020-03-16,-0.11588650067550231,0.06275440936719455,-0.011512126298224866
2020-03-17,0.05258504941821945,-0.06901050177939773,0.01346442633870517
2020-03-18,-0.051960022163093394,-0.058066704359919,-0.02012310684271081
2020-03-19,0.002122914889956307,0.02686152299000881,-0.019086492837834465
2020-03-20,-0.04405046401846132,0.07250300171590174,0.014884383146683595
2020-03-23,-0.02590075883196982,0.0403833750780689,0.043231496146295734
2020-03-24,0.08673086117822852,-0.018790573596662766,0.047389520259250466
2020-03-25,0.014859527300233984,-0.002273682995365901,-0.013784208180364264
2020-03-26,0.05674849473871498,0.004909883155245979,0.012740714714697083
2020-03-27,-0.030238118900992903,0.026343128949877788,-0.006481449089244015
2020-03-30,0.031959652524550894,-0.008263292735621056,0.004390990264267052
2020-03-31,-0.015017667808192465,-0.008149800113220383,-0.032364821693651916
2020-04-01,-0.04604899637935228,0.013913201416274366,0.009411793149400162
2020-04-02,0.022812959377514517,0.006325393166518106,0.01626050111056189
2020-04-03,-0.014559492289181507,0.002376982310935689,0.004925309776577716
2020-04-06,0.06500686995046667,-0.0026145031714339666,0.02733353381543522
2020-04-07,0.0010187778456709543,-0.010527807295169367,-0.005368871400719198
2020-04-08,0.03301707953798969,-0.0073026444364919655,-0.008947881947437637
2020-04-09,0.01510318405869995,0.001815636760064547,0.025788169295063085
2020-04-13,-0.009172236181938982,-0.009171433181586034,0.01699510551392902
2020-04-14,0.029066227560205982,-0.0002447763320113022,0.007837301543346824
2020-04-15,-0.021477049408495204,0.02614485991158852,-0.005115017933585634
2020-04-16,0.004812811327810399,0.011292722747393425,-0.0008653689753940822
2020-04-17,0.02665653096581229,-0.013495567012921232,-0.019608466717140425
2020-04-20,-0.0177749761967526,0.008012604758408844,0.007100853720992193
2020-04-21,-0.03083363316112885,0.012513538360352574,-0.006848673348053854
2020-04-22,0.021952078392069238,-0.010269274276786968,0.019479888950845802
2020-04-23,-7.197259736125459e-05,0.005294608144084462,0.009905643795524405
2020-04-24,0.013842367599386488,0.0023431838157066723,-0.004294729942651925
2020-04-27,0.01431528792418348,-0.018788308108140243,-0.00666258998355511
2020-04-28,-0.004608847510832841,0.011444597054402704,-0.004466516323334757
2020-04-29,0.025841575558310213,-0.005202012351065287,0.005518192454017435
2020-04-30,-0.009353918098626107,-0.011745710702853159,-0.018282683683788697
2020-05-01,-0.026829987961560508,0.008527180904522785,0.0061522933833428935
2020-05-04,0.0027542554429495773,-0.004714546993446803,0.003498676361159418
2020-05-05,0.009196558676004782,-0.006422015492475388,0.004232069630406605
2020-05-06,-0.006801258714559249,-0.01626701235343832,-0.012938939248234135
2020-05-07,0.011994187197214172,0.01656804576167134,0.015234124108560072
2020-05-08,0.01641092462900777,-0.013086506624759032,-0.006028427741239837
2020-05-11,0.00020501317170190306,-0.007836006082521394,-0.006253147010599243
2020-05-12,-0.020132893736641372,0.010212018036211513,0.0038815245238018456
2020-05-13,-0.017844307610540202,0.00697211543963605,0.009576645345897673
2020-05-14,0.011896583617816361,0.009739314600973924,0.008811127536123346
2020-05-15,0.004586844088816362,-0.00257583493147068,0.005627947839551041
2020-05-18,0.03000472432670534,-0.02219891820169437,-0.007592898231851983
2020-05-19,-0.010324441838688582,0.0037341155474556664,0.009603940342589153
2020-05-20,0.016845295300120775,0.0029894301047746373,0.0023714668825757603
2020-05-21,-0.00692778533707041,0.0024954975217754767,-0.014683616168536867
2020-05-22,0.001897035577013678,0.005997603163852825,0.005899400714775776
2020-05-26,0.012245398483741158,-0.01350080303804444,-0.014316858429627
2020-05-27,0.01476947109912546,-0.0018386876880685467,0.001800809585778032
2020-05-28,-0.0018467571365600305,-0.00368709006826509,0.0033447448656947374
2020-05-29,0.0044459518563885365,0.007115802540085456,0.007331471236597383
2020-06-01,0.004033766773591886,-0.006755126623781627,0.004593203918142176
2020-06-02,0.008246080067910966,-0.0036423166999864946,-0.006497892824854574
2020-06-03,0.013220507084472434,-0.013386235828540012,-0.01862251139241922
2020-06-04,-0.002630220133991802,-0.01458546070985613,0.010471254055873179
2020-06-05,0.025306499354514768,-0.0071484060277913295,-0.02048368991541374
2020-06-08,0.012015091744834798,0.0038366203186525256,0.010764002439043798
2020-06-09,-0.007484579873011526,0.011294481566850107,0.009595645355064148
2020-06-10,-0.005595695640927434,0.014718509818501622,0.014223142854853236
2020-06-11,-0.0593773470829556,0.018724158841671234,-0.007240232329265166
2020-06-12,0.011904665406018531,-0.009687639014809193,0.0014153150353447643
2020-06-15,0.009292187979490923,0.0005542814890059509,-0.0017848491512042477
2020-06-16,0.019064679724954313,-0.015452746834271568,-0.0004929560183834836
2020-06-17,-0.004162446755706586,0.004118857477703038,0.0019087937874243815
2020-06-18,0.0003850266122145711,0.010532626734794099,-0.0019703951105462295
2020-06-19,-0.005731391254097591,0.0008012626217743785,0.010972576221366465
2020-06-22,0.006394484005781607,0.00012282643345691438,0.006441427074830093
2020-06-23,0.0045932894774972964,-0.0068585897627573295,0.008384398864595731
2020-06-24,-0.02583960865523975,0.010668789480170159,-0.0034899960158010397
2020-06-25,0.010663587491986693,0.00287888085306699,-0.0006028992986150158
2020-06-26,-0.024038155406136148,0.0106466951736906,0.0044532193863769335
2020-06-29,0.014590502028605297,-0.00315204278856593,0.0005403343600226875
2020-06-30,0.01272822902411259,-0.00486782008030276,0.004431086497931087
2020-07-01,0.006980507191900696,-0.0019445702104270992,-0.004491160110102202
2020-07-02,0.005491568902551234,0.0010396196469858866,0.0021582779375089872
2020-07-06,0.01531955259506439,-0.004103945907984898,0.005970880083946397
2020-07-07,-0.010367516356039816,0.013957509884260491,0.0062904343270385864
2020-07-08,0.007619649196123529,-0.0040020658887648716,0.006192353605402356
2020-07-09,-0.005708996358342532,0.01579654552549448,-0.002708063902871328
2020-07-10,0.010158725539071586,-0.005037321807510088,-0.0025972650920347735
2020-07-13,-0.008696789076449165,0.003301005485535691,0.0012403879870823364
2020-07-14,0.01287600548503859,0.0014370935816602425,0.004652728164010819
2020-07-15,0.009145083786550335,-0.0046778737227103784,0.0008809438623464781
2020-07-16,-0.0032988045537483096,0.004737703193168486,-0.009496639325154646
2020-07-17,0.0028949350823389178,-0.0020961642428984325,0.008204262794308569
2020-07-20,0.008049223407342026,0.0024555105700088103,0.004808590336846309
2020-07-21,0.002124938696018874,0.0005976608944737028,0.011978962477666387
2020-07-22,0.005676068047854366,0.0029846197044739696,0.015087942737564556
2020-07-23,-0.012003478763398572,0.01161350508093496,0.008786586410813348
2020-07-24,-0.006461599062416027,-5.90154827125573e-05,0.008542281441677423
2020-07-27,0.007266281191634763,-0.003718090545002981,0.019561196964697856
2020-07-28,-0.006362667108692922,0.006894714125941915,0.008306536040413818
2020-07-29,0.012223871887032653,-0.0017050136742031792,0.007482169283186
2020-07-30,-0.003574493374048005,0.006566901030565415,-0.007427778888433271
2020-07-31,0.007870997352671544,-0.0006428950729758146,0.00904688435302792
2020-08-03,0.006928552665788455,-0.0050474310023103895,0.0011318982444248418
2020-08-04,0.0038550810147125435,0.009487103650289076,0.021054515412853636
2020-08-05,0.006191820515053777,-0.008781353295542775,0.009240417270834574
2020-08-06,0.006662097988528136,0.005570719995045902,0.013186741026147062
2020-08-07,0.0007176533234065675,-0.0066885976492035305,-0.016012829047696152
2020-08-10,0.002984377349030936,-0.004483610094939256,-0.0034649534714480275
2020-08-11,-0.008288781001940661,-0.011956006203731006,-0.0551897267189793
2020-08-12,0.01384598828292944,-0.009137739626779728,-0.004679132411383586
2020-08-13,-0.0018098501972722738,-0.01074653587134056,0.023343474417206588
2020-08-14,3.0080896408934863e-05,-0.003914974795046696,-0.004318527254207777
2020-08-17,0.00317155879523535,0.0025101224488342914,0.02146194877539166
2020-08-18,0.0021583725665213077,0.007126420890882204,0.008967673573403242
2020-08-19,-0.004172849131727572,-0.006271117515740301,-0.03207438281593019
2020-08-20,0.003108779554001121,0.008997925416257956,0.006890137653281628
2020-08-21,0.0035414604394214456,0.005975099271438938,-0.008043165542872153
2020-08-24,0.010081654627762955,-0.0016259130056281424,-0.005674470685927035
2020-08-25,0.003493528926400506,-0.007682950034249285,0.0012147382641175607
2020-08-26,0.009975736261793712,-0.0038333918072290052,0.011739667325137685
2020-08-27,0.002183903745138326,-0.017155394123144638,-0.011629286747359606
2020-08-28,0.006438623314955561,-0.0007448745302290701,0.01723092629924
2020-08-31,-0.003629028240633334,0.0066193106873960175,0.00238341719432408
2020-09-01,0.00937469697737162,0.011373081891056255,0.001189581722410416
2020-09-02,0.01436046680355261,0.009475096912138919,-0.013218610873058246
2020-09-03,-0.03502016180281271,0.0028365237522482707,-0.008137254873336977
2020-09-04,-0.008198873731560356,-0.01917050531979954,0.0027564932922231992
2020-09-08,-0.027702847710313682,0.006125959104092712,-0.0019287808618004912
2020-09-09,0.019554893942182062,-0.0026907498078280437,0.009661434230238847
2020-09-10,-0.01751643746491396,0.005069610099833348,-0.0032283485242562797
2020-09-11,0.0005091892656263209,0.0021301712146118987,-5.4861557792618405e-05
2020-09-14,0.013085321889224689,-6.088286240626943e-05,0.00786160327773618
2020-09-15,0.005039475935492852,-0.0024347422298693195,-0.0023956152677241513
2020-09-16,-0.0039762662707282246,-0.002991250119311913,0.0028305733071044767
2020-09-17,-0.008834010508458683,0.0030523944092876666,-0.005505121062685115
2020-09-18,-0.011579758482718295,-0.003112932037863639,0.001310849171618332
2020-09-21,-0.01119199814757609,0.005061148501036297,-0.020291789448272826
2020-09-22,0.01013309591668115,-0.000790909982043632,-0.004858095828927072
2020-09-23,-0.023464225921065285,0.001338391684260386,-0.021843335368817322
2020-09-24,0.002661845851854599,0.0038224299278682284,0.0037119030895910897
2020-09-25,0.016037688150032554,0.0,-0.0028540460781505306
2020-09-28,0.016472892528287365,-0.00285089474823759,0.010010290107421884
2020-09-29,-0.005460835715885875,0.0011536405760736463,0.008397048385655496
2020-09-30,0.00755340180957691,-0.0096310338628908,-0.006022969047958764
2020-10-01,0.0063995103381299006,0.0016477832854108888,0.008880963695329078
2020-10-02,-0.009539855164158865,-0.0037408461762334488,-0.0008957769408936138
2020-10-05,0.017577570864661614,-0.019732970009999382,0.004861081696310086
2020-10-06,-0.014317780166563333,0.005374957713456288,-0.011830479550692698
2020-10-07,0.01725678292171054,-0.007318823298050437,-0.00045132478533539146
2020-10-08,0.008823477615195101,0.005384925189119266,0.0035486272055745486
2020-10-09,0.008890458426897075,-0.0001875553610549479,0.017998399966815504
2020-10-12,0.01595949577366563,0.0031802065093391283,-0.002875813691634357
2020-10-13,-0.006547204717096266,0.007136022909633639,-0.01585383405158326
2020-10-14,-0.00630310968302278,0.0022843733821240582,0.0030899939936110464
2020-10-15,-0.0012368758390252947,-0.0017283861028411854,0.003639489400711449
2020-10-16,-0.0006044348518310531,-0.0027842953843771967,-0.0034712263457632483
2020-10-19,-0.015320327910946329,-0.0037869402299939136,0.0005046193567768562
2020-10-20,0.003997777463207203,-0.009562094834487552,0.004809318137998378
2020-10-21,-0.0018946949499233237,-0.0034594256212464062,0.00750319529892231
2020-10-22,0.005470391207446735,-0.01045125728235544,-0.009849030639627157
2020-10-23,0.0033891955950082512,0.006094367851844605,-0.0010630400237792174
2020-10-26,-0.01865243267600421,0.009259793282266846,-0.0005039129828936211
2020-10-27,-0.0034538007034438435,0.006686818336749277,0.002628864176270774
2020-10-28,-0.034776463821537,0.0009340490479890622,-0.01627516884164325
2020-10-29,0.010112180066748739,-0.00975473852835376,-0.004153341326592121
2020-10-30,-0.010479635253280484,-0.00991466730331702,0.004550651041840146
2020-11-02,0.011146030160814927,0.007462617185029626,0.00965812884851217
2020-11-03,0.01750183251384397,-0.005819000172384847,0.0056609432999779495
2020-11-04,0.022103191268325526,0.021460613955966316,-0.0005590140649358909
2020-11-05,0.019315160150171772,0.0017368522377808713,0.022723771699055755
2020-11-06,-0.00022836707484443392,-0.012158296715171749,0.0014203529597109255
2020-11-09,0.012487206959183346,-0.02123886328080749,-0.045280856143465276
2020-11-10,-0.0014677226517675803,-0.005783594694740169,0.0033073065556014952
2020-11-11,0.007401125711490404,0.0036021617611372665,-0.00433598220930235
2020-11-12,-0.009748201324844361,0.016875158418398015,0.006042387508780373
2020-11-13,0.013749601536748235,-0.0013268433614005968,0.006796565090032186
2020-11-16,0.012405143075820912,-0.002405734952719261,-5.650286865533134e-05
2020-11-17,-0.005393024575249222,0.0065070797143570724,-0.0036759204841880807
2020-11-18,-0.012107594222776312,0.0028919642744993416,-0.005738783845972931
2020-11-19,0.004201297650761834,0.005134965791112692,-0.0018822296869570197
2020-11-20,-0.006871380443379065,0.008831400224890634,0.003021229432643738
2020-11-23,0.005976587231384624,-0.004592225026755143,-0.019890324232127853
2020-11-24,0.01598558818023421,-0.010002552520563078,-0.015447030279527764
2020-11-25,-0.0015430945355901999,-0.0030830368800962788,-0.0004718480371509017
2020-11-27,0.0027809713523661425,0.009658337256212447,-0.010198732236165305
2020-11-30,-0.004437116319991545,-0.001249180997864019,-0.006697358920117144
2020-12-01,0.010878111084685645,-0.014853979826335613,0.02084085881536413
2020-12-02,0.0021017585779355883,-0.007968432561058772,0.007493385024315116
2020-12-03,-0.00027256205658337846,0.008031693723285965,0.007842668530553789
2020-12-04,0.00858050140473253,-0.014773569592660452,-0.00283945502654119
2020-12-07,-0.0020569188228398197,0.008980049242959687,0.014803945459514797
2020-12-08,0.002921749267013097,0.004713776248049827,0.003481841534737405
2020-12-09,-0.009009141936903848,-0.0033097804929355756,-0.017241806434506103
2020-12-10,-0.00032737271422973144,0.008824248893259494,-0.0019148863181888906
2020-12-11,-0.0011730706461341531,0.00353297496319127,0.001856945469586849
2020-12-14,-0.004487482557435456,-0.0027747073044081735,-0.005522859199322822
2020-12-15,0.013429162610783519,-0.003352893735895625,0.013893989774039692
2020-12-16,0.0015679052439196769,-0.002665507245068386,0.005503920929853093
2020-12-17,0.005576618280553336,-0.0026495474946118393,0.01046541004295572
2020-12-18,-0.004000904203179236,-0.003001810533945942,-0.0016988680965652808
2020-12-21,-0.003581859165849076,0.003957783752627395,-0.0031789169989821435
2020-12-22,-0.0016871436577182404,0.005147880430599437,-0.007934507183398202
2020-12-23,0.0008981144729708764,-0.0069331979440174,0.006625879072275585
2020-12-24,0.0038829521307642426,0.003949564087875774,0.003977347328631379
2020-12-28,0.008554365555875678,0.00044510287224045695,-0.003635744312567208
2020-12-29,-0.0019096164666088148,-0.0012724499086906866,0.003635744312567162
2020-12-30,0.0014256012669104396,0.0021617099970239807,0.007626026694655132
2020-12-31,0.005068045446426816,0.0014593883564294563,0.0037072651943418997
2021-01-04,-0.013707509097140668,-0.0012052247853291706,0.02201425891234798
2021-01-05,0.006863710256560359,-0.007455317979000177,0.0029572490918935946
2021-01-06,0.005960584206546321,-0.020741494914277073,-0.016374384156319522
2021-01-07,0.014748199409405896,-0.008853088813103042,-0.0023373497260989994
2021-01-08,0.005681677373306762,-0.00323309561150166,-0.03480879472366203
2021-01-11,-0.006763689192823319,-0.001653205199055723,-0.001963368081678198
2021-01-12,0.00021122469688449166,-0.0007950559594783609,0.006453094143516468
2021-01-13,0.002689384811955883,0.011199188069529437,-0.004316677807613859
2021-01-14,-0.00350817268361524,-0.009411978750909634,-0.0005192346256867747
2021-01-15,-0.007319170901946157,0.003959711223550742,-0.012485246085867416
2021-01-19,0.007821279022402797,0.00322234419342142,0.008437377567923208
2021-01-20,0.013743608653717463,0.0009848070701770674,0.016151154600027997
2021-01-21,0.0009112285478041841,-0.007043029277851679,-0.0006273739671711188
2021-01-22,-0.0035458640398991917,0.0032312373929864833,-0.007904302060517928
2021-01-25,0.003936283457670839,0.011716396286501469,0.0008622455288576803
2021-01-26,-0.0015622496754510232,-0.0018884116955788955,-0.002473656951145883
2021-01-27,-0.02474388040846464,0.002539468225794003,-0.006355778295441206
2021-01-28,0.008563381094784248,-0.005543825208310074,0.000926931727635592
2021-01-29,-0.020222502294883673,-0.006033863435555722,-0.0004054103376829626
2021-02-01,0.016508414454767865,0.0011583586699041887,0.00934152297824149
2021-02-02,0.014041173311446276,-0.006468372034153504,-0.012242430084677477
2021-02-03,0.0007855841363328838,-0.008912282128242587,-0.0015117720158050482
2021-02-04,0.011301811252924433,-0.002676106303153975,-0.021765636924135134
2021-02-05,0.0039281904584308755,-0.008408683833983788,0.009823748692690917
2021-02-08,0.007196019710285904,0.004381296502136483,0.01001975221091292
2021-02-09,-0.0006660782040753577,0.0007397483345298769,0.0032595928083516256
2021-02-10,-0.0004359086069518329,0.00663119256929178,0.003654430629279855
2021-02-11,0.0016138194080715707,-0.005489284964122844,-0.008723013798522866
2021-02-12,0.004927682441066928,-0.012497353286430698,-0.003041852351548402
2021-02-16,-0.0008664451523662837,-0.015343897987830868,-0.014457496034195686
2021-02-17,0.00022959166207818643,0.006330367517510839,-0.011417786234196115
2021-02-18,-0.004265277926710437,-0.004055332345084723,-6.0090224343136566e-05
2021-02-19,-0.0017675106652018991,-0.013380313757822362,0.004139970385631239
2021-02-22,-0.007721598180517224,-0.007637615719583502,0.014858231751961605
2021-02-23,0.0012139787954372797,-0.0028876610400044417,-0.0023033964742125187
2021-02-24,0.01095907055123544,-0.006581631649667993,-0.0007097783269727351
2021-02-25,-0.024390883115155765,-0.01646537153622222,-0.018995808065307287
2021-02-26,-0.005165881392418965,0.032524388375335965,-0.024480114534154506
2021-03-01,0.023950973457417205,-0.013295840162621737,-0.0017319159550744983
2021-03-02,-0.007833853887761148,7.098143923230499e-05,0.005433148366520264
2021-03-03,-0.013334089204587018,-0.010904781408310004,-0.011082728374520621
2021-03-04,-0.012452176386544937,-0.006470916454873119,-0.00988559566723337
2021-03-05,0.018229513943310773,0.0019455361075478112,0.0006286134207733884
2021-03-08,-0.004991140493741691,-0.0078048250515029465,-0.010422315048141234
2021-03-09,0.014176478902662087,0.013762342288572336,0.02104806019448947
2021-03-10,0.006205267126661812,0.002001815327498605,0.005085327698430273
2021-03-11,0.010088168637787895,-0.007239031001123604,-0.0008663865026826478
2021-03-12,0.0013455371318102296,-0.021450452900687353,-0.00018574519969141986
2021-03-15,0.005946093195039911,0.005862868641986856,0.004386867610048303
2021-03-16,-0.0012621544110201046,-0.0040268412116206635,0.0009244132771239594
2021-03-17,0.003404234001308977,-0.007511413374014241,0.0071195808075622735
2021-03-18,-0.01465669145766308,-0.01017776156198951,-0.0058269675795917875
2021-03-19,-0.0018519316290961736,0.006178950833296916,0.004174394816826358
2021-03-22,0.007953373733487742,0.011143207073728484,-0.0014713433816878438
2021-03-23,-0.007902025373173367,0.008986329908089685,-0.007327408483150656
2021-03-24,-0.005096406116615634,0.00536767057850362,0.003454859203276189
2021-03-25,0.005609744755886784,-0.007916043932472689,-0.0036402714825327686
2021-03-26,0.01598648210914152,-0.003506528728675889,0.002839374216722469
2021-03-29,-0.0005052783275618821,-0.008524831595642927,-0.011967328788777756
2021-03-30,-0.002656346390441083,0.005226725385052772,-0.01723957501602924
2021-03-31,0.004045061489347642,-0.005595256854569543,0.015053975494509144
2021-04-01,0.010741095939883956,0.016460544240807073,0.012549018493591777
2021-04-05,0.014251053694874316,-0.004372433259727584,-0.00037046965366193687
2021-04-06,-0.000590531648820299,0.006769487652307141,0.007996616729269289
2021-04-07,0.0011564033632577785,-0.006988954717807296,-0.0028223021365765604
2021-04-08,0.004735610088088234,0.008221091510265573,0.010694635856861524
2021-04-09,0.007244007899741882,-0.0036291911850377533,-0.007566026934120144
2021-04-12,0.00036433683798136007,-0.0004359958388507137,-0.006082067490100263
2021-04-13,0.0029593233822836768,0.007465319376479838,0.007061488473290135
2021-04-14,-0.003420950875135626,-0.0031825952344629125,-0.0043537794872208335
2021-04-15,0.01068511085981915,0.016595734514524355,0.0160335365383925
2021-04-16,0.0033370386850788214,-0.0077966763188285024,0.0060295628147861114
2021-04-19,-0.004925307972948153,-0.0028761302765644933,-0.0027691247303623773
2021-04-20,-0.007348410856068221,0.004598386908722912,0.003550241996940974
2021-04-21,0.009417397327323352,0.0020052176352334575,0.009862362310853667
2021-04-22,-0.009174971702823142,0.004354733602269767,-0.00650425423162094
2021-04-23,0.010784153564700232,-0.002354119930860403,-0.0038387727937765547
2021-04-26,0.0020852259209662633,-0.0014286858000479735,0.002640755671589698
2021-04-27,-0.00021525654640557545,-0.008761209216725914,-0.0025205449092440876
2021-04-28,-0.0002876053445192128,0.0006493063730635696,0.002940064461277065
2021-04-29,0.006352617299700389,-0.0029598864059088097,-0.004142547462168167
2021-04-30,-0.006592141764523951,0.0023105800328454542,-0.003374702192485256
2021-05-03,0.002154364339111687,0.0005993746942443658,0.01289485518814097
2021-05-04,-0.006188462856252317,0.006763576627451484,-0.007356686965198023
2021-05-05,0.00031285023087706035,0.0016475063530352267,0.00413361336698124
2021-05-06,0.007954036567763893,0.0016453217275541542,0.016542002735280385
2021-05-07,0.007251583105751401,-0.004943976823868017,0.00895658735382193
2021-05-10,-0.009951666649447827,-0.01017827730137396,0.0030259218728549953
2021-05-11,-0.00896499814004171,-0.005675890541953451,0.0001742848474817966
2021-05-12,-0.02147408024227055,-0.010563463561702938,-0.009983483413452903
2021-05-13,0.011940958129905584,0.0015476076804106836,0.004098917859921596
2021-05-14,0.015238576065730074,0.0093071847285776,0.009074563611959028
2021-05-17,-0.002547809484179933,-0.0021171652715415595,0.011572105937362132
2021-05-18,-0.008652978467532185,-0.0025619865283428474,0.0019442812059788442
2021-05-19,-0.0026252207832006325,-0.0024215716155131634,0.0006853819629941132
2021-05-20,0.010700373184804228,0.008195245873284322,0.004556871795741219
2021-05-21,-0.0008191259149252616,0.003201205640776803,0.00045446916842239933
2021-05-24,0.01014282372147925,0.0036978587621660577,0.001759487487714246
2021-05-25,-0.0022212165817650995,0.009220400878491367,0.009031903514378268
2021-05-26,0.0019827820556924405,-0.0017227329172427098,-0.0017435678186662285
2021-05-27,0.0005247472335954598,-0.00403042812608122,0.0003940189892895408
2021-05-28,0.0017870718278132993,-0.001588093493592432,0.0037630876338542248
2021-06-01,-0.0008812031487579445,-0.0002242228132515451,-0.0026945732480542135
2021-06-02,0.0015714031532186683,0.0023122749410292853,0.004878526963101577
2021-06-03,-0.0037183697251282947,-0.0037603493431177964,-0.019772420864664846
2021-06-04,0.00910430878915831,0.013601376066804281,0.010725633264657355
2021-06-07,-0.0009706007648232678,-0.0030781532299094024,0.003999619209610979
2021-06-08,0.00021303130205717495,0.007002417934305301,-0.003096867753862795
2021-06-09,-0.0014929518732730042,0.008789875677406243,-0.0019193434836643904
2021-06-10,0.004637636632513638,0.005980766934209499,0.004285131517665339
2021-06-11,0.0016509178200723174,-0.0016147302320027633,-0.011316177890912231
2021-06-14,0.00223666065188394,-0.0076889716665696235,-0.005878166410042197
2021-06-15,-0.001835748740231428,-0.001204520861225743,-0.0037848631237422004
2021-06-16,-0.005599126590152562,-0.000850940633445125,-0.01703600368035545
2021-06-17,-0.0003317167070164613,0.014860892605376118,-0.03122282591641038
2021-06-18,-0.013582159576719408,0.018631266558012994,-0.005562705142465907
2021-06-21,0.014214450574248862,-0.016884957527197538,0.012173251058176099
2021-06-22,0.0053315868968071955,0.0024396695433037186,-0.00420166857422807
2021-06-23,-0.00120573453709326,-0.002578906137133362,-0.0006618767987564016
2021-06-24,0.00589815340495162,0.0016036629558169278,-0.0006021199876096117
2021-06-25,0.003545913570770732,-0.010437231782960637,0.003306999189259349
2021-06-28,0.0020138559095461217,0.010228131870380727,-5.999643961855651e-05
2021-06-29,0.0005379409851466567,0.0016717039919824045,-0.010561034647227364
2021-06-30,0.0008413542213342862,0.004443330925680659,0.004841763592293601
2021-07-01,0.005521277272314206,5.54708966173895e-05,0.0034354496150826534
2021-07-02,0.007614615705120552,0.006016271253579336,0.0065369291506959725
2021-07-06,-0.0018232943473440344,0.011652330766421796,0.004949187883217545
2021-07-07,0.0035279283457126977,0.00882110186291789,0.0037995736126820853
2021-07-08,-0.008181466998153097,0.003909704193761666,-0.0006520293887520076
2021-07-09,0.010618296480453636,-0.014162384533086034,0.0033150614410246745
2021-07-12,0.003575511558600247,-0.0012968479958099307,-0.0012418718351821449
2021-07-13,-0.0034146849636674395,-0.007683436408177729,0.0013009357869861221
2021-07-14,0.0014909982333784627,0.011297919441563208,0.010697757313475486
2021-07-15,-0.0034211207469333565,0.010969870993423829,0.00017546425482688882
2021-07-16,-0.007874744175184715,-0.0018877133570216144,-0.009751038308664077
2021-07-19,-0.014877813452869527,0.021692014755940476,0.001179853512608669
2021-07-20,0.014228541230946721,-0.009686636601531072,-0.0012979424872485647
2021-07-21,0.008063501302656494,-0.012747706259417962,-0.003726190289074976
2021-07-22,0.0020921108712993065,0.009408673460148472,0.0019535411866020086
2021-07-23,0.010235444952949459,-0.0067115152544395505,-0.003139340880551927
2021-07-26,0.0024515653726012825,-0.002967243630062219,-0.0023758261058627853
2021-07-27,-0.0045679055403993005,0.010615130775764061,0.0016636888817755746
2021-07-28,-0.00041017056510987275,6.647852308479356e-05,0.0050335632022407
2021-07-29,0.004139171372678209,-0.0055612491136362565,0.011044023020098688
2021-07-30,-0.00486834786539155,0.004692578644968079,-0.007918108309762988
2021-08-02,-0.0021004336553867987,0.008879398121900813,-0.0012374082182159806
2021-08-03,0.008102598456288315,0.0005308269490419357,-0.0007077270423842932
2021-08-04,-0.004931118110823236,0.0020546604682036575,0.00023593466942563418
2021-08-05,0.006312870299475607,-0.005110770609909045,-0.003959922253451811
2021-08-06,0.0016512218685522221,-0.016841967520014375,-0.025308704477345147
2021-08-09,-0.0008138316446811508,-0.003592838142688667,-0.017894816057729707
2021-08-10,0.0012430890802955432,-0.004628433710239097,0.00030914743149373187
2021-08-11,0.00248184697071034,-0.0006147987224307195,0.01369082807188368
2021-08-12,0.00299245004188306,-0.0016396869078108005,0.00024383177142714218
2021-08-13,0.0018181507926539728,0.01567298408216931,0.014224167163591615
2021-08-16,0.0023520152443096,0.002420337468944866,0.004975891262677384
2021-08-17,-0.006576987758225961,-0.0004031366544036278,-0.001496155150116038
2021-08-18,-0.011005179695138475,0.003353495680980595,0.0007783092556947036
2021-08-19,0.0015469132876354066,0.007338098921165503,-0.0029367165231408677
2021-08-20,0.007925631107340372,0.0006642772505907192,0.0005400158455303154
2021-08-23,0.008758040237140175,-0.0006642772505907059,0.012104007439095057
2021-08-24,0.001586288461556472,-0.007806973145117311,-0.0004742535717267673
2021-08-25,0.0020961481432335196,-0.008340769871563685,-0.006961609676564189
2021-08-26,-0.005920840618939134,0.002765600981916469,0.001133835388463418
2021-08-27,0.008901318149078567,0.006780305384814679,0.014917723322635659
2021-08-30,0.004387971584332333,0.002606147165097328,-0.004947859047149437
2021-08-31,-0.0014826035862404298,-0.006830033245017258,0.00200564206756742
2021-09-01,0.000531202660358665,0.0016735915224348368,5.88968847449306e-05
2021-09-02,0.003072028578446158,0.004356288734626098,-0.002655242464544409
2021-09-03,-0.00024307741470729578,-0.009136699244426883,0.010637446088029513
2021-09-07,-0.003581631994958156,-0.00847121281745308,-0.019778020504279115
2021-09-08,-0.0012189712354524602,0.006783294435359404,-0.002507544166051433
2021-09-09,-0.004289512078623671,0.012027353560317165,0.004413734414974538
2021-09-10,-0.007915828391293024,-0.00885556544690211,-0.005071495164425335
2021-09-13,0.0025559881393331127,0.006046193625735326,0.0033441618437189445
2021-09-14,-0.005411052342846551,0.012050511406262133,0.006417907636002404
2021-09-15,0.008317971241020789,-0.003513362650008819,-0.005881528710091136
2021-09-16,-0.0015866074146950403,-0.004593054301416814,-0.022902242747818987
2021-09-17,-0.009788921253692637,-0.0048153324438994245,-0.0015862999324902439
2021-09-20,-0.016814709619281214,0.012326184719396784,0.007118755657039398
2021-09-21,-0.0009450842562417008,-0.0008613106721285877,0.00664689654260444
2021-09-22,0.009707664001836189,0.0059465940940485445,-0.0037409995549623856
2021-09-23,0.012076613558421696,-0.022855847381538754,-0.011613566243419594
2021-09-24,0.0016460494933097597,-0.009821553941951108,-0.0012850982867509395
2021-09-27,-0.0028649706037690236,-0.0036829052742073354,0.0020798706668898187
2021-09-28,-0.020357701302255643,-0.015699244996101588,-0.009763940911599527
2021-09-29,0.0016815459207974411,0.0017332427511624956,-0.0045149330127863515
2021-09-30,-0.012297519531317117,-0.00013814370588719814,0.01781698430701417
2021-10-01,0.011814188979331492,0.00838048362930985,0.0022505110921036547
2021-10-04,-0.012980065651039535,-0.0025488642774017882,0.004667408258473528
2021-10-05,0.010351466108996987,-0.009703852088436342,-0.004667408258473519
2021-10-06,0.004147141832312543,0.0056257851248807614,0.002669757352534067
2021-10-07,0.008608622978014647,-0.01051299743560501,-0.005285683868044846
2021-10-08,-0.001825371782803144,-0.007023188013003094,0.00042627404378714777
2021-10-11,-0.007266006474193226,-0.0025407344052865103,-0.0018893655741350408
2021-10-12,-0.0024646075722817803,0.016955398867737205,0.004504271350483098
2021-10-13,0.0035911740919119303,0.009679384615358036,0.01763773443447277
2021-10-14,0.01668070381402756,0.003708202874186072,0.0024434808580754102
2021-10-15,0.007586692337094755,-0.005843362212134786,-0.0160204917648545
2021-10-18,0.0029563248203755754,0.004677844062206536,-0.002482990902389477
2021-10-19,0.007685266177134986,-0.01389054304947134,0.003208519186409284
2021-10-20,0.003920057965587204,-0.006773226521497563,0.008725778175468667
2021-10-21,0.0026048847593634268,-0.001191831772741303,-0.0008991093021597419
2021-10-22,-0.0010368912733411694,0.01095262025622689,0.006098334452755203
2021-10-25,0.005348732349669769,-0.001527511143756895,0.006890365329616705
2021-10-26,0.0008996293269336194,0.008235230288996725,-0.007427027125168416
2021-10-27,-0.004440203264360528,0.0180307856289631,0.0026206236403640355
2021-10-28,0.009602870580680111,-0.0033901046445010434,-0.00023791366260843256
2021-10-29,0.0020269066255878486,0.003051790085345999,-0.008544299301700552
2021-11-01,0.0017187952167028006,-0.007226334482460371,0.005207004497418708
2021-11-02,0.0040347443472963825,0.0044287566874351226,-0.0021513131388870075
2021-11-03,0.006086774051816482,-0.010387524887681559,-0.0083501482773226
2021-11-04,0.004701439041619379,0.010455436101726499,0.011277125295739413
2021-11-05,0.003463771294950026,0.01484514719859152,0.012978359326946427
2021-11-08,0.0008530777007700015,-0.0018768390651880624,0.003585184846901929
2021-11-09,-0.0033107062720843816,0.012934212932350461,0.004916006634195484
2021-11-10,-0.008077278355538186,-0.018452000664975505,0.010800248284572371
2021-11-11,0.0003234041395629288,-0.0014859162450784134,0.005586453042738802
2021-11-12,0.007518371812263171,-0.0044022474453648845,0.0018934614978916627
2021-11-15,0.0003423783192357066,-0.012636276615805431,-0.00154894492430588
2021-11-16,0.003950085318595481,-0.0025462285087792013,-0.007260156004477963
2021-11-17,-0.0024320896180553236,0.007893485829462338,0.009095692432078762
2021-11-18,0.0033906434809782963,0.003753500023015229,-0.0032143154449525086
2021-11-19,-0.001789840300223306,0.010502684949311362,-0.007675708262916443
2021-11-22,-0.002819174414663692,-0.011797768797781041,-0.02267561664312034
2021-11-23,0.0013251433309207548,-0.014564850489806377,-0.008690053468478977
2021-11-24,0.0026662990987246287,0.0159284096109538,-0.0009569597921073518
2021-11-26,-0.022555896006665504,0.024955071582887834,-0.0016168462526691021
2021-11-29,0.012192171373270569,-0.00807057502263224,-0.0013795005365548109
2021-11-30,-0.01964947157870373,0.015087061189637794,-0.006744546424564762
2021-12-01,-0.01116943940230778,0.006150040777129516,0.003980006790395922
2021-12-02,0.01520026816370842,0.0012467653397552772,-0.005552205835401061
2021-12-03,-0.008739361744556397,0.011861428088979931,0.008376819081740972
2021-12-06,0.011773832458584689,-0.01383019673404192,-0.0024635953850727986
2021-12-07,0.020473716882079322,-0.008113053460190362,0.0035432060613326127
2021-12-08,0.0026445228125041575,-0.017435736341081736,0.0005393685677794685
2021-12-09,-0.00677446175329697,0.005577526729361509,-0.006130129283900702
2021-12-10,0.009369452014762622,-0.002414978995890936,0.004211020685246302
2021-12-13,-0.008897853603608957,0.014670823549922704,0.002518126917516811
2021-12-14,-0.006903769342663697,-0.002385949755825828,-0.009385206339641532
2021-12-15,0.015504363120904868,-0.009668350445627426,0.004282351988516796
2021-12-16,-0.008857769908132505,0.00038869994750364954,0.012024970840539904
2021-12-17,-0.010699848717814327,0.011267603588962448,-0.002143116686188639
2021-12-20,-0.01069064931769287,-0.007519782221045985,-0.004240244730917084
2021-12-21,0.01760333280937715,-0.0038150738219781227,-0.00041897618344674124
2021-12-22,0.009949066959909162,0.004616549308311365,0.00935611880010715
2021-12-23,0.006202794027749988,-0.008714974296075649,0.002251481491211197
2021-12-27,0.014052889764799691,0.002421383239602204,0.002364450476828884
2021-12-28,-0.0008176549299687571,-0.003971448161519604,-0.004319380340024978
2021-12-29,0.0012784966410429818,-0.010984776691543824,-0.0002965516280151311
2021-12-30,-0.002768173001363375,0.008351308318848219,0.007151581744182501
2021-12-31,-0.0025236296305322058,0.001959091762101059,0.006808358432551388
2022-01-03,0.005773259538481145,-0.026600972691422434,-0.015503300973700684
2022-01-04,-0.0003349256857087356,-0.0041664156346350005,0.007339514803169255
2022-01-05,-0.019388905541028973,-0.0054431223858200485,-0.003012197052209778
2022-01-06,-0.0009397460710456354,0.002585441483982029,-0.012319703780209438
2022-01-07,-0.003961265630303643,-0.007213948032104246,0.004540812572282988
2022-01-10,-0.0012452894041340746,0.0024574087741728815,0.0030355936239956378
2022-01-11,0.009067196993123368,0.006639258056994547,0.01199245713664559
2022-01-12,0.0026997314075719423,-0.003838483481056076,0.0026391371424113854
2022-01-13,-0.013874256900708424,0.008841470088234197,-0.003402771341298051
2022-01-14,0.0004088216232181423,-0.015224619636925667,-0.002883829150556528
2022-01-18,-0.01786820051584077,-0.014175168046251586,-0.0016516182679313014
2022-01-19,-0.010438018749226735,0.006899947167958972,0.015755750605134237
2022-01-20,-0.01112975311959434,0.00614802676034208,-0.0025020112544038944
2022-01-21,-0.01982574676816573,0.011836173781046757,-0.003267771913809988
2022-01-24,0.0042378111525343,-0.008249382734029528,0.005479160681096094
2022-01-25,-0.01228420652587237,-0.0016158495624944947,0.003192034576976311
2022-01-26,-0.0025120555283301292,-0.012167839052947545,-0.01629856790431354
2022-01-27,-0.004950152747164879,0.018196970097550398,-0.01298211532059733
2022-01-28,0.02453211009200186,0.0003492874447803758,-0.002987752337666492
2022-01-31,0.017850656857174883,-0.005183959860296744,0.005907056331230696
2022-02-01,0.006734166047889284,-0.003324673489075702,0.0008325368758188378
2022-02-02,0.009667295350339377,0.003381060778450469,0.00361943388995412
2022-02-03,-0.023785594329200188,-0.007836629378145677,-0.0014224174555621005
2022-02-04,0.004691108608676838,-0.014852029697226387,0.0015408910869810946
2022-02-07,-0.0032143480362314012,0.000646939254582727,0.007375317353577323
2022-02-08,0.00819422281577807,-0.006707914303889868,0.0030522079460774463
2022-02-09,0.014529991543685717,0.0018801742158447911,0.003393414275398407
2022-02-10,-0.01812879806135094,-0.01602044673046852,-0.0038037857675304026
2022-02-11,-0.01991589692605722,0.014719290573884415,0.018875607865561438
2022-02-14,-0.0032748017269180244,-0.01251955178046566,0.005336451777182292
2022-02-15,0.015998312303112182,-0.011417402369857171,-0.009545260370239185
2022-02-16,0.0011202094793048955,0.005909223349408232,0.01023173130733765
2022-02-17,-0.021592850665826148,0.007410982998668785,0.013575508168976262
2022-02-18,-0.006496172820534365,0.010471778374152394,-0.000733724019731723
2022-02-22,-0.010789533739547994,0.0026012601348429443,0.002086858856896338
2022-02-23,-0.017897947567985288,-0.013877519258891578,0.004497100140272996
2022-02-24,0.014937100868377701,0.0006582958663875979,-0.006471023453826176
2022-02-25,0.021823934333384098,0.0007307771546913266,-0.0033362372759372606
2022-02-28,-0.0025616422788814737,0.02168192852872309,0.010311993951243732
2022-03-01,-0.015347520009427738,0.011495080198053375,0.01800043176575384
2022-03-02,0.01822894379990999,-0.03478022756483231,-0.010460864384517259
2022-03-03,-0.004990752556738719,0.010133755187973959,0.005935763844875876
2022-03-04,-0.008157775648407474,0.01711634347869311,0.015803608419049087
2022-03-07,-0.02992244399330302,-0.0076588063956259615,0.014753495270293054
2022-03-08,-0.007610525858329167,-0.010110749776566402,0.026991429368426304
2022-03-09,0.026457526669532938,-0.009847148567134168,-0.030161495266205762
2022-03-10,-0.004525763658742056,-0.014471540154788829,0.003116366878477797
2022-03-11,-0.01279641343269194,0.003341159495204822,-0.007052696024243029
2022-03-14,-0.007335305630359641,-0.02362592823862305,-0.01518847505814139
2022-03-15,0.021752148522097756,-0.0017470090597515497,-0.018882610033681094
2022-03-16,0.021932047662623876,0.009759835093670448,0.006241285995487705
2022-03-17,0.012433039464336677,-0.007481634152792629,0.004876733952655098
2022-03-18,0.01089339088616385,0.012138886647206342,-0.008828710707897394
2022-03-21,-0.00029251804899433156,-0.023429085082044478,0.00761175501954624
2022-03-22,0.011633480203904088,-0.012894230671915278,-0.007277189924242526
2022-03-23,-0.012961936328912141,0.021677991323445504,0.013567209576051467
2022-03-24,0.014961752902279038,-0.007863425225681134,0.007234137513108609
2022-03-25,0.004871852883523606,-0.013969900364167379,-0.004103860537691329
2022-03-28,0.0070877214039721855,0.008512856146936145,-0.018371517706821095
2022-03-29,0.012294840830207689,0.007524447124769212,0.00044668806848975184
2022-03-30,-0.0061937813418097174,0.007771268220324888,0.008006283379257595
2022-03-31,-0.01551103104303929,0.002425701611521341,0.00038752078804877134
2022-04-01,0.002830210885403907,0.0037996263634574243,-0.00638621587890147
2022-04-04,0.008530169356794967,-0.006974154594718514,0.004835061682683925
2022-04-05,-0.01271176552420266,-0.022851557351104574,-0.006284549046099261
2022-04-06,-0.010049882881270102,-0.008127020843664559,0.0023404756196963713
2022-04-07,0.005026298942532069,-0.007560828450034734,0.0037777415804506904
2022-04-08,-0.002677451934854771,-0.010889930927117963,0.006246419748615932
2022-04-11,-0.017240148301140252,-0.01595136748083652,0.004947206140849894
2022-04-12,-0.0037121395673179176,-0.0013815678442729699,0.007647435301758943
2022-04-13,0.011388576230250993,0.002030780905760749,0.004777109287769396
2022-04-14,-0.012529905860946695,-0.020248479312251832,-0.0033090194372706765
2022-04-18,0.0004109813807484479,-0.004981644618027346,0.0030924062818564585
2022-04-19,0.01601367459163816,-0.007518740274996167,-0.015228268112133887
2022-04-20,-0.0007417159668565309,0.019925547923790195,0.0048830061930919995
2022-04-21,-0.015066383269479068,-0.007425163030766516,-0.003563943502360224
2022-04-22,-0.027822757502314274,-0.006314531666161543,-0.009769661352400816
2022-04-25,0.005780799669813429,0.009951411964234498,-0.018134432520229594
2022-04-26,-0.02938842104545818,0.010016397971864946,0.0015238553873300224
2022-04-27,0.0028078072715007397,-0.012908493359979841,-0.007585723242633687
2022-04-28,0.02494577462050003,0.0014882818635465714,0.0053838047894630165
2022-04-29,-0.03765577329864276,-0.013057879863006872,-0.00011298334784093811
2022-05-02,0.00600137286849006,-0.01748569139821706,-0.01871452290294498
2022-05-03,0.004573636740339143,0.006718972805124619,0.0026457593569150124
2022-05-04,0.029998511374207004,0.005494822450049171,0.009774616775434711
2022-05-05,-0.03618999326977021,-0.027780565478625775,-0.0038184194446891804
2022-05-06,-0.0059867697512298425,-0.014845006417805492,0.0016545049194706565
2022-05-09,-0.032541037159986484,0.008758739254815694,-0.014585347642546313
2022-05-10,0.0023078962695477225,0.009028896197947972,-0.00848106565352078
2022-05-11,-0.016013704559443846,0.019089077094983243,0.008133958004822058
2022-05-12,-0.001044384016998601,-0.0018672153346487043,-0.015452706170676834
2022-05-13,0.023626406365198003,-0.014891388294314386,-0.008142627698810948
2022-05-16,-0.004065768488757591,-0.0010353122532852413,0.009493279652076629
2022-05-17,0.020361780663108568,-0.01215667107631836,-0.006299094085683991
2022-05-18,-0.04114679617971486,0.021093477060101846,0.000531343704844183
2022-05-19,-0.00614331099122542,0.0023921739919756705,0.014590277160260899
2022-05-20,0.00043634784871151943,0.011286203985661818,0.000697767757192036
2022-05-23,0.01853723357317265,-0.01659116307366635,0.004639589893868967
2022-05-24,-0.007663216986153645,0.019539898552348268,0.007493711725538028
2022-05-25,0.008796382392101376,0.003946526220704279,-0.006048248796558386
2022-05-26,0.019784158624440926,-0.0045355476858207865,-0.001850609639927292
2022-05-27,0.02425258333160676,0.002438345017620303,0.0005208853826908474
2022-05-31,-0.0056265615992140226,-0.021389222104851766,-0.009942270255165302
2022-06-01,-0.008121503018961604,-0.001143580887207625,0.0063488366174163004
2022-06-02,0.018864343296609968,0.0005157742625164309,0.012234040087981134
2022-06-03,-0.01654760868005946,-0.00215209978740538,-0.010203900438868029
2022-06-06,0.003040222047945043,-0.01861578481454301,-0.004413447852864014
2022-06-07,0.009546453520730084,0.010741898668693973,0.006497267812168451
2022-06-08,-0.010931598008888493,-0.008899514117176955,-0.0009256257836888652
2022-06-09,-0.024070359901176473,0.0033247243214929553,-0.0031883338247287547
2022-06-10,-0.02942420475077129,-0.006221301430796573,0.013323135228160962
2022-06-13,-0.038707764650976244,-0.031882096995674465,-0.02676735882447253
2022-06-14,-0.0030179804392469634,-0.012693707453566818,-0.008035407203286724
2022-06-15,0.014155545685707179,0.01848471443429282,0.012966509676610984
2022-06-16,-0.03365590926898208,0.007907856315591892,0.011180446816136464
2022-06-17,0.002153255460484655,0.0032172882398388935,-0.008256810144045654
2022-06-21,0.02486218558116091,-0.01709744957162524,-0.0037437854344901486
2022-06-22,-0.0018147741300099357,0.02712916174411158,0.003977268335422712
2022-06-23,0.009755045912625675,0.008180919587644475,-0.006148118298448717
2022-06-24,0.03129872651457815,-0.01393940678851044,-0.0009989609969459391
2022-06-27,-0.003826970697212482,-0.00856527390391283,-0.0011176944418580068
2022-06-28,-0.020644674575774784,0.0046487889313782315,-0.0016493806069405818
2022-06-29,-0.0008146275107528509,0.015487895276696268,-0.0007666517068580592
2022-06-30,-0.008157660063632109,0.008743592586247757,-0.006095587698335223
2022-07-01,0.01052133543677834,0.010214332691049873,-0.0008313996785857856
2022-07-05,0.001886638621244348,0.007826119122371784,-0.021437799680384485
2022-07-06,0.0033716287004798592,-0.016933340540554072,-0.01596901758740465
2022-07-07,0.014866209793243178,-0.008839153471439038,0.0005548992912700342
2022-07-08,-0.000822979013672293,-0.011137785700615885,0.00043143823725389326
2022-07-11,-0.011489315105239695,0.01709732862101639,-0.0053749265251639535
2022-07-12,-0.00888839993602555,0.005924471747665982,-0.0037236489059839332
2022-07-13,-0.005265529772198276,0.011400962755664027,0.004776265963686179
2022-07-14,-0.0024314223065439473,-0.0081920696099454,-0.014146649261641277
2022-07-15,0.01892495729738447,0.00561236346965821,-0.0020104758163567997
2022-07-18,-0.008291343868407072,-0.010472862879256428,0.000942949789432323
2022-07-19,0.026660602156773783,-0.00540940447246938,0.002384623832616704
2022-07-20,0.0063529233018071235,0.002620950739047621,-0.009446509339211243
2022-07-21,0.010131840961454915,0.017128500384688897,0.01401179660226555
2022-07-22,-0.009321573343725973,0.016671123169821514,0.0024926409954947677
2022-07-25,0.0012142941381582581,-0.009833019546910328,-0.0027423043036363935
2022-07-26,-0.01190154269962423,0.0007666800829080056,-0.001186514317386386
2022-07-27,0.025635106250775842,-0.005633885710750926,0.010133467249785824
2022-07-28,0.012464310175218731,0.007929258293461822,0.01211168004371747
2022-07-29,0.014473352240668633,-0.00272081587646063,0.0028071459585694595
2022-08-01,-0.0029655467815108173,0.023797762559419507,0.005651232868696488
2022-08-02,-0.0066191507682240155,-0.02138673140800127,-0.005955990148902209
2022-08-03,0.015538130967073037,0.015621740691348958,0.002435276067987767
2022-08-04,-0.0006756935444018113,-0.00033506213049294643,0.016404693683584038
2022-08-05,-0.001691936534940091,-0.024091450786910436,-0.011309781450742627
2022-08-08,-0.001161303659946256,0.016012676348432203,0.008434348290836127
2022-08-09,-0.003979216693663021,-0.0038945173325294954,0.003054867797077557
2022-08-10,0.020786633273742812,-0.00655274586607319,-0.0025151110588634198
2022-08-11,0.0,-0.02358535697939614,-0.002641706914863643
2022-08-12,0.01678715244792317,0.010089675495338353,0.009155976822720392
2022-08-15,0.004112371961068749,-0.0008658990286126017,-0.012950528089989187
2022-08-16,0.00195684362048833,0.0041488894640595055,-0.0017516299628300418
2022-08-17,-0.00712331178230017,-0.010492001902023939,-0.006489345947105167
2022-08-18,0.0029023178432882844,0.0014809240401163972,-0.0026198444873023344
2022-08-19,-0.0135291581037312,-0.016233592626397994,-0.007347552958114958
2022-08-22,-0.02104250889271015,-0.003367144669179913,-0.00665930336783302
2022-08-23,-0.002421994654539826,-0.0055184515409656,0.006966551217581505
2022-08-24,0.0031960890231212467,-0.007345738529595521,0.002944580504679446
2022-08-25,0.014018625937100527,0.013839846586737694,0.0030581063588208724
2022-08-26,-0.034435111310052745,0.007509337540711451,-0.012227153201929956
2022-08-29,-0.006634148069389313,-0.008307560154340672,0.0006180465249853886
2022-08-30,-0.011038651464331918,0.002481809098249012,-0.008375556136480044
2022-08-31,-0.007638068545336585,-0.009607131252872958,-0.0077553096129762645
2022-09-01,0.003132918100383433,-0.018477511118498685,-0.00882902347465035
2022-09-02,-0.010600265731875435,0.005640978050737411,0.00876617372318804
2022-09-06,-0.0037803338713796406,-0.025080680367950976,-0.005856578259356107
2022-09-07,0.017805441822593946,0.01569163561046345,0.010117286090114818
2022-09-08,0.006515197340189571,-0.010310114547119265,-0.006020378897494643
2022-09-09,0.015415607001605552,0.002218087129551576,0.005269846503477033
2022-09-12,0.010690225937491896,-0.008250895150385214,0.005055386193321507
2022-09-13,-0.04445613894521308,0.002324305828674916,-0.013096728906648173
2022-09-14,0.0038085026116563532,0.00343057332820444,-0.003855034555311845
2022-09-15,-0.011418006809218286,-0.0006480535263364472,-0.018855801737618274
2022-09-16,-0.00765826602603184,-0.008370140935824371,0.005533767627080334
2022-09-19,0.007725026065780025,0.0023318107278148593,0.0007697907679810017
2022-09-20,-0.01154484151557676,-0.010020358249221317,-0.005722932055293624
2022-09-21,-0.017597867362158168,0.016614413991298278,0.004632228320962459
2022-09-22,-0.008435510222916456,-0.025880326827668745,-0.0005778441890031698
2022-09-23,-0.016896479707447447,0.0040759467905839165,-0.017427816406674814
2022-09-26,-0.00994192299206247,-0.019295338287410684,-0.01170141432179742
2022-09-27,-0.002556040522149417,-0.02668393939496183,0.0020477436877313054
2022-09-28,0.01948520100585875,0.032933601546336407,0.020573557832177892
2022-09-29,-0.02111017072262362,-0.005189534212429749,-0.0001939471718055397
2022-09-30,-0.015584391007503348,-0.012994524137989011,6.462035224685361e-05
2022-10-03,0.026058856374871722,0.015764569564868533,0.024019005945363412
2022-10-04,0.0305160800311336,-0.0027970967080292717,0.014226444596111972
2022-10-05,-0.0023309122945254037,-0.009607421439439393,-0.005553659432976476
2022-10-06,-0.010369267766629013,-0.00557387739046958,-0.0011269264553861384
2022-10-07,-0.02829036533734767,-0.00975519508121467,-0.011023386142689101
2022-10-10,-0.007664607208167568,-0.01566807034751872,-0.015318203217156916
2022-10-11,-0.006353227040129157,0.004415507110004953,-0.002060212330939929
2022-10-12,-0.0033037683435425238,0.004895329651085547,0.005335071671709423
2022-10-13,0.026048864248721548,-0.009612590907390814,-0.006947611087114204
2022-10-14,-0.02305251286514528,-0.008284735585239962,-0.012537160793022467
2022-10-17,0.025372327246664807,-0.004881770645471445,0.0028720806307473926
2022-10-18,0.011681169066307581,0.002342569117405669,0.002148660090392182
2022-10-19,-0.0071117004259688065,-0.01837388171677899,-0.013488925988338462
2022-10-20,-0.008420847361908766,-0.017240777831414377,-0.0015834633753089122
2022-10-21,0.02401119849114147,-0.018187124855717544,0.01767059741452654
2022-10-24,0.012161996207569624,-0.008298559497028972,-0.0032488658845126403
2022-10-25,0.015842538825674275,0.028696350798099703,0.002275353560635257
2022-10-26,-0.007562800677243458,0.014304630338210092,0.006343446354353355
2022-10-27,-0.005354176288527749,0.010416298927939082,-0.0015497241473593686
2022-10-28,0.023511946639045444,-0.006897678229501019,-0.01026317410117862
2022-10-31,-0.0072493246839331685,-0.0071536625175709165,-0.008194886192774814
2022-11-01,-0.004385386993084765,0.009302079714513177,0.010151726172797497
2022-11-02,-0.02541646240101561,-0.004349450765304392,-0.006996970202892216
2022-11-03,-0.010350248207912012,-0.005411479399535278,-0.003813297433937162
2022-11-04,0.014290390332184856,-0.016943475641499315,0.0302345832528433
2022-11-07,0.00952024511158486,-0.01002643030304774,-0.003970260739379374
2022-11-08,0.005380681620155753,0.010875345279002921,0.022836328940686813
2022-11-09,-0.02081714884570271,0.0032816704601473824,-0.005029894759161607
2022-11-10,0.05349749982273843,0.03775239103520568,0.029990153003992607
2022-11-11,0.00963195043435432,-0.0036711645601122155,0.00658459794711783
2022-11-14,-0.008543248296329204,-0.0024544034657615365,0.0021852662272774694
2022-11-15,0.008492917748022763,0.016050586410410333,0.0035106980811025834
2022-11-16,-0.007658148564929263,0.021632385480632947,-0.0022987420952167376
2022-11-17,-0.0030645592428567947,-0.010607945860218971,-0.007293959961673216
2022-11-18,0.004530182959863412,-0.006901204441602333,-0.006917507382313755
2022-11-21,-0.0036426390872235665,0.004206138510995417,-0.0056056352070885974
2022-11-22,0.01336722929790707,0.014091928073346768,0.0011730356909015207
2022-11-23,0.006281833039059202,0.01729148957021398,0.006212503317279542
2022-11-25,-0.00022358740125822196,-0.003395734566360414,0.000858102340972588
2022-11-28,-0.0160859369467906,0.0028144887597795452,-0.007934893665371402
2022-11-29,-0.0017189579736285791,-0.011795253155167187,0.004928261563008794
2022-11-30,0.031014648784289577,0.00732748599269805,0.012700921015012894
2022-12-01,-0.0007361005751229494,0.03144633564290427,0.01821784239630758
2022-12-02,-0.001154417436207606,0.012497028885947059,-0.0034616677176241193
2022-12-05,-0.018153004465451365,-0.014105955622704718,-0.01730780530272015
2022-12-06,-0.014519536903591023,0.012797594545646707,0.0027336344458788004
2022-12-07,-0.0017027002054659669,0.02328951308045493,0.008998493556537802
2022-12-08,0.0078032541561509445,-0.002744471095493666,0.0008413425277820795
2022-12-09,-0.007498278551630791,-0.026358669554827654,0.0035378943750204003
2022-12-12,0.014314378080973097,0.0031925101401831437,-0.008294841833501867
2022-12-13,0.007541322412743577,0.009609609455654571,0.016936889733695327
2022-12-14,-0.006413859672818894,0.00426205854391799,-0.0024359858905979824
2022-12-15,-0.02476602162714064,0.003893904957438923,-0.016494600382901816
2022-12-16,-0.011876394026639578,-0.011233371372507796,0.008671019495160068
2022-12-19,-0.008515690614376473,-0.01694772719749377,-0.0028218082489996433
2022-12-20,0.0013673795991601088,-0.017916802837242334,0.016458298941440037
2022-12-21,0.014841599862674432,0.0025101966276412794,-0.0016573862871153066
2022-12-22,-0.014368685585668952,-0.00019243347524492996,-0.012158980168932585
2022-12-23,0.005735975864477186,-0.014769328935289622,0.002993835039254722
2022-12-27,-0.003951575589393588,-0.019971141525863368,0.008394677302769623
2022-12-28,-0.012505777012222934,-0.005908762765530205,-0.004515989032750605
2022-12-29,0.017840369720244085,0.011287032300254808,0.005582639597805041
2022-12-30,-0.0026376777372808767,-0.011187176154594913,0.004667758029330661
2023-01-03,-0.004218644356986648,0.018904510232247044,0.008335816871946341
2023-01-04,0.0076903176303245455,0.013606954827193493,0.009367889939565922
2023-01-05,-0.01147916466939236,0.004172241640302816,-0.01252963086748756
2023-01-06,0.0226733972605625,0.01822924994578326,0.01853466381119925
2023-01-09,-0.0005672177495449635,0.005310185339183926,0.0022426010679794787
2023-01-10,0.006988482047833301,-0.01668870657670158,0.003669304474491391
2023-01-11,0.012568392988260754,0.01612084082853315,-0.0006870298860052756
2023-01-12,0.003634354682467422,0.019491025726301042,0.011501603213231942
2023-01-13,0.0038719687441373845,-0.009416903131286158,0.011930333702592914
2023-01-17,-0.0018337204193407633,-0.006484693142828032,-0.006566591290624395
2023-01-18,-0.015913731727054018,0.023942674340881827,-0.0028758838411488395
2023-01-19,-0.007306533392749554,-0.006279518978631281,0.015743931377470842
2023-01-20,0.018457550448586275,-0.016343908976136252,-0.0033409804213138158
2023-01-23,0.011927456945579822,-0.004719295390446748,0.0018946378029897782
2023-01-24,-0.0010740865804068078,0.014278121579882301,0.0036119840879409123
2023-01-25,0.0003747269125585206,0.0024220554082904694,0.004593393795208086
2023-01-26,0.010930401343743528,-0.004662960186384151,-0.009096515003608066
2023-01-27,0.0022952526067131626,-0.0025272950991741404,-0.0013939615756237058
2023-01-30,-0.012626446707654695,-0.003661191458347316,-0.002570014931290955
2023-01-31,0.014596526006957078,0.007962960467204726,0.0036296165072691286
2023-02-01,0.010571595703529196,0.011949344168452686,0.012518134528387544
2023-02-02,0.014452130710883028,0.0012930379298855606,-0.0209702840085377
2023-02-03,-0.010686234690285384,-0.015068510337591726,-0.025274496401227434
2023-02-06,-0.006129935756076948,-0.007431245066954591,0.002073259184240806
2023-02-07,0.01299382437000171,-0.008058065662041387,0.0009200023760844002
2023-02-08,-0.010995133261408923,0.004748076431067022,0.002468544755507998
2023-02-09,-0.008706787109288279,-0.00951863519249909,-0.007943887464013586
2023-02-10,0.0023308475687714852,-0.011252781569086566,0.0019053779351280687
2023-02-13,0.011670782546541764,0.008379534999087068,-0.005089097798950408
2023-02-14,-0.00046015936310291267,-0.002304641277294561,0.000753454984742333
2023-02-15,0.0032418735840134823,-0.009368696084582842,-0.010014646847400324
2023-02-16,-0.013864578978108711,-0.014269419004661225,-0.0008195726363130796
2023-02-17,-0.002501276932679435,0.007746289651268064,0.002982339072148569
2023-02-21,-0.02026474456786494,-0.019628967267503624,-0.0037440046605545256
2023-02-22,-0.001379242731148652,0.009122562231139086,-0.0056423768979153
2023-02-23,0.0053054935637903205,0.00972453550241442,-0.0005305918526508475
2023-02-24,-0.010739936706296286,-0.013085902053028129,-0.0072206822499255125
2023-02-27,0.0033999762563017523,0.0027690458268928198,0.003912670406128105
2023-02-28,-0.003702797823370246,0.004533027012934668,0.004545621851780495
2023-03-01,-0.0038433199809762802,-0.010801586509727583,0.005755555600934512
2023-03-02,0.007747370170666209,-0.008906252974939473,-0.000585735153896139
2023-03-03,0.015910439941150968,0.0239370243907666,0.010666001055863707
2023-03-06,0.0006924012839236467,-0.007783803010163121,-0.0050565936951402655
2023-03-07,-0.015447349321421673,0.006113862077192921,-0.017635068390636166
2023-03-08,0.0016306878857824047,0.0009825231203865856,-0.0004745630282821619
2023-03-09,-0.01862213489463702,0.002452265871292341,0.00980112770009771
2023-03-10,-0.014534611659664687,0.03390475592330132,0.021333667247723984
2023-03-13,-0.0014259668978032012,0.002270602224956797,0.022688861946558777
2023-03-14,0.016394703496193572,-0.01657813996380589,-0.005807897981361377
2023-03-15,-0.0062737158705002015,0.01912606591484092,0.007773838437142398
2023-03-16,0.01739273892135934,-0.007853592175412013,0.0020180543660701534
2023-03-17,-0.011761536076620411,0.014897584303820832,0.028704276731304653
2023-03-20,0.009569845651999179,-0.00883647312921041,0.0003807952240648717
2023-03-21,0.013044945817562456,-0.008629152096606694,-0.01905552456933767
2023-03-22,-0.017193287773878962,0.013245336411820442,0.016877382247649345
2023-03-23,0.0026996476723058246,0.0,0.012460224063675791
2023-03-24,0.006540635696144396,0.004220288813996543,-0.011316136891165252
2023-03-27,0.0018679851655928519,-0.023770953360810337,-0.009299831745516636
2023-03-28,-0.0022470772052369174,0.0018190888939009049,0.008155744573006158
2023-03-29,0.014430107151293281,-0.0020111614818315087,-0.0049731154716589265
2023-03-30,0.005838188697584524,0.004590902942024578,0.008998964139577773
2023-03-31,0.013996333745778175,0.014869581398115884,-0.0052258772770236855
2023-04-03,0.003803282422074711,0.004692134482461836,0.00717858251921089
2023-04-04,-0.005563684164970377,0.004959885015555296,0.018469345695108493
2023-04-05,-0.0026215986780591515,0.01039994033621436,-0.0007982432900847153
2023-04-06,0.003893176562130976,0.0025831321004146815,-0.007159660374899705
2023-04-10,0.0010259663477102067,-0.016255494615029186,-0.007427401530065852
2023-04-11,0.00026857977789977483,0.0020577252354812853,0.00630066529229045
2023-04-12,-0.004084406441435348,-0.001028498313009824,0.0048732452945133
2023-04-13,0.013195277985266452,-0.007889510341591046,0.013425150587981827
2023-04-14,-0.002445679200807535,-0.00918845700826322,-0.017869017219899228
2023-04-17,0.003581697879568352,-0.011967207878815748,-0.00446370276447651
2023-04-18,0.0006519823843169342,0.0035571711626297166,0.0038732698004284223
2023-04-19,-0.00016892039476108618,-0.0009602672520682265,-0.004789973842758077
2023-04-20,-0.005471879401133712,0.008513236344364409,0.003930524556986942
2023-04-21,0.0007766506420336148,-0.005635449871758928,-0.009936876904451757
2023-04-24,0.001042578808164544,0.009628020523747761,0.0030347260178608367
2023-04-25,-0.01600119353395608,0.014597198036750587,0.005073426510561733
2023-04-26,-0.0042446048296330054,-0.010715403014165813,-0.005452222698837164
2023-04-27,0.0197124336786703,-0.009971947113736532,5.4098929279836664e-05
2023-04-28,0.008499041645995435,0.01600210061152105,0.0002706158931134578
2023-05-01,-0.001010368979471366,-0.029258861324334518,-0.004501468248394752
2023-05-02,-0.011302748297601065,0.024614712088704662,0.01911282169964576
2023-05-03,-0.006887696409880444,0.005566259316168114,0.00844333039400089
2023-05-04,-0.007108221455633038,-0.00992792155520714,0.007008337579460111
2023-05-05,0.01834335818150907,-0.003331191935692621,-0.015771672012865213
2023-05-08,0.00026645986449582825,-0.01411363350150678,0.0012261535425393925
2023-05-09,-0.004394911350257298,-0.0035838848226781503,0.007061173494320752
2023-05-10,0.004661609048300503,0.009656835303321823,-0.0014294640409972018
2023-05-11,-0.001745712507174546,0.010516174752042466,-0.008619799546280105
2023-05-12,-0.0013112097839365654,-0.008403837824752758,-0.001711544099310757
2023-05-15,0.0034441790703103894,-0.01041173494116433,0.0021389727993926496
2023-05-16,-0.006705154933222866,-0.0030088701077356558,-0.01257816833072297
2023-05-17,0.012066080780856622,-0.0029201205388995548,-0.003467895133703326
2023-05-18,0.009587062839581573,-0.007436420654236234,-0.013057794413406836
2023-05-19,-0.0014562539845337545,-0.007096506261173925,0.009850156652287684
2023-05-22,0.0004061992021389856,-0.0035671844136315528,-0.002344243508491738
2023-05-23,-0.011286384188796909,0.0028744909528156106,0.0012000108481294142
2023-05-24,-0.007271117059119455,-0.004961189060266367,-0.008101176111367243
2023-05-25,0.00862253664937045,-0.0024898551863987363,-0.00966457904681634
2023-05-26,0.01286754788390274,0.00804499730006392,0.003987606250000357
2023-05-30,0.00038087498216533605,0.009941441283281465,0.006171471778321201
2023-05-31,-0.005560735322491818,0.00867921202538899,0.001537018842589403
2023-06-01,0.00945628714072626,0.003915637246127258,0.007867103377943253
2023-06-02,0.014357516850240113,-0.011018703211992907,-0.014857275420164701
2023-06-05,-0.0019179647321975518,-0.0018647554501709043,0.0060023657211361265
2023-06-06,0.002175128366208691,0.005876865467812621,0.0010974372841257363
2023-06-07,-0.0034638136955164713,-0.014955051856846256,-0.012083252758880945
2023-06-08,0.006030408024300892,0.011629189959867583,0.013124733073092816
2023-06-09,0.001792800938176445,-0.0013727953751533784,-0.002688130119841765
2023-06-12,0.009030808917205002,0.002939375688764233,-0.0008792504640156504
2023-06-13,0.00657116147777673,-0.009929952799844776,-0.00739483312084137
2023-06-14,0.0011901909113358846,0.007971300653239945,0.0005537743402144653
2023-06-15,0.012321449144837732,0.009559952375373455,0.007005982383036308
2023-06-16,-0.0034120285295821205,-0.003890970000327856,-0.0015404017609150433
2023-06-20,-0.005201747524713846,0.006896366649501092,-0.010404681043488588
2023-06-21,-0.005136802380748347,0.002417041044896189,-0.0014474699268161662
2023-06-22,0.0036032663447778017,-0.012143881717153185,-0.009966480697039254
2023-06-23,-0.00758886962429534,0.009920490396678004,0.0027534519339434175
2023-06-26,-0.004093994101431456,0.0010640220941891586,0.0017380933759117798
2023-06-27,0.010903564061810984,-0.002613845811785926,-0.00460411859047838
2023-06-28,0.0005042706986493268,0.004255889122789689,-0.002310076023493695
2023-06-29,0.003933639989358808,-0.018213362318622583,-0.0010723394318449203
2023-06-30,0.011731703442812538,0.011725582097888595,0.006641221688667137
2023-07-03,0.0011498437200365048,-0.005685083358307635,0.001121247777740352
2023-07-05,-0.001488318544545846,-0.00954767209048769,-0.003536277643963551
2023-07-06,-0.0078614898535594,-0.014244183527529024,-0.002984649764026069
2023-07-07,-0.002527914062289469,-0.006037164854566447,0.007473004815488796
2023-07-10,0.0025279140622893807,0.001311229702665064,0.0007833887164984092
2023-07-11,0.006348201860993045,0.005127353783879184,0.003740607755698653
2023-07-12,0.00801373047587715,0.011069562362080522,0.013450555215707776
2023-07-13,0.007905661634168282,0.010457821488835992,0.0007144446386035077
2023-07-14,-0.0006230729227253316,-0.005905744249418288,-0.0031917364290746223
2023-07-17,0.0034663420017825267,0.0004931919409210388,0.0007163001287566721
2023-07-18,0.007402962692665602,0.004528790764879565,0.011391151915954547
2023-07-19,0.0022213153775711377,0.011233262957434044,0.00016334311378929522
2023-07-20,-0.006656611617009612,-0.012215773946787046,-0.005076251540707524
2023-07-21,0.0,0.00029490626404487114,-0.003069238517008006
2023-07-24,0.004457389809343479,-0.0036437011744007678,-0.0042906650791519445
2023-07-25,0.0027264137542513697,-0.0018763857192569935,0.0055524167407640206
2023-07-26,0.00015366259781524261,0.000987914826183802,0.0048672507195615744
2023-07-27,-0.006652136052534121,-0.019644817281489087,-0.015836715414990758
2023-07-28,0.009742818888473873,0.005122983361199099,0.007949707574281263
2023-07-31,0.0019021254021203192,0.002402006131791743,0.002690787072192315
2023-08-01,-0.0028655728158280464,-0.016523139273670884,-0.010418766955581948
2023-08-02,-0.014008573030132575,-0.01075635753317707,-0.004776993918500052
2023-08-03,-0.0028699052456758046,-0.023341820022990945,-0.00033420291832367705
2023-08-04,-0.004533056128491116,0.017557109263618566,0.003613876354074006
2023-08-07,0.00869061623332959,-0.009890123637612326,-0.002277988932518744
2023-08-08,-0.004358087164776238,0.011546663548235015,-0.006361270240024672
2023-08-09,-0.006707729574232204,0.00515762358616803,-0.00476956334967285
2023-08-10,0.000358847605875498,-0.016599603242014455,-0.0010691758408616784
2023-08-11,-0.0005833530971390703,-0.0023041173270835816,0.0
2023-08-14,0.005505096137902788,-0.0022044649576607616,-0.003045220530389694
2023-08-15,-0.011717294716479315,-0.006113674738724034,-0.0026580037072091345
2023-08-16,-0.0073652966353605865,-0.007854988997796911,-0.005792775189194925
2023-08-17,-0.007648977254333025,-0.0042717303150003804,-0.0015390561619561794
2023-08-18,0.0004809975501463512,0.0035255028487763446,0.0001711135895520659
2023-08-21,0.006485307745396635,-0.01341976162800989,0.00273392964256731
2023-08-22,-0.002712237481036992,0.007644582992981271,0.0016481975934526548
2023-08-23,0.011076214167280407,0.02447539697066107,0.010113328144583607
2023-08-24,-0.013956014358983915,-0.006615919705772993,-0.0002248455933195227
2023-08-25,0.007025125335869369,0.003260935744026503,-0.0012941233726573686
2023-08-28,0.006321222204022168,0.0010495677654898264,0.002867238875764686
2023-08-29,0.014351247626912221,0.010332546807959473,0.00972069237763269
2023-08-30,0.004110387941660061,-0.0010391359848565193,0.002498750315822613
2023-08-31,-0.0014643344032367518,0.004459939522072681,-0.001665111347163996
2023-09-01,0.0018633392617050098,-0.015701263738617428,0.0004997991755412262
2023-09-05,-0.004331385760250401,-0.014121415251918491,-0.008195174622491511
2023-09-06,-0.006745080989707359,0.0024562821425392466,-0.004544556063018457
2023-09-07,-0.00307496356359482,0.0027697830640097966,0.0010678794784509471
2023-09-08,0.001505092453186709,0.0038218675026964926,0.0003369702787594387
2023-09-11,0.006555052104835377,-0.007231729406326763,0.0018513951035425602
2023-09-12,-0.005500839946296855,0.0057472135444156,-0.005169992663578624
2023-09-13,0.0011654062914614575,-0.0002125966229884526,-0.002312682045193072
2023-09-14,0.008585521074668489,-0.007244057483511311,0.0005080950731221542
2023-09-15,-0.01212157894672893,-0.006112723491187032,0.00658210689497754
2023-09-18,0.0005863601722220328,0.0056850459189516376,0.00587038313631886
2023-09-19,-0.0020760674735543594,-0.007407640833479423,-0.0009480950413542692
2023-09-20,-0.00923573793800209,0.0031198406122767523,0.0007251297423292754
2023-09-21,-0.01666661781912108,-0.026009548406311183,-0.0072748111459232075
2023-09-22,-0.0022510419183743354,0.008016675627108661,0.0031961900557462815
2023-09-25,0.004196395168260136,-0.02491700386416009,-0.005163898932470834
2023-09-26,-0.01480026009776628,-0.0034821210652332315,-0.008023084937964609
2023-09-27,0.0003990745564638479,-0.005189403448036236,-0.012443751217319037
2023-09-28,0.005780792072488333,0.0030493370380540183,-0.005009715204337903
2023-09-29,-0.002429938113109708,0.00011268738887547186,-0.010328505518099336
2023-10-02,-0.00039773928832794554,-0.01688194594060475,-0.0105542058560987
2023-10-03,-0.013476486789526686,-0.021746128789280703,-0.002892421000056923
2023-10-04,0.007255445071839025,0.014009087025065363,-0.00011826350756014561
2023-10-05,-0.00037682483047745183,-0.004997211924050037,-0.0018344684108627424
2023-10-06,0.011802960003672229,-0.01219126280275697,0.005139851922273756
2023-10-09,0.0063817028561258945,0.023198251470019027,0.018218478536943455
2023-10-10,0.005191382494553534,-0.0013834230518754709,-0.0016795054754092334
2023-10-11,0.0040879393990297,0.020671137874344346,0.007276507826110017
2023-10-12,-0.006115097766166936,-0.027502565233411148,-0.0030543103873241243
2023-10-13,-0.004993284607923227,0.01773386705647424,0.03164231938177581
2023-10-16,0.010466476553466119,-0.01622468669629886,-0.004876800474351656
2023-10-17,-4.6011336069190486e-05,-0.011082373107142598,0.0018525567250013085
2023-10-18,-0.013414442817490387,-0.008836422323857345,0.014367113783494704
2023-10-19,-0.008825399347528013,-0.020685795631583345,0.012199301049654077
2023-10-20,-0.012364114390307645,0.005662399693155414,0.0027271753020748097
2023-10-23,-0.001734830159017672,0.011941786721405688,-0.0033827788768209456
2023-10-24,0.007511170467390939,0.013090499329291115,-0.00010933686369138149
2023-10-25,-0.014456266145470503,-0.022512920316162994,0.004199991317574014
2023-10-26,-0.01204661061857664,0.01522228190171171,0.00157720800379265
2023-10-27,-0.004543252998181523,-0.004258023414525519,0.011562693424814757
2023-10-30,0.01188483802991806,-0.004513735012059991,-0.0056565149769635704
2023-10-31,0.006260667186479181,-0.0048931672021642735,-0.005471503988171267
2023-11-01,0.010608226136515542,0.021449855103352143,-0.0031556165767174377
2023-11-02,0.018983065476103476,0.022540590676925903,0.0033185604405963163
2023-11-03,0.009082116126371786,0.006755885676003768,0.0036323164276059108
2023-11-06,0.002297882244208118,-0.009747337435569478,-0.00782308105070571
2023-11-07,0.002841953057130184,0.014642028734315079,-0.004153745714032089
2023-11-08,0.0007320793471766596,0.01689086167702777,-0.010017653470627112
2023-11-09,-0.007829369589004698,-0.023270138795229118,0.003975057413790778
2023-11-10,0.015484377111726408,0.005584273573710124,-0.010969699953245399
2023-11-13,-0.0009537043850775711,-0.002275518065759737,0.005555261386915847
2023-11-14,0.019214917415898227,0.022414707778294986,0.008879636186604733
2023-11-15,0.002114957337986911,-0.014133980063620499,-0.0026390807860946154
2023-11-16,0.0012223558357607731,0.012349990602656645,0.011222864579353571
2023-11-17,0.0012429757604545983,0.0046757216946259825,-0.00010890827769753537
2023-11-20,0.007668240915252132,0.006089812591818561,-0.0016347162383040547
2023-11-21,-0.002181920431829471,-0.00044180848354599136,0.010740019593542038
2023-11-22,0.003853422709121674,0.0035280635857003555,-0.004271361889171939
2023-11-24,0.00061506912915225,-0.011845313517923348,0.005188115339681599
2023-11-27,-0.0018024079366608379,0.016565988082125695,0.006715220224108336
2023-11-28,0.000989535288353454,0.001969402019823605,0.013243765854618068
2023-11-29,-0.0007036184451832342,0.01249272438579131,0.0014783465644929395
2023-11-30,0.003929658658115468,-0.011618090825925676,-0.004176660491012712
2023-12-01,0.005898494098749308,0.018658426336620893,0.0171240372669512
2023-12-04,-0.005263318990452878,-0.00398688607931931,-0.021850417580745678
2023-12-05,-0.00019694153055345494,0.021258127459699395,-0.003786606077863042
2023-12-06,-0.004038009445649733,0.013230015718805993,0.003680115406357525
2023-12-07,0.007601344744249503,-0.005753673426040438,0.001648967455985853
2023-12-08,0.004290004838834791,-0.008216409457171427,-0.013430173514668298
2023-12-11,0.003882018188333616,-0.0021178527164389485,-0.011104320560253362
2023-12-12,0.004556990291830977,0.0029637031005383106,-0.0005447904909059331
2023-12-13,0.013695725066708008,0.023191234230533986,0.02231176448891427
2023-12-14,0.003204326672045085,0.025680550764694103,0.005845435089187853
2023-12-15,-0.0016478177394892706,0.0011099538499985298,-0.009208782757507668
2023-12-18,0.005609259548535663,-0.007999907387848816,0.004535187656823467
2023-12-19,0.006062474163502776,0.0053739183480567,0.006790830606181505
2023-12-20,-0.013954200520326818,0.006752434422044553,-0.005460866362358439
2023-12-21,0.009437330175177117,-0.00634776001926087,0.007045755720440373
2023-12-22,0.002007569971822722,-0.0045590485957415,0.004424614031362936
2023-12-26,0.0042136173754761565,0.0028389630750712846,0.007591842151508473
2023-12-27,0.0018064527191634394,0.01756471110155129,0.0045275772625212145
2023-12-28,0.0003777851407675002,-0.007289505091645409,-0.005832413160524644
2023-12-29,-0.0028992994004038686,-0.009060772012886452,-0.001568069797763166
2024-01-02,-0.005611941224230658,-0.005781349243990972,-0.0023566846852945507
2024-01-03,-0.008200353107952318,0.004161804938869222,-0.008371755159892112
2024-01-04,-0.003226205128678967,-0.01531120418689085,0.0010041086074332737
2024-01-05,0.001368692913308275,-0.009611611389482915,0.00015844285681933427
2024-01-08,0.014174997638659531,0.009817533014427117,-0.00784697829301582
2024-01-09,-0.00151826216557093,-0.006396439942203924,0.0003193058065587502
2024-01-10,0.005639477509208219,-0.004668570086711081,-0.0022906686849215973
2024-01-11,-0.00044074018207000925,0.005599834124361908,0.001971362878362661
2024-01-12,0.0006926084238445534,-0.0019668421197212966,0.009746417465784744
2024-01-16,-0.003678121303570228,-0.017769740557937973,-0.009533481464917172
2024-01-17,-0.005574202891659646,-0.001583288520916378,-0.011077075533253638
2024-01-18,0.008853497999369403,-0.009338874598684961,0.0081991767942437
2024-01-19,0.012389154198484456,0.0031933491469774513,0.0029842685447011067
2024-01-22,0.002112048561086828,0.0059345573403965955,-0.003785111631635069
2024-01-23,0.002912305176951198,-0.007955675033742454,0.0038915513093621982
2024-01-24,0.0010925855154040305,-0.005874487185029284,-0.008281084265806402
2024-01-25,0.005424169618462217,0.006512950259335992,0.003962127078988696
2024-01-26,-0.0012711318631708015,-0.0019174373904347632,-0.0006949345993064864
2024-01-29,0.007888122690797316,0.011450584615096853,0.007033690942252051
2024-01-30,-0.0007739159346542968,0.009025140189021341,0.0013795741766668092
2024-01-31,-0.0164517325359142,0.0097725908410396,-0.0007426235867567754
2024-02-01,0.013003266305217932,0.0194260850445563,0.010346957700093572
2024-02-02,0.010472318572500718,-0.022336525105287837,-0.009498266920115546
2024-02-05,-0.003647829997863021,-0.020400178351299772,-0.005529246178959096
2024-02-06,0.002899217985046108,0.00972615474225305,0.0052110917695982265
2024-02-07,0.00830575442743371,-0.004851388370964705,-0.0002652330017039186
2024-02-08,0.00044154772428034146,-0.005831500733012129,-0.0009022539588233346
2024-02-09,0.005762693886312025,-0.0020221755610288915,-0.003883683822386861
2024-02-12,-0.00043900998043916185,0.0011710062626611106,-0.0026153866387210066
2024-02-13,-0.013868694587680103,-0.01728333147838814,-0.01388463719494907
2024-02-14,0.009046481197191265,0.005076374033475644,-0.0005962900909107332
2024-02-15,0.006876164642865817,0.0051581525728027385,0.00670130851432818
2024-02-16,-0.004992539450528524,-0.005804600390505296,0.0036558786728406838
2024-02-20,-0.005520508099212489,0.0008618068642876712,0.006045896751115412
2024-02-21,0.0009053747705762388,-0.007134144189984204,5.331114505738622e-05
2024-02-22,0.020484231804111647,0.0048696337920098405,0.0004266309391015458
2024-02-23,0.0006893940158440218,0.013298007036472154,0.005635602023986148
2024-02-26,-0.0036691505157250095,-0.0029873562311542876,-0.002229172292928307
2024-02-27,0.0018559664394876818,-0.007077137771639552,-0.0010632481058260926
2024-02-28,-0.0013225017625187218,0.0063289479621835695,0.001806857807827473
2024-02-29,0.0035884841374487332,0.007032554139110681,0.0051370494877010335
2024-03-01,0.009344462556176766,0.006211433597206918,0.018734204946424127
2024-03-04,-0.0010729948912882857,-0.004030392802830557,0.016045575240364
2024-03-05,-0.010044370377574831,0.014141013201434849,0.006002093012312608
2024-03-06,0.005054488367583385,0.005851336793989596,0.008181839163568716
2024-03-07,0.009877426941399696,-0.0009380047525746466,0.005667751261581818
2024-03-08,-0.0060203848623367594,-0.001774468190960003,0.008417025116951235
2024-03-11,-0.0008601506557910943,-0.0005222819229604974,0.0018333385345244608
2024-03-12,0.010699922739498765,-0.008396430735728192,-0.011000916093968595
2024-03-13,-0.0015686877053337452,-0.0048600213692750836,0.006982966028737541
2024-03-14,-0.001978861955820734,-0.015475869119934123,-0.004183879789555109
2024-03-15,-0.006890121255739691,-0.000322786721409502,-0.003199519647615261
2024-03-18,0.005925532095562781,-0.003017312082754705,0.0016010012977577042
2024-03-19,0.005541659453759607,0.0028018488048917206,-0.0011504677080451668
2024-03-20,0.009206889478417373,-0.0003226850064965569,0.011841472011166752
2024-03-21,0.003299219512316898,0.002150582757111222,-0.0010391759354036452
2024-03-22,-0.0018974465270464181,0.009515361879526328,-0.008053310017860683
2024-03-25,-0.002766887186458195,-0.005013689550166662,0.0031893153617754324
2024-03-26,-0.0018486721012368381,0.002776597693295771,0.0032287432792988957
2024-03-27,0.0083686650046211,0.009868923585814345,0.007214572450621008
2024-03-28,-0.00019087100901500078,-0.0008448402074663246,0.01281752820240996
2024-04-01,-0.0017415026661645437,-0.018816977093637104,0.01015632882706488
2024-04-02,-0.006378459103498509,-0.005525909990323208,0.014664311961913869
2024-04-03,0.0010979353462766234,-0.0002173149380602988,0.008734121015036823
2024-04-04,-0.012281202485631576,0.007146758027387026,-0.005751211782367559
2024-04-05,0.010392704752707538,-0.014016557974691951,0.01696939930469014
2024-04-08,0.0005593345518907342,-0.00010979658147274699,0.006209168519561672
2024-04-09,0.0011560888779761293,0.009259143594822052,0.005482001328254476
2024-04-10,-0.010063693515330633,-0.022034514410098554,-0.009508923035404604
2024-04-11,0.00751844651888118,-0.004554878775570862,0.01924683287449554
2024-04-12,-0.013899122201353052,0.0053307221342721416,-0.013327746093360097
2024-04-15,-0.012607171155347598,-0.01562713988395264,0.01854610800435578
2024-04-16,-0.0018255595049582565,-0.006659469561003539,0.0012212692273934644
2024-04-17,-0.0059358530910613065,0.011037207205375762,-0.007395532411290297
2024-04-18,-0.002059851381457263,-0.005052844269632548,0.0034096367107846366
2024-04-19,-0.008766624545691905,0.0035957267498136058,0.0031266420969041134
2024-04-22,0.00916707671989945,-0.0016838364358064825,-0.025012716627157542
2024-04-23,0.011796635801656942,0.00033663125287572237,-0.0024616906480957905
2024-04-24,-0.00047470101812928156,-0.007100858848122537,-0.0018618228395408355
2024-04-25,-0.003806116721308002,-0.007038395270954335,0.005945756955740473
2024-04-26,0.009429357659694377,0.005226365145509541,0.0032366836371748075
2024-04-29,0.003535125395636542,0.008351423515859428,-0.002033283758808563
2024-04-30,-0.015968078457266277,-0.00857819446858071,-0.02013850411793736
2024-05-01,-0.003252360362180536,0.007344002936521961,0.009021337418355644
2024-05-02,0.009309970276511693,0.004281630972814767,-0.003091862325121168
2024-05-03,0.012319063173120107,0.010068564100539355,-0.0007979449099420573
2024-05-06,0.010273918511684117,0.0038881285274665832,0.010463427933373832
2024-05-07,0.001102757348297172,0.006079695766165036,-0.00461094049941965
2024-05-08,9.665592675573433e-05,-0.0060796957661649895,-0.0029453952906236033
2024-05-09,0.005745360870967251,0.004866953122173021,0.01565541986116323
2024-05-10,0.0012871562924714865,-0.005643107095639583,0.008079783894319735
2024-05-13,0.00013439067691540984,0.002548671413056858,-0.011265319955387511
2024-05-14,0.0045776626362500576,0.005628969850498918,0.008426442720749588
2024-05-15,0.01230703374493729,0.013554935599237502,0.012757032448187955
2024-05-16,-0.002059649813633797,-0.000977552276096255,-0.003900942141432421
2024-05-17,0.0014366339065768354,-0.006761175788471601,0.016363162829441925
2024-05-20,0.0011514030933922905,-0.002958739454336033,0.004015863208074463
2024-05-21,0.002449507972636948,0.005144586523639849,-0.0014706294501547247
2024-05-22,-0.002883604538962723,0.0012005012035875798,-0.018544867564565665
2024-05-23,-0.007330960216997288,-0.006455011193822069,-0.02014614803918644
2024-05-24,0.006594545373011678,0.002958878769998514,0.0009266841017383871
2024-05-28,0.0006986996628617067,-0.014439057872253828,0.01045829379441463
2024-05-29,-0.007027097729175182,-0.01217558122195406,-0.009347362870368763
2024-05-30,-0.006655847760415432,0.009618599892914581,0.0018949634848045166
2024-05-31,0.009066817559088383,0.006766887740528363,-0.005881436093592545
2024-06-03,0.0008152643173277078,0.016045271811557692,0.008878251926791354
2024-06-04,0.0011171839419591202,0.011613384404240704,-0.00901759641821021
2024-06-05,0.011814889864070026,0.007311038114447655,0.011775993219294973
2024-06-06,-1.868670869109989e-05,-0.0015008078552334065,0.0073641743967564136
2024-06-07,-0.0012163270602471668,-0.01851583789160695,-0.036335512840658196
2024-06-10,0.0030849138788194563,-0.00668916096450693,0.009126408480625946
2024-06-11,0.0024052071275365823,0.010289043947185635,0.0028525382508942246
2024-06-12,0.008179715125297094,0.007485650999914335,0.002658183908153708
2024-06-13,0.0020114941480622105,0.014592733006208508,-0.008183543017197694
2024-06-14,0.0006082054652677573,0.00837975214931503,0.012876289526632455
2024-06-17,0.007927405149244088,-0.009978928163853984,-0.005205175700450875
2024-06-18,0.0025373754361409243,0.009133392707743666,0.0039992641040523845
2024-06-20,-0.0027201267770317937,-0.006682648953823922,0.012407060942233438
2024-06-21,-0.0013417347794736794,0.0,-0.015614512577113812
2024-06-24,-0.003255940059233396,0.004036035373625025,0.0039497558204108826
2024-06-25,0.0038436878859990486,0.0016947430766775372,-0.004974590412272679
2024-06-26,0.001247258571437449,-0.014388591106746482,-0.009271011435783051
2024-06-27,0.0015753457737209128,0.003963971567182213,0.011273144249924162
2024-06-28,-0.003943084991060953,-0.01878093543009556,9.297215668029186e-05
2024-07-01,0.0020560703867183137,-0.017409286040978862,0.0026012036358740546
2024-07-02,0.006707061624447557,0.007755093191349048,-4.643502198142268e-05
2024-07-03,0.004452608103751725,0.01304790859470966,0.01120993363706169
2024-07-05,0.005750043604185856,0.00824459270914544,0.013396660734694752
2024-07-08,0.0011532484042928947,0.002158794889877315,-0.012479622087256387
2024-07-09,0.0009720832941763639,-0.004430178210664162,0.00169431118809057
2024-07-10,0.009846537096658284,0.0031354424312777128,0.003653653384415314
2024-07-11,-0.008660054790375779,0.009668462887911488,0.017578001160184497
2024-07-12,0.006287723129165269,0.00426686227139971,-0.0006272936376368344
2024-07-15,0.0027465196976287497,-0.01156334500210816,0.0032219172131206842
2024-07-16,0.005912602733104083,0.014008739588014265,0.01972987782004887
2024-07-17,-0.014120349950791438,0.00021227907135441324,-0.0046540195707980275
2024-07-18,-0.007714511092563839,-0.007673281104325496,-0.006401633154546632
2024-07-19,-0.006662844829532327,-0.00590178444048551,-0.018100662230646155
2024-07-22,0.010257114865312783,-0.002910080573001499,0.0003156824791686295
2024-07-23,-0.0015696808173274184,-0.0014039940393093327,0.003510507096461622
2024-07-24,-0.022923338289020507,-0.010867320070879717,-0.0035105070964615765
2024-07-25,-0.0052240228378394905,0.008161518926620133,-0.015768400613655725
2024-07-26,0.011137540274256409,0.007772870212791232,0.010479424389843233
2024-07-29,0.0005873633552816836,0.005362568583031538,-0.0014060442276131696
2024-07-30,-0.005079137481792084,0.003843180339179975,0.009935936183544776
2024-07-31,0.01612395507060612,0.010177207598183597,0.017948680176279857
2024-08-01,-0.014262233689749982,0.008587939425234715,-0.003448883709883457
2024-08-02,-0.018793971055724147,0.03068581215444676,-0.0019064443892985788
2024-08-05,-0.02955612417522602,0.005276949268410681,-0.01277316576262444
2024-08-06,0.009177319633544118,-0.02262231313070918,-0.008032891286850252
2024-08-07,-0.006706526890504846,-0.007064893439256622,-0.0006798590470787476
2024-08-08,0.022854363696150494,-0.006170719583464864,0.01556622880577821
2024-08-09,0.004399853471957081,0.009813086118236983,0.002452251987911254
2024-08-12,0.0005252791128601685,0.0036295820486817133,0.01699935451192235
2024-08-13,0.01631192693931789,0.006911084718991369,-0.0015335341694870399
2024-08-14,0.003149675037914542,0.006251114391886422,-0.008189191333501105
2024-08-15,0.01699509846021692,-0.008102953344654834,0.0031339290416113642
2024-08-16,0.0022392759875221576,0.0034953501693502603,0.0221408117352879
2024-08-19,0.009516248578393678,0.004607603175304545,-0.0016393656726291592
2024-08-20,-0.0016272802325793085,0.007936387327479769,0.003663270802502215
2024-08-21,0.003430469060078956,0.000608034187652,-0.0013345079227065216
2024-08-22,-0.00787952478369375,-0.009975559512195921,-0.012047289256477975
2024-08-23,0.010569367869092556,0.006525702337232398,0.011487194343258993
2024-08-26,-0.00238666766124232,-0.0025440805949281825,0.0031842629268953445
2024-08-27,0.0013720761757821122,-0.0017335113738806657,0.00270301522962425
2024-08-28,-0.005822240613184723,-0.0012257089848823936,-0.007051666972008083
2024-08-29,8.963514295944983e-05,-0.0032759212371438373,0.005164620716356872
2024-08-30,0.009500831358236398,-0.010720689593561228,-0.0071515197828322195
2024-09-03,-0.020793938882436514,0.016223177514193426,-0.00433295027353233
2024-09-04,-0.002048906081052211,0.012807548242641837,0.0006077417877377091
2024-09-05,-0.0024350438261237476,0.0056401334474969625,0.008297784905920138
2024-09-06,-0.016973525901390535,-0.00010045471726501282,-0.007430165851405754
2024-09-09,0.011134253598962165,0.004309630034516453,0.004197056104325384
2024-09-10,0.004346154257819891,0.006976463044893853,0.004394427867847918
2024-09-11,0.010206607525774205,-0.0007947252598719083,-0.0015918222264343484
2024-09-12,0.008388198853762236,-0.004682696562073858,0.01741476344611925
2024-09-13,0.005208830476103328,0.002692741029876861,0.009894570827460453
2024-09-16,0.001475938592129393,0.009120425279561856,-8.375168155570817e-05
2024-09-17,0.0004085522321088229,-0.004847117121894259,-0.005546263478781612
2024-09-18,-0.002970255093048292,-0.01247338656159712,-0.007740344731775493
2024-09-19,0.016920288190619054,-0.003319256141094086,0.015421236419487627
2024-09-20,-0.00173011316556622,-0.0038354283340714824,0.012630557682531525
2024-09-23,0.0024959490299020976,-0.002126167857173482,0.00193852671610104
2024-09-24,0.0028572723968488395,-0.0002024980501967041,0.013872405171650835
2024-09-25,-0.0022080215191269768,-0.008346985843752574,-0.0013827232563758825
2024-09-26,0.003956620039376676,0.002347991135193357,0.005073989582052931
2024-09-27,-0.0014513438831836665,0.005187489283381313,-0.00796748708764577
2024-09-30,0.003999524638842491,-0.004779501325516722,-0.008031540905021974
2024-10-01,-0.008998908199315047,0.0071940174499981425,0.01043659814331518
2024-10-02,0.00042182484113168053,-0.008463035237996465,0.000203566476664949
2024-10-03,-0.0018296706671466004,-0.009465177511082638,-0.0006922454344502302
2024-10-04,0.009046076687393417,-0.012377070339948006,-0.00199802503899798
2024-10-07,-0.009081377972039366,-0.007564034437370306,-0.0033935140367649104
2024-10-08,0.009412950928073264,0.0016858576902123218,-0.007399232494344503
2024-10-09,0.006902484879616127,-0.005701009768554092,-0.0054610705017173605
2024-10-10,-0.0017513714913717188,-0.003925275370431739,0.007316064767089658
2024-10-11,0.005970505043542121,-0.004046958990778069,0.01085428686886074
2024-10-14,0.008144924674853957,0.0007465580089028962,-0.0016308312397319176
2024-10-15,-0.007800109881737549,0.012084419937971227,0.0034623584364339233
2024-10-16,0.004337233656410895,0.004205391638072717,0.0049891427128232555
2024-10-17,8.58925645394408e-05,-0.015969660517473224,0.005970452161761758
2024-10-18,0.0038390704625848944,0.0007457623700123558,0.010562207979593495
2024-10-21,-0.0016435421029793557,-0.017625392962185814,-0.0001990210805239133
2024-10-22,-0.0005312488754034075,0.0009754475812767148,0.010729555523637746
2024-10-23,-0.009179578267023956,-0.0027118892393811355,-0.012123752431615111
2024-10-24,0.0021604360613353083,0.006388220329998152,0.007663817134299539
2024-10-25,-0.0003453519548623281,-0.00562808821196381,0.0020548662166116312
2024-10-28,0.003086573744166476,-0.0027170131327786174,3.945329776617785e-05
2024-10-29,0.001617112392679575,0.0015223896376520849,0.010835937036952448
2024-10-30,-0.0030297931105654503,0.0029297468737064644,0.005490789207931537
2024-10-31,-0.01979790104818792,0.0016238357151613686,-0.01561647178727062
2024-11-01,0.004211536534342067,-0.014198970031314468,-0.004110813705942248
2024-11-04,-0.0021560966554190026,0.015402848611666098,0.0014248987496042703
2024-11-05,0.012019291671769204,0.00529747316426298,0.0022519104403696992
2024-11-06,0.024561503611189233,-0.027770347436959737,-0.030857976694085517
2024-11-07,0.007702294128307566,0.012450051651521455,0.01594864539186116
2024-11-08,0.0043223151267002624,0.012620905430961574,-0.006792442588197375
2024-11-11,0.0009525017086857624,-0.004876944344090575,-0.02375140115119195
2024-11-12,-0.003111376279506679,-0.015107127060767894,-0.008668821068980244
2024-11-13,0.0004859154178172857,-0.00953123959123236,-0.010132384997697268
2024-11-14,-0.006451148676828508,0.0057739002841295265,-0.002612551531378293
2024-11-15,-0.01289119169285687,-0.0026607705623277384,-0.0017736414154014318
2024-11-18,0.004088979251021019,0.0017746027547133932,0.01884162282592499
2024-11-19,0.0036488622502508948,0.005084544889045911,0.00891942849470824
2024-11-20,0.00033865969984546885,-0.003202353096353483,0.005616245032295766
2024-11-21,0.005354001329545442,-0.0007746506611495421,0.008304918886222272
2024-11-22,0.003094619110609936,0.0005531730480007131,0.012809813332372074
2024-11-25,0.003386504035685979,0.02555866255497358,-0.029901483187305778
2024-11-26,0.00520769935986928,-0.003890040835520292,0.001936433160954421
2024-11-27,-0.0030346234134744385,0.0069048633462215495,0.0022202481870022992
2024-11-29,0.006192931261568145,0.010268538322710134,0.008587567442534243
2024-12-02,0.0017907174823327428,0.0023999612747592357,-0.008792948302693988
2024-12-03,0.00046364520379409103,-0.008666737449127779,0.0020107532444556663
2024-12-04,0.006190426920848794,0.010688617751142512,0.00302908748607766
2024-12-05,-0.0016472773132543597,0.0020180640712178176,-0.0074252082091734815
2024-12-06,0.001894181266867677,0.001484018983087161,0.0003705001517975754
2024-12-09,-0.00516302662219268,-0.009259601598352462,0.009870874002918592
2024-12-10,-0.0031140161881560075,-0.00471600771855161,0.013078415980993926
2024-12-11,0.007701044316991529,-0.009499266679253522,0.009488652360594872
2024-12-12,-0.005166112398574648,-0.012221668372873211,-0.01477229774782158
2024-12-13,-0.00019830445109668795,-0.010263497450231852,-0.01216527622337442
2024-12-16,0.004260717844709574,0.0029908316729267046,0.00241229791280552
2024-12-17,-0.0041285449526605325,0.0024299208398254144,-0.003846011153453628
2024-12-18,-0.03025663268586641,-0.012583158399439411,-0.01937149963953244
2024-12-19,-0.00030700402978853865,-0.015257159626452865,0.0014200879312812307
2024-12-20,0.011939341133761754,0.005677800850214456,0.01037999743966833
2024-12-23,0.005970480936117067,-0.00921450895875656,-0.004719916680210798
2024-12-24,0.011053648424024197,0.004219820125195596,0.001990032656870636
2024-12-26,6.654793950933326e-05,-0.000569290207952819,0.0067284927019149185
2024-12-27,-0.01058244072702645,-0.00823215764485192,-0.006894214453703814
2024-12-30,-0.01147708535707532,0.008004594998987159,-0.0031947790408758405
2024-12-31,-0.0036445987590155186,-0.005367641986224775,0.006214287831739849
2025-01-02,-0.00246009018091868,0.002744541276822394,0.013496228917030742
2025-01-03,0.012425847503526448,-0.0032025563284839432,-0.007895124609843816
2025-01-06,0.005744301818959269,-0.004478027291545702,-0.0012328556129918074
2025-01-07,-0.01136858087573597,-0.01134118109079677,0.0056176267350635505
2025-01-08,0.0014598727819150677,0.0012794110124492296,0.005301603121984425
2025-01-10,-0.015385293664612271,-0.0066475693719448125,0.009512918374949771
2025-01-13,0.001549374852951329,-0.000351129665329282,-0.01000110030367562
2025-01-14,0.001375102794467837,-0.001640301735720209,0.005235693007988435
2025-01-15,0.018026520818241732,0.017088523618341067,0.007461090407550896
2025-01-16,-0.0019251094566192302,0.003222183554058712,0.0068871946090514665
2025-01-17,0.00999004581307188,0.0017216145013824549,-0.005321403332684962
2025-01-21,0.009111659333586179,0.008906407930442393,0.015366546556984287
2025-01-22,0.005605823695157783,-0.005242828162542617,0.005122510213068569
2025-01-23,0.0054430201916929365,-0.007800691844948668,-0.0014158718257654048
2025-01-24,-0.0029235372559531093,0.00448115523052723,0.006199449222329872
2025-01-27,-0.014246372622513881,0.01174001805601388,-0.010459313683880304
2025-01-28,0.008555766143181659,-0.0006798891480807395,0.008619165823801737
2025-01-29,-0.004492956197934756,-0.00204319498158202,-0.0038478030414185464
2025-01-30,0.005352615579224779,0.003742658722160052,0.015031970539815968
2025-01-31,-0.00533606983608731,-0.006587252855981207,0.0019744486005825435
2025-02-03,-0.006752256969374421,0.008109168757816993,0.005323078655223283
2025-02-04,0.006685762103492957,0.003057716717176858,0.00980023748604468
2025-02-05,0.004046468999292339,0.016375465830508827,0.00619034264242983
2025-02-06,0.003469581999365859,-0.0004450321587920438,-0.0026537744373774834
2025-02-07,-0.009195710543224997,-0.006476104576751094,0.001782570144409176
2025-02-10,0.00676814424758305,-0.0030293623274172715,0.01679638680250656
2025-02-11,0.0007601858815281767,-0.006424966767548539,-0.003658285589870855
2025-02-12,-0.0032264595174984105,-0.013662866604253155,0.001046607072714827
2025-02-13,0.010502074533865037,0.016486109850882925,0.009814510830150894
2025-02-14,-4.889201159095012e-05,0.005285651077197314,-0.014983466926549421
2025-02-18,0.00293123154615289,-0.011847665411063999,0.01642526914447792
2025-02-19,0.0023522986053704934,0.0012479039897321448,0.0005539429240083393
2025-02-20,-0.0041689984778472,0.0037338386277737915,0.000516699154436362
2025-02-21,-0.017252130139187114,0.012012643504490115,-0.0009229691054979344
2025-02-24,-0.004560888150754103,0.002897313753705661,0.0054148811569904014
2025-02-25,-0.00498564387997241,0.017100124240067176,-0.013276072540975698
2025-02-26,0.0005048763814527486,0.005889458407352661,0.0015251697060953886
2025-02-27,-0.01609084989213236,-0.00709342879441264,-0.015357280506670757
2025-02-28,0.015485219014424963,0.01219147740879706,-0.006285532695668532
2025-03-03,-0.01767520110632942,0.004656005100241347,0.01309428477593445
2025-03-04,-0.011907557481775362,-0.012391609817113057,0.008660029400338953
2025-03-05,0.010690533007766918,-0.008016532886203744,0.0020791481693780457
2025-03-06,-0.017910702804115892,-0.0033129154817667524,-0.005094160642131142
2025-03-07,0.005589245871600084,-0.0032131940393162386,0.0005218196474086795
2025-03-10,-0.026996895689759954,0.010377686635257656,-0.008794495623060066
2025-03-11,-0.00834740656938894,-0.0071644925959415086,0.01165930639065754
2025-03-12,0.005292425699224186,-0.005991229514099252,0.004337373317600702
2025-03-13,-0.013420227375570299,0.008752964893236131,0.01760034574283983
2025-03-14,0.020445520255304737,-0.005309151461063629,0.0003996778676249641
2025-03-17,0.0076817754422066654,0.004978261357800102,0.005398932434643415
2025-03-18,-0.010867168203057399,0.000992522641488645,0.011604364010877142
2025-03-19,0.010831834033990387,0.005167668512007449,0.00409929439969153
2025-03-20,-0.0028960460442459778,0.0006581472996576147,-0.0012814060805390753
2025-03-21,0.000329886401251673,-0.005936268247260307,-0.008082476604942154
2025-03-24,0.01775015291620303,-0.010306334427500298,-0.004462490783133984
2025-03-25,0.002400961537538268,-0.00011133528248504999,0.004390711790074645
2025-03-26,-0.012010054398934182,-0.006594861315576812,-0.0008263225124260293
2025-03-27,-0.002659206375617657,-0.0029199454127606253,0.013316671121389569
2025-03-28,-0.020344087112420604,0.013739402182244198,0.007384788228782128
2025-03-31,0.0066905127444266636,0.009825009274409428,0.014261049112946074
2025-04-01,0.002820487027786418,0.008628191737663765,-0.0019801896396476866
2025-04-02,0.006308366417925317,-0.0006558718321212582,0.0020495598046479263
2025-04-03,-0.05053657569771326,0.004582894700002266,-0.0060565822044141146
2025-04-04,-0.06032659623728846,0.010828755373787536,-0.02367020473214484
2025-04-07,-0.0017827176166117181,-0.03062037915989994,-0.021719986685703737
2025-04-08,-0.015786669848558,-0.019058768977517234,0.0054290299021522185
2025-04-09,0.09986277900427495,0.005868322229649313,0.036323492196158734
2025-04-10,-0.044808134734808214,-0.027955591517169216,0.02413009288681445
2025-04-11,0.017685648956449977,0.005423767909433873,0.01890679950058093
2025-04-14,0.009654554087174822,0.0071103709160387045,-0.005722318290653523
2025-04-15,-0.002804771606933233,0.0035361299848808104,0.005218738019025799
2025-04-16,-0.022478757708204206,0.005564012146483586,0.032022570753676
2025-04-17,0.0014257021183489845,-0.008871738289437534,-0.004400359490663115
2025-04-21,-0.024090505319343453,-0.017634569883804373,0.030466725196562627
2025-04-22,0.02568506585026462,0.005566286228573881,-0.014297390879940051
2025-04-23,0.015376763747437393,0.00966617550279565,-0.024270798064606143
2025-04-24,0.0208303331520973,0.010481131535958293,0.014451351409752674
2025-04-25,0.007199343111559503,0.00733920988285668,-0.010900878955956528
2025-04-28,0.00038113275073815703,0.006280101289302412,0.014141637459613693
2025-04-29,0.006279729416111831,0.008349627281043152,-0.009786658970495412
2025-04-30,0.0003968412562853548,-0.008126267761344777,-0.007510353244041899
2025-05-01,0.007061905219655941,-0.005083267949158916,-0.02099106650379782
2025-05-02,0.014735015046321336,-0.010883308032446101,0.0017466735903771576
2025-05-05,-0.005750726315531575,-0.005601004102293329,0.029430400577679455
2025-05-06,-0.00839350753239209,0.0033186355540074574,0.027638515747736927
2025-05-07,0.004196603805764702,0.004218289844612821,-0.015106592963135799
2025-05-08,0.006943762624616307,-0.011211614176618898,-0.019890788928179075
2025-05-09,-0.001275013407418191,0.001494590965027834,0.007228485693538802
2025-05-12,0.032512930506473345,-0.00934858355778821,-0.028595551740996136
2025-05-13,0.006582160152134525,-0.004066801292614231,0.004249948759953267
2025-05-14,0.001277374123618803,-0.0066587336766375585,-0.02126227662564288
2025-05-15,0.004872485963342884,0.008752029809195821,0.015837869719407486
2025-05-16,0.006313929660176109,0.0026690188609512816,-0.012160689602209927
2025-05-19,0.0010934317387553984,-0.0029012020287146434,0.012798420816745652
2025-05-20,-0.003367926850315177,-0.007231307029312348,0.018450974483986242
2025-05-21,-0.01699423742680941,-0.01723750112290058,0.007351594562024017
2025-05-22,0.0003944393679912418,0.005226231632159982,-0.008900989925318167
2025-05-23,-0.006849177657161013,0.0016570272082432336,0.021669792905121613
2025-05-27,0.020577386857140823,0.013859853181312887,-0.017094433359300068
2025-05-28,-0.005802239418020955,-0.004325104042722055,-0.002268589173612519
2025-05-29,0.003939550822026856,0.009212215696604758,0.0059072333619440654
2025-05-30,-0.0011189650252875685,0.0015077509958806416,-0.006598665713002106
2025-06-02,0.005616997359165518,-0.009350109333579687,0.026233913208447007
2025-06-03,0.005686492067326742,-0.0017631286794917648,-0.008894994642019345
2025-06-04,-0.0002684866028145071,0.016103211463333576,0.0064213132412345815
2025-06-05,-0.004844393993258094,0.0006941691943881469,-0.005062672644074125
2025-06-06,0.010216529599396354,-0.01280544064939295,-0.01350688232494814
2025-06-09,0.0009007825263943728,0.0010537518751078923,0.004707437493749117
2025-06-10,0.005653919336710204,0.0051364123320734156,0.00029346792267399537
2025-06-11,-0.002856444774509181,0.003023161328478956,0.005397696978330561
2025-06-12,0.003966569085460804,0.011886355678072873,0.01234370232269246
2025-06-13,-0.011243041350998647,-0.009683061158738659,0.01301549409169947
2025-06-16,0.00946929783759263,-0.010128851814171913,-0.014361734303802328
2025-06-17,-0.008581798240983051,0.012095966206922831,0.0005130624809404316
2025-06-18,-0.0001506833221493339,0.0017325970349482181,-0.00540018233840262
2025-06-20,-0.0023513559249965215,-0.0018482852518669555,-0.0004191069541604869
2025-06-23,0.009829085905419983,0.0032321674063860144,0.003058490504208936
2025-06-24,0.010986623382319104,0.00723435866834812,-0.015844238391270016
2025-06-25,0.0005601916132231777,0.0012578602278295844,0.0030327025232496515
2025-06-26,0.007793327898452465,0.005015309742767674,-0.0011076604529502278
2025-06-27,0.004956023121065581,-0.006387574110112276,-0.018289975504647085
2025-06-30,0.0047696865718454065,0.00979297234199404,0.011913301279755133
2025-07-01,-0.00032356909711752665,0.0024763084252521395,0.008883435847179964
2025-07-02,0.004523060037873554,-0.006373867184009143,0.00551237530942954
2025-07-03,0.007850531779521877,-0.006989403340307333,-0.006846293882020621
2025-07-07,-0.0074799806874572905,-0.009589252424483132,0.0007485003525817282
2025-07-08,-0.0005478500810473125,-0.0012779112263106157,-0.010498326962963742
2025-07-09,0.005978679960534298,0.010407150675979152,0.004461316177625558
2025-07-10,0.00281645166694622,0.0006898937343479397,0.002223316131965108
2025-07-11,-0.003521731367040138,-0.013890630632881606,0.00955577301886398
2025-07-14,0.0019065406680941557,-0.0021003937940639174,-0.0036620144241214002
2025-07-15,-0.004282484162491338,-0.007033251694321435,-0.004164364075514542
2025-07-16,0.0033376463505997763,0.0014106322010227668,0.004975696789391886
2025-07-17,0.006101021200978191,-0.00023490399367517907,-0.0021758989541098375
2025-07-18,-0.0007327468795892743,0.001526221996261956,0.0025975477973482998
2025-07-21,0.0018944234234918684,0.008876357191085755,0.015253192127432761
2025-07-22,0.00014304883528634292,0.006028490953091767,0.0094401831613078
2025-07-23,0.008471565294849989,-0.005563410674725622,-0.012478717461642091
2025-07-24,0.00033101651337320615,-0.0017446035607798912,-0.006137070328856787
2025-07-25,0.0042153020955152205,0.006267182940278968,-0.009293039490678532
2025-07-28,-0.00025114140305800806,-0.006499914075021434,-0.006494663067578282
2025-07-29,-0.0026409945017169256,0.016744616645209685,0.002746613677307996
2025-07-30,-0.0012599792644843115,-0.005166750175773928,-0.017424424698434752
2025-07-31,-0.0037583665158933913,0.0005754962768995386,0.006623418228251275
2025-08-01,-0.01652631025031125,0.01411645811411025,0.020096397826572604
2025-08-04,0.015085436995161579,0.002729039611862905,0.005806339793967675
2025-08-05,-0.005082866020789592,0.0030614300798803033,0.0008037680984962059
2025-08-06,0.007630481723073972,-0.005790469691743326,-0.0021233597342562006
2025-08-07,-0.0008379165994030761,-0.0017096688411207533,0.008402586680171171
2025-08-08,0.007767494165048023,-0.004343797041221153,-0.00022360485625666846
2025-08-11,-0.0019795148898448596,0.0011450029051973138,-0.014479017992943764
2025-08-12,0.010589686169909459,-0.005047811597445411,-0.0009078785028290671
2025-08-13,0.003417220281244419,0.00824660573346912,0.003044643380447489
2025-08-14,9.304835729844671e-05,-0.007441851046138327,-0.006358881635978504
2025-08-15,-0.0023439052153203482,-0.00715014455629365,0.0005856467855486066
2025-08-18,-0.0002176999908497987,-0.0028975646101813543,-0.0015624875893944005
2025-08-19,-0.005439781520995422,0.005786943200801138,-0.005488312721199512
2025-08-20,-0.002660639779980055,0.0021902984977586245,0.010071289165624142
2025-08-21,-0.004019951753692285,-0.004963900563744887,-0.00347592916281607
2025-08-22,0.015239990791809514,0.007379275892802018,0.010649518982753443
2025-08-25,-0.004410732996017504,-0.0028760825422164214,-0.002417757282480456
2025-08-26,0.004178225660322436,-0.000576229004043309,0.0072358055476428994
2025-08-27,0.0022760528472097873,-0.0011533622805560526,0.0020166939883499383
2025-08-28,0.0035349649773747265,0.006556555597546557,0.007391652350960381
2025-08-29,-0.005981525599643836,-0.007133782392588914,0.009603638858147003
2025-09-02,-0.0074378320771178565,-0.007469311038403364,0.02336740250914344
2025-09-03,0.005404844299095445,0.01091741275161864,0.007801481349128729
2025-09-04,0.008322874087406082,0.007595165996761589,-0.0044286747373555105
2025-09-05,-0.002900535496906805,0.015132060915466488,0.013257668006979742
2025-09-08,0.0024536436470185014,0.013236218865688824,0.011323711365555902
2025-09-09,0.0023091410242609468,-0.005699218861938714,-0.002272485609217019
2025-09-10,0.002886678736115367,0.005699218861938687,0.0035857690781288176
2025-09-11,0.008275908261508803,0.006663615546780595,-0.0014924929949519461
2025-09-12,-0.0003344825104595188,-0.004326229021321582,0.0019696315993883206
2025-09-15,0.005309604545368743,0.002331935887461671,0.010351078276418409
2025-09-16,-0.0013777893006368918,0.0021052218909769363,0.00200440059968761
2025-09-17,-0.0012431277392708634,-0.002549057300917318,-0.007745087571334619
2025-09-18,0.004661488849796027,-0.010373257998709251,-0.004014356216469492
2025-09-19,0.004940611938543269,-0.0019077169672568836,0.010551365296973236
2025-09-22,0.004720021708708775,-0.00360138304931224,0.017158380367683163
2025-09-23,-0.005458535926498572,0.006965733396223342,0.004078048498240162
2025-09-24,-0.0031866373534349523,-0.0038138708419574755,-0.009104369003754706
2025-09-25,-0.004624120360154389,0.0,0.004156538489887818
2025-09-26,0.00571275501849657,-0.0008995575372895757,0.005755674720215595
2025-09-29,0.0028063993260128138,0.008177960182386368,0.01636192499893196
2025-09-30,0.0037598160850422562,-0.0029050250654513556,0.008503744538253297
2025-10-01,0.0034018138137061633,0.0025791839443961915,0.0015741326049985922
2025-10-02,0.001150976538410923,0.0029078051389078755,-0.003488904306035992
2025-10-03,-1.4657904558725226e-05,-0.001900499316873013,0.008000845595952238
2025-10-06,0.003579727677814527,-0.007975082928597917,0.018670357712142448
2025-10-07,-0.003714424519543131,0.005735146545121231,0.005146197838027116
2025-10-08,0.005945401883836213,0.0007845038572302906,0.016356457714615965
2025-10-09,-0.0029011319903556048,-0.0007845038572304127,-0.018625225753276277
2025-10-10,-0.027399750409471967,0.01601816112035025,0.010047058859954893
2025-10-13,0.01522742852037966,-0.000551899615337762,0.024010471634505016
2025-10-14,-0.0012223561486494022,0.0031968388000263507,0.007115811676483972
2025-10-15,0.00442973539971396,-0.0022036739176553655,0.01718391083164241
2025-10-16,-0.006833553339222577,0.007472657242865164,0.02311798516943165
2025-10-17,0.0056601507960495736,-0.0015340305283451515,-0.018996349267191237
2025-10-20,0.010346800087175933,0.003830585780951332,0.03575507474940295
2025-10-21,-1.4888195168653318e-05,0.004903067546387584,-0.066427122202817
2025-10-22,-0.005212521308966793,0.0006520742624123632,0.00010605032482095541
2025-10-23,0.005912486173936411,-0.006866987840998612,0.0039943702532297155
2025-10-24,0.00813933818061613,0.0004373568838976514,-0.003358466049881991
2025-10-27,0.011728578980736542,0.003383437209303067,-0.02823439606845571
2025-10-28,0.002652518229437313,0.002611380227415201,-0.007191829710492189
2025-10-29,0.0004802808451470464,-0.010157714057329377,-0.003794458273018786
2025-10-30,-0.011058959871866418,-0.005835531509186288,0.019451474207493994
2025-10-31,0.003274741141104939,-0.002985845595012271,-0.005445349765875755
2025-11-03,0.0018748475745604585,-0.0025039561209369925,0.0017912982604373527
2025-11-04,-0.011924364792743909,0.0022260187118368514,-0.01767243750416923
2025-11-05,0.0034595028635819682,-0.010955963367048975,0.01149801326624798
2025-11-06,-0.010787395796199552,0.008952672158694169,-0.0012012407765740096
2025-11-07,0.0009841326210530013,-0.002118849354129578,0.006100376279774767
2025-11-10,0.01548373166576664,-0.0002233776386779453,0.026974026330607748
2025-11-11,0.0022867227321204217,0.004568015785204666,0.0039300815092205245
2025-11-12,0.0005563526133077044,0.0017768767370500626,0.015982361021277473
2025-11-13,-0.01673325745675324,-0.008245308279894413,-0.00811594387120292
2025-11-14,-0.0001638774077637772,-0.005722118243004288,-0.018212761198262515
2025-11-17,-0.00936001332747048,0.0024724567845743547,-0.011530197275275704
2025-11-18,-0.008433011819925278,-0.00033675691269348715,0.0072386702324458525
2025-11-19,0.0038557933946798384,-0.002023284457425388,0.0016281258445646413
2025-11-20,-0.015359633788199214,0.00393034333729465,-0.00029336859393561273
2025-11-21,0.009912005575245762,0.0030211571916087024,-0.0015485295000223418
2025-11-24,0.014611192863722467,0.0056823078174342715,0.015720029429592993
2025-11-25,0.009362075556057713,0.002552077889733236,-0.0003157406112365523
2025-11-26,0.006879640011072125,0.004422594710311039,0.007966521739529534
2025-11-28,0.005443620924179521,-0.004755147476371862,0.012347782735317652
2025-12-01,-0.0045758860169854525,-0.012526953759411312,0.004809481913078849
2025-12-02,0.0018504473992040423,0.0004503652297044917,-0.006460877304549151
2025-12-03,0.0034568572012480016,0.0028111533761971176,-0.0009300505859088987
2025-12-04,0.0007308840013017557,-0.0054041764410126735,0.0006459865002764292
2025-12-05,0.0018976222112782849,-0.004639341574578156,-0.001783943580710258
2025-12-08,-0.0030087229641654637,-0.0032944950675152422,-0.0026429393579943225
2025-12-09,-0.0008634681746203268,0.0010235386824147669,0.005124051608821799
2025-12-10,0.0066102789313951015,0.003857553883799833,0.004250103468607047
2025-12-11,0.002324189015539355,-0.0013598122141775973,0.010712248978541639
2025-12-12,-0.010810230118248774,-0.009685155283505031,0.005578987507631519
2025-12-15,-0.0015119924890099616,0.0006868448974495545,0.0009099271544499963
2025-12-16,-0.0027360123458741547,0.005477030034018337,0.00022742956353926302
2025-12-17,-0.011064459406396967,-0.0009107426430004261,0.0085515594385759
2025-12-18,0.0075228087151994645,0.004772239286375896,-0.0018048314286412761
2025-12-19,0.009022659376601388,-0.0037394716066267678,0.0011283535131121657
2025-12-22,0.0062105833803140055,-0.0021725218048710775,0.022819254559298667
2025-12-23,0.004560021358380207,0.0016011395078776407,0.013165297757330809
2025-12-24,0.0035114744844345594,0.00603881324102279,-0.00414265150874824
2025-12-26,-0.00010139932864150364,-0.0032997087479555457,0.011609088487159046
2025-12-29,-0.00357004601979764,0.003754071179793667,-0.04450407961760148
2025-12-30,-0.0012219519032080205,-0.0023872823828810508,0.0007273032894686568
2025-12-31,-0.007436477876635229,-0.007999051267493453,-0.006488999253824397
2026-01-02,0.0018313566801574288,-0.0014927111864969887,0.004958545328225588
2026-01-05,0.006638097462000361,0.004928726752761459,0.025972938179914393
2026-01-06,0.0059296425365891,-0.0020602284562760906,0.010755105002161711
2026-01-07,-0.0032287096727215284,0.005826385104925839,-0.009605943617543307
2026-01-08,-0.00010151697411778777,-0.00502467066274691,0.005507322733438559
2026-01-09,0.00659170654645695,0.006618063637075934,0.007215903791294916
2026-01-12,0.0015691127090103857,-0.0029612721162449182,0.018549616736782293
2026-01-13,-0.0020015183920518774,0.001709399433860385,-0.0014220515093612454
2026-01-14,-0.004927431428250082,0.005790752026234021,0.0101703332395237
2026-01-15,0.0027195870150744646,-0.0002267101585604966,-0.0061465119926862365
2026-01-16,-0.0008381155657006129,-0.005791619176042087,-0.0048305320875177415
2026-01-20,-0.02056688995368317,-0.013184647104225676,0.037137944625647984
2026-01-21,0.011475080082455095,0.0075880154635131905,0.014463871678662811
2026-01-22,0.005209442105092939,0.004342814303228214,0.01829421977969421
2026-01-23,0.0003627666495133582,0.0027332673282371277,0.013651695099226603
2026-01-26,0.005065318581955365,0.004765270017449239,0.014522878245374984
2026-01-27,0.003976375303582097,-0.0062447200082023525,0.024235866660731666
2026-01-28,-0.0001006542794352733,-0.002280699181326934,0.03804054442699281
2026-01-29,-0.001986411337447446,0.00022845732063785565,0.002705807739847273
2026-01-30,-0.0029869906429450814,-0.005608251993913833,-0.10841233744964726
2026-02-02,0.004958895607494832,-0.002861084540401874,-0.04087351576386017
2026-02-03,-0.008491279843817664,0.002423395789207194,0.061647351472448514
2026-02-04,-0.00485560828286958,-0.0025390893584234086,-0.0007046601942605336
2026-02-05,-0.012568018340163798,0.01080353168161432,-0.02699275619765067
2026-02-06,0.01900324081384698,0.000685697764311578,0.030269515441489408
2026-02-09,0.004810177089479163,-0.00022869342335606296,0.025085614324893347
2026-02-10,-0.00264061842211495,0.011474325338757795,-0.009963188662021111
2026-02-11,-0.00023118953071278885,-0.00532315642438413,0.011247091222494243
2026-02-12,-0.015569486314655073,0.013198986615242426,-0.03534565209196913
2026-02-13,0.0007043751971721199,0.005476238487216072,0.02457422891441271
2026-02-17,0.0016121291254462533,0.0016706664901600587,-0.031666383600955826
2026-02-18,0.005025049056536283,-0.003790495638874471,0.022240759759257815
2026-02-19,-0.00264092418674341,0.001004791392771711,0.0027891563109147515
2026-02-20,0.007205810380132952,-0.002345968385015472,0.0195226903950525
2026-02-23,-0.01026378875131165,0.0036840048077473554,0.02665702371732228
2026-02-24,0.007242297459189288,0.001781413952598776,-0.013955835494471214
2026-02-25,0.008402737551583621,0.00011119480137698729,-0.0025104111690772445
2026-02-26,-0.005569878011491632,0.003995933170709616,0.008539325114314078
2026-02-27,-0.0048134734682033775,0.006074416434018749,0.01304594710817348
2026-03-02,0.0005684281233357914,-0.010092832528751918,0.012837146760680682
2026-03-03,-0.008853436986445279,-0.0020107213979175783,-0.04563796333219482
2026-03-04,0.007030652997819279,-0.0031359253031754204,0.007787713327779242
2026-03-05,-0.0055912916951613625,-0.004046395514801115,-0.012090565447196364
2026-03-06,-0.013193649019934455,-0.0037235385823510873,0.015708476698148666
2026-03-09,0.00872170347428944,0.008666991981676869,-0.0020718179527898957
2026-03-10,-0.0016083992002456431,-0.010703880122136702,0.011216537509720141
2026-03-11,-0.0012558603954608057,-0.012997571970080939,-0.003395863568684636
2026-03-12,-0.015301401069612555,-0.0019527512591313164,-0.01984963254664512
2026-03-13,-0.005676232645258191,-0.00495646440122662,-0.013021372569552835
2026-03-16,0.010125345604212176,0.007712261991713434,-0.0008900836759419468
2026-03-17,0.002627187301298899,0.002748313680526954,-0.002522571056499545
2026-03-18,-0.0140518979274543,-0.005619225099291035,-0.03214842869758357
2026-03-19,-0.00246740411685479,0.006076394595380023,-0.042088486470760696
2026-03-20,-0.014439618304248125,-0.019155836392781206,-0.031034054726858728
2026-03-23,0.010445312571439996,0.006503393252910826,-0.022853374485926194
2026-03-24,-0.003362466505523035,-0.004408423637277462,0.00022271635118200717
2026-03-25,0.005557344109632972,0.009603696584758634,0.029645532839315883
2026-03-26,-0.018020103424260914,-0.00844181937627386,-0.038318848265911816
2026-03-27,-0.01719897690587503,-0.005473011020061749,0.034492091653875186
2026-03-30,-0.0033490713993909365,0.013223546313867192,-0.0002894695055479165
2026-03-31,0.028653465750654562,-0.0010375968887600534,0.037193492650150234
2026-04-01,0.007506187626788433,-0.0009847238330743353,0.017348463901669588
2026-04-02,0.0009001370277671923,0.006125270045763281,-0.019395701723403234
2026-04-06,0.004715567455062021,-0.0016143972050327953,-0.004107092256447038
2026-04-07,0.00043997233547196115,-0.00011534950462065361,0.009680581273932702
2026-04-08,0.025150658517452035,0.003226653725027332,0.006279313363379332
2026-04-09,0.005752519061712962,-0.0025343058973321167,0.007748433781414136
2026-04-10,-0.000662013761662532,-0.002425182024484815,-0.0017827733092611521
2026-04-13,0.009724896757133613,0.0030017576047641843,-0.004057403475821635
2026-04-14,0.012111276516131756,0.00528843590589712,0.02210325929203807
2026-04-15,0.007860071173856677,-0.004366821713230207,-0.010456884729500534
2026-04-16,0.0024543004353643747,-0.006354449631074894,-0.0008631178955779131
2026-04-17,0.01201326064315531,0.009114744967281093,0.013205474549607812
2026-04-20,-0.0020017791816419116,-0.0002297786708776743,-0.0086484996289279
2026-04-21,-0.006568402399452085,-0.005529324541804572,-0.02872874757171026
2026-04-22,0.010075747850226238,0.0019617971381243405,0.01315885071808192
2026-04-23,-0.0038882668019613125,-0.002192722667922668,-0.009742663076259298
2026-04-24,0.007719371806151774,0.0018469033574500101,0.005114015549751456
2026-04-27,0.0017214591046574,-0.0049716195822505724,-0.007785532512716458
2026-04-28,-0.004877858169884219,0.0010428079965579143,-0.01873736625464264
2026-04-29,-0.00015464636054582064,-0.0077876981672999135,-0.010723068864617815
2026-04-30,0.009900512962030367,-0.0009337718230031381,0.01486229443655377
2026-05-01,0.002765230594941635,0.0035689479747623475,-0.0011336522597227192
2026-05-04,-0.003670107564048186,-0.007621674903633934,-0.02021814296632195
2026-05-05,0.007990235787736218,0.005516803464521984,0.008547670573807937
2026-05-06,0.013803707675276002,0.007579901907928842,0.029888127796577613
2026-05-07,-0.003070799018480286,-0.005007882321577859,0.0016692975079796522
2026-05-08,0.008222159964911331,0.005007882321577884,0.004829858327988968
2026-05-11,0.0022749738046146124,-0.0060594090882460285,0.0020266811021026647
2026-05-12,-0.0015160463008786927,-0.006684097192149027,-0.003965060284398247
2026-05-13,0.005579259663933181,-0.0022382117146354207,-0.00562871133052066
2026-05-14,0.007863252920174398,0.0014140695792990668,-0.007671648257758531
2026-05-15,-0.012102225458758222,-0.014948549996873508,-0.023494231397838114
2026-05-18,-0.0007037610242743687,-0.001196086080463019,0.0027281501848720967
2026-05-19,-0.006683166915053701,-0.0064835154905806,-0.016700574279936407
2026-05-20,0.0101968641567694,0.010663433666445,0.01423595990327424
2026-05-21,0.0019811656495877794,0.0036875704783888357,-0.00098276274381623
2026-05-22,0.003923857355522633,0.005447097708530548,-0.007631102906282901
2026-05-26,0.006616651462080356,0.004947549024289918,0.0004348594550147071
2026-05-27,-0.00017327873570801815,0.0023474389589424665,-0.013398563535697896
2026-05-28,0.005501465824292783,0.005144977846136617,0.010423100202116821
2026-05-29,0.0024883147076365953,0.0002333379309920444,0.010483427987444453
2026-06-01,0.0027193629449604774,0.0005383202326373907,-0.0141482968401824
2026-06-02,0.001357074913811869,0.002103795499410223,0.0016763707549161957
2026-06-03,-0.007041898792235992,-0.003977649646384915,-0.009953528184733784
2026-06-04,0.0037715131775783134,0.0022246582852024277,0.008301422193564091
2026-06-05,-0.02614827540614522,-0.0051594151764460154,-0.037229842768492165
2026-06-08,0.0022616629520545123,-0.005186172855046219,0.0025960589903300645
2026-06-09,-0.002939753909947856,0.005891220284164603,-0.016471383961975034
2026-06-10,-0.015891191735610512,-0.002823451062872576,-0.04233937620833833
2026-06-11,0.016854026987735173,0.012876355942540697,0.030860698069962694
2026-06-12,0.005393635479095842,-0.0024455606317776712,0.0005693171392699535
2026-06-15,0.01748033422318223,-0.0005830814373515528,0.025566728082746976
2026-06-16,-0.005979416619848481,0.005467966805009849,0.0027198311858468048
2026-06-17,-0.012566523983086617,0.0016230965443619855,-0.02297138428233101
2026-06-18,0.010343302943807663,0.0048531852890437216,-0.003815842777874201
2026-06-22,-0.0031518902581658243,-0.00763727727125709,-0.006556887617395544
2026-06-23,-0.014628488737257505,0.0012769669438722295,-0.019084169061680104
2026-06-24,-0.0004636078172879792,0.013596298054160667,-0.03067888622252175
2026-06-25,0.0014445929017762192,-0.0003433438970514367,0.00962769003206293
2026-06-26,-0.007257604951134571,0.0001144314973501083,0.01122355898292356
2026-06-29,0.016340575381773723,0.0010296490882876104,-0.013608268012376532
2026-06-30,0.007756654451963251,-0.011847982401867655,-0.000542720627118172
2026-07-01,-0.0013534191061404938,-0.006782444686119744,0.006008302974758538
2026-07-02,-0.0013149148653205643,-0.00011691496363696214,0.02011473443068858
2026-07-06,0.008689528677137627,-0.0007018673291077733,0.010522812875633458
2026-07-07,-0.004763216465020124,-0.010588378136648953,-0.012216825224767369
2026-07-08,-0.003094191228426674,-0.002249723024546773,-0.008085737106823192
2026-07-09,0.008429627403644502,0.0015397009555353476,0.00991193809078384
2026-07-10,0.0043008562243880555,-0.00023660329893696456,-0.0030985151880658277
2026-07-13,-0.007685599312192417,-0.0059368436770867936,-0.026555716132531323
2026-07-14,0.0035443492832563997,0.001309145931704305,0.013580960339773913
2026-07-15,0.003955796431439473,0.0019010330405599143,0.0005373061432992446
2026-07-16,-0.00543335077895904,-0.00035611695403665097,-0.02004655342576513
2026-07-17,-0.009946502615283653,0.0036745046810468776,0.009408723238543361
2026-07-20,-0.0016156579694563053,-0.007481733728906731,-0.0022010512760906134
2026-07-21,0.008306730429464063,-0.002745449942105409,0.019423817305879824
2026-07-22,-0.0011634432749481974,-0.002633271118496628,0.01143354038890078
2026-07-23,-0.012426139461536877,-0.003241100083777988,-0.020250095841770732
2026-07-24,0.0010154500124723138,0.000961507444480413,0.0010223155810828782
2026-07-27,0.00021659308437393197,0.005987943846702765,0.007313900742155252
2026-07-28,0.0023919038134991143,0.005833715855093495,-0.014140046791040388
2026-07-29,-0.015507060371370597,-0.01663809590003717,0.004618798129091445
2026-07-30,0.016626750016150067,-0.000603560709472493,0.016251873707654758
2026-07-31,0.007174073876847072,-0.006664730468447086,-0.015012957345256511
2026-08-03,0.014142512175338849,0.0032904851276827018,0.0004574044079915386
2026-08-04,0.017868357946558965,0.0076358286072543465,0.006569565835271058
2026-08-05,-0.001998558263907441,0.0021711575600429065,0.04053975029237347
2026-08-06,-0.0015990843238396406,-0.005800013360507438,7.698804899445261e-05
2026-08-07,0.006096705343941608,0.002904211693732443,0.022331954604684925
2026-08-10,-0.000297487373522672,-0.008494210066581468,0.010162275879128862
2026-08-11,-0.0032003155325564477,0.0015830255660591792,-0.0039328416338160815
2026-08-12,0.0025014775893790406,-0.0009738441636269945,0.009827899495455166
2026-08-13,0.006953284861624629,0.00582870378012913,-0.014828410072125063
2026-08-14,-0.001981712976652534,-0.006681549216050406,0.006296606490295141
2026-08-17,-0.004738571635869969,-0.00844618901601495,0.009938441945241362
2026-08-18,-0.006778668306983552,0.0038034666838490296,-0.01726325801008708
2026-08-19,0.002095587459091316,0.016517244188779697,0.03764648660083996
2026-08-20,-0.008435305290223691,-0.008224473369158438,0.0034254367525549225
2026-08-21,0.004082883667180263,-0.0035282090491905635,0.019317992727441873
2026-08-24,-0.0029427617949062445,0.006196444353832694,0.007834913645817804
2026-08-25,0.0031908436064487034,0.01096202262539838,0.0032289907484762733
2026-08-26,0.0002219830395381241,-0.0020387235294749674,-0.015894093368133962
2026-08-27,0.006531468077386215,-0.0020429809149966846,0.0030334622724068816
2026-08-28,-0.002272066099203029,-0.0030118716099320755,-0.0329799125854741
2026-08-31,-0.002994025659260258,-0.004353067956753926,-0.0011501174740705636
2026-09-01,-0.006894123891849255,-0.00408341204088728,-0.02898973015866544
2026-09-02,0.004427102334962737,0.0009766165061667411,0.01508414474150227
2026-09-03,0.010414003480534412,0.0014632787521535746,0.01830309998146488
2026-09-04,-0.0038616789535959595,0.0017043635392835987,-0.008445715995856546
2026-09-08,-0.005507316395267604,-0.00012169721598624148,-0.0174835830861449
2026-09-09,-0.004658551665825269,-0.005734009161098606,0.009040381467557092
2026-09-10,-0.006012313492503955,-0.011691823262425441,-0.01748183428174956
2026-09-11,0.00848817476148905,0.0011135965206378565,0.006061929797228757
2026-09-14,-0.004471636365302262,0.0007415831321027537,-0.014982387063086706
2026-09-15,-0.004597303834846901,-0.0027220840814459334,0.0033291370532224814
2026-09-16,-0.004419632688991735,0.0021040100553606027,-0.006133202522902479
2026-09-17,0.011274951874012795,0.01106617816375789,0.016757752793826047
2026-09-18,0.0012861316309858897,-0.0065018468295316755,0.007029228798811041
2026-09-21,0.015386018043601147,0.006746476222841964,-0.006978975186592273
2026-09-22,-0.0001551447003638281,-0.000611498322915086,0.004233214200812696
2026-09-23,-0.007228221785516501,-0.0159056782978173,-0.018135315945367877
2026-09-24,-0.0008208586664354597,-0.013009934009681267,-0.003033517322490296
2026-09-25,0.005420749946060533,-0.0012598619582411773,0.004381617524208218
2026-09-28,-0.007469312235459039,-0.00886414845354981,-0.0401962526382125
2026-09-29,-0.0018433315849990092,-0.0049729111955332025,0.013091698197520792
2026-09-30,-0.0020565588310409075,-0.00576899456409548,-0.00536845011865248
2026-10-01,0.0017816951378576288,0.0031190581195227884,0.005028856623148024
2026-10-02,0.007368204792434515,-0.00296405557457091,-0.006868541967751275
2026-10-05,0.006720780423436356,-0.004786900105042148,-0.0015533361560898353
