Date,GLD,SPY,TLT
2012-01-03,155.9199981689453,98.81163024902344,78.99137115478516
2012-01-04,156.7100067138672,98.96660614013672,78.05219268798828
2012-01-05,157.77999877929688,99.23011779785156,77.91334533691406
2012-01-06,157.1999969482422,98.9743881225586,78.52841186523438
2012-01-09,156.5,99.21466827392578,78.38951110839844
2012-01-10,158.63999938964844,100.07489013671875,78.25720977783203
2012-01-11,159.6699981689453,100.1291275024414,79.27579498291016
2012-01-12,160.3800048828125,100.36939239501953,79.16341400146484
2012-01-13,159.25999450683594,99.85012817382812,79.95040893554688
2012-01-17,160.5,100.23762512207031,80.32079315185547
2012-01-18,161.60000610351562,101.34586334228516,79.34857940673828
2012-01-19,161.22000122070312,101.88060760498047,78.25720977783203
2012-01-20,162.07000732421875,102.26033020019531,77.3709716796875
2012-01-23,163.16000366210938,101.99688720703125,76.88155364990234
2012-01-24,162.00999450683594,101.88060760498047,77.02042388916016
2012-01-25,166.4199981689453,102.7331314086914,76.83522033691406
2012-01-26,167.27000427246094,102.20610046386719,77.85377502441406
2012-01-27,168.97000122070312,102.15962219238281,78.09852600097656
2012-01-30,168.02999877929688,101.81086730957031,79.01783752441406
2012-01-31,169.30999755859375,101.7721176147461,79.93061065673828
2012-02-01,169.55999755859375,102.66337585449219,79.0150146484375
2012-02-02,171.0500030517578,102.82609558105469,78.98184967041016
2012-02-03,167.63999938964844,104.26760864257812,77.28462982177734
2012-02-06,167.17999267578125,104.19782257080078,78.05369567871094
2012-02-07,169.6999969482422,104.46131134033203,77.08570861816406
2012-02-08,168.5,104.77134704589844,77.14537811279297
2012-02-09,168.02000427246094,104.90311431884766,76.56855773925781
2012-02-10,167.13999938964844,104.1280746459961,77.56305694580078
2012-02-13,167.50999450683594,104.90311431884766,77.6624755859375
2012-02-14,167.1199951171875,104.77134704589844,78.07357025146484
2012-02-15,168.11000061035156,104.2830810546875,77.93431854248047
2012-02-16,168.0,105.43782043457031,77.31107330322266
2012-02-17,167.35000610351562,105.71685028076172,77.29122161865234
2012-02-21,171.02000427246094,105.76333618164062,76.43601989746094
2012-02-22,172.94000244140625,105.42230987548828,77.39729309082031
2012-02-23,173.02000427246094,105.88732147216797,77.39729309082031
2012-02-24,172.22999572753906,106.11982727050781,77.90119171142578
2012-02-27,171.6999969482422,106.298095703125,78.59073638916016
2012-02-28,173.49000549316406,106.60807800292969,78.33214569091797
2012-02-29,164.2899932861328,106.1895751953125,77.85482025146484
2012-03-01,166.61000061035156,106.73979187011719,77.12185668945312
2012-03-02,166.33999633789062,106.41432189941406,77.84614562988281
2012-03-05,165.64999389648438,105.98030853271484,77.22816467285156
2012-03-06,162.6999969482422,104.43035125732422,78.16508483886719
2012-03-07,163.6300048828125,105.15888214111328,77.68670654296875
2012-03-08,165.27999877929688,106.20508575439453,76.90918731689453
2012-03-09,166.3800048828125,106.6158218383789,77.0619888305664
2012-03-12,165.07000732421875,106.62357330322266,77.04867553710938
2012-03-13,162.3000030517578,108.5455551147461,75.69316101074219
2012-03-14,159.57000732421875,108.4293212890625,73.78605651855469
2012-03-15,161.0800018310547,109.05707550048828,73.89903259277344
2012-03-16,161.3000030517578,109.20805358886719,74.04521179199219
2012-03-19,161.58999633789062,109.63617706298828,73.16142272949219
2012-03-20,160.1300048828125,109.31700897216797,73.4538345336914
2012-03-21,160.2100067138672,109.13796997070312,74.2844009399414
2012-03-22,159.57000732421875,108.35181427001953,74.5235824584961
2012-03-23,161.52999877929688,108.70209503173828,75.22799682617188
2012-03-26,164.39999389648438,110.2277603149414,74.84262084960938
2012-03-27,163.24000549316406,109.88525390625,75.38085174560547
2012-03-28,161.50999450683594,109.34037780761719,75.27452087402344
2012-03-29,161.27999877929688,109.1535873413086,75.83935546875
2012-03-30,162.1199951171875,109.60501861572266,74.55684661865234
2012-04-02,162.94000244140625,110.40673828125,74.96995544433594
2012-04-03,159.88999938964844,109.95532989501953,73.67079162597656
2012-04-04,157.2100067138672,108.86559295654297,74.68342590332031
2012-04-05,158.30999755859375,108.81106567382812,75.22309875488281
2012-04-09,159.3699951171875,107.58902740478516,76.98188018798828
2012-04-10,161.10000610351562,105.78311920166016,77.85467529296875
2012-04-11,161.07000732421875,106.63932800292969,76.9219741821289
2012-04-12,162.6999969482422,108.03266906738281,76.6021499633789
2012-04-13,160.85000610351562,106.74833679199219,77.8413314819336
2012-04-16,160.4600067138672,106.67826843261719,77.72810363769531
2012-04-17,160.25,108.25841522216797,77.68142700195312
2012-04-18,159.30999755859375,107.8926010131836,77.90797424316406
2012-04-19,159.42999267578125,107.19978332519531,77.98131561279297
2012-04-20,159.5399932861328,107.37886047363281,77.99458312988281
2012-04-23,159.07000732421875,106.4759521484375,78.56085968017578
2012-04-24,159.3000030517578,106.88066864013672,78.00787353515625
2012-04-25,159.6199951171875,108.34408569335938,77.60816192626953
2012-04-26,161.02999877929688,109.09909057617188,78.07452392578125
2012-04-27,161.3800048828125,109.27811431884766,78.14115905761719
2012-04-30,161.8800048828125,108.87335968017578,78.16109466552734
2012-05-01,161.32000732421875,109.55057525634766,77.75570678710938
2012-05-02,160.58999633789062,109.22362518310547,78.30339813232422
2012-05-03,158.97000122070312,108.39077758789062,78.28327941894531
2012-05-04,159.47000122070312,106.63932800292969,78.8978042602539
2012-05-07,159.0800018310547,106.71720886230469,78.91110229492188
2012-05-08,156.0,106.28910064697266,79.33183288574219
2012-05-09,154.47000122070312,105.65860748291016,79.38526916503906
2012-05-10,154.77000427246094,105.8765869140625,79.15145874023438
2012-05-11,153.55999755859375,105.55744934082031,79.80602264404297
2012-05-14,151.3300018310547,104.38982391357422,80.92131042480469
2012-05-15,149.74000549316406,103.79047393798828,81.24854278564453
2012-05-16,149.4600067138672,103.39349365234375,81.48229217529297
2012-05-17,152.8000030517578,101.86004638671875,82.92477416992188
2012-05-18,154.5500030517578,100.98828887939453,82.94479370117188
2012-05-21,154.64999389648438,102.72406005859375,82.77113342285156
2012-05-22,152.0800018310547,102.90310668945312,81.84955596923828
2012-05-23,151.6199951171875,102.95759582519531,82.41724395751953
2012-05-24,151.41000366210938,103.15996551513672,82.10332489013672
2012-05-25,152.67999267578125,102.82527160644531,82.4105453491211
2012-05-29,151.02000427246094,104.0706787109375,82.15680694580078
2012-05-30,151.91000366210938,102.56061553955078,84.24040222167969
2012-05-31,151.6199951171875,102.33488464355469,85.21540832519531
2012-06-01,157.5,99.75841522216797,87.23844146728516
2012-06-04,157.32000732421875,99.71170043945312,86.54912567138672
2012-06-05,157.13999938964844,100.46672821044922,85.39141845703125
2012-06-06,157.2100067138672,102.72406005859375,83.68492889404297
2012-06-07,154.5,102.7863540649414,83.81208801269531
2012-06-08,154.72999572753906,103.6036376953125,83.79206085205078
2012-06-11,155.36000061035156,102.28819274902344,84.1734619140625
2012-06-12,156.4600067138672,103.46354675292969,83.40389251708984
2012-06-13,157.1199951171875,102.80191802978516,84.22696685791016
2012-06-14,157.75,103.89167022705078,84.11997985839844
2012-06-15,157.83999633789062,104.95420837402344,84.5883560180664
2012-06-18,157.92999267578125,105.15762329101562,85.04342651367188
2012-06-19,157.16000366210938,106.17475128173828,83.93256378173828
2012-06-20,155.97000122070312,106.00260925292969,84.34744262695312
2012-06-21,152.02000427246094,103.62409210205078,84.7958755493164
2012-06-22,152.63999938964844,104.42213439941406,83.66486358642578
2012-06-25,153.75999450683594,102.74778747558594,84.88285064697266
2012-06-26,152.6199951171875,103.2641830444336,84.54824829101562
2012-06-27,152.8300018310547,104.19523620605469,84.68209838867188
2012-06-28,151.0500030517578,103.89789581298828,84.88953399658203
2012-06-29,155.19000244140625,106.48774719238281,83.78535461425781
2012-07-02,155.08999633789062,106.80855560302734,84.64983367919922
2012-07-03,157.4600067138672,107.51271057128906,83.99927520751953
2012-07-05,155.67999267578125,107.02761840820312,84.4284896850586
2012-07-06,153.7100067138672,106.01046752929688,85.21314239501953
2012-07-09,154.0399932861328,105.87744903564453,85.96429443359375
2012-07-10,152.14999389648438,104.95420837402344,86.13864135742188
2012-07-11,152.99000549316406,104.9698257446289,86.24596405029297
2012-07-12,152.58999633789062,104.46126556396484,86.85623931884766
2012-07-13,154.13999938964844,106.21390533447266,86.62823486328125
2012-07-16,154.2100067138672,105.96353149414062,87.03064727783203
2012-07-17,153.47000122070312,106.69117736816406,86.34656524658203
2012-07-18,153.0500030517578,107.4814224243164,86.39354705810547
2012-07-19,153.3800048828125,107.76307678222656,86.17220306396484
2012-07-20,153.6699981689453,106.77725982666016,87.2251205444336
2012-07-23,153.02999877929688,105.6974868774414,87.7147216796875
2012-07-24,153.52000427246094,104.78984832763672,88.40547943115234
2012-07-25,155.6699981689453,104.81334686279297,88.63349914550781
2012-07-26,156.77000427246094,106.54251861572266,87.8219985961914
2012-07-27,157.5399932861328,108.50642395019531,86.16548919677734
2012-07-30,157.42999267578125,108.50642395019531,86.80933380126953
2012-07-31,156.49000549316406,107.74742126464844,86.98370361328125
2012-08-01,155.13999938964844,107.653564453125,86.5488510131836
2012-08-02,154.1300048828125,106.91027069091797,87.03947448730469
2012-08-03,155.5500030517578,109.03060150146484,85.63480377197266
2012-08-06,156.3000030517578,109.24185943603516,85.66851806640625
2012-08-07,156.27999877929688,109.7895736694336,84.5662612915039
2012-08-08,156.47999572753906,109.92257690429688,84.11599731445312
2012-08-09,156.99000549316406,110.01642608642578,84.05552673339844
2012-08-10,157.17999267578125,110.1964111328125,84.47893524169922
2012-08-13,155.99000549316406,110.14163970947266,84.33773803710938
2012-08-14,155.1300048828125,110.15729522705078,83.19523620605469
2012-08-15,155.6300048828125,110.28246307373047,82.02587127685547
2012-08-16,156.55999755859375,111.09624481201172,81.3268814086914
2012-08-17,156.72000122070312,111.2448501586914,81.72340393066406
2012-08-20,157.25999450683594,111.25272369384766,81.89147186279297
2012-08-21,158.8300018310547,110.91626739501953,82.25434112548828
2012-08-22,160.5399932861328,110.96315002441406,83.61190795898438
2012-08-23,161.88999938964844,110.05558013916016,83.96139526367188
2012-08-24,161.97000122070312,110.72063446044922,83.8807601928711
2012-08-27,161.36000061035156,110.74409484863281,84.37138366699219
2012-08-28,161.63999938964844,110.63455963134766,84.57296752929688
2012-08-29,160.58999633789062,110.72063446044922,84.2033462524414
2012-08-30,160.52000427246094,109.92257690429688,84.64021301269531
2012-08-31,164.22000122070312,110.44683837890625,85.83647155761719
2012-09-04,164.47999572753906,110.3450698852539,85.75023651123047
2012-09-05,164.30999755859375,110.25116729736328,85.34615325927734
2012-09-06,164.88999938964844,112.4889144897461,83.925048828125
2012-09-07,168.44000244140625,112.92707061767578,83.53445434570312
2012-09-10,167.2899932861328,112.28546142578125,83.73643493652344
2012-09-11,167.89999389648438,112.59845733642578,83.21114349365234
2012-09-12,167.9199981689453,112.97402954101562,82.17398834228516
2012-09-13,171.30999755859375,114.69532775878906,81.85066986083984
2012-09-14,171.8000030517578,115.20394897460938,79.67529296875
2012-09-17,170.39999389648438,114.81271362304688,80.63167572021484
2012-09-18,171.72000122070312,114.71882629394531,81.03572082519531
2012-09-19,171.74000549316406,114.7813949584961,81.56778717041016
2012-09-20,171.47000122070312,114.78927612304688,81.76985168457031
2012-09-21,171.9600067138672,114.74126434326172,81.86416625976562
2012-09-24,171.0500030517578,114.5682144165039,82.50399780273438
2012-09-25,170.77000427246094,113.34899139404297,83.31885528564453
2012-09-26,169.80999755859375,112.71185302734375,84.21467590332031
2012-09-27,172.33999633789062,113.77376556396484,83.615234375
2012-09-28,171.88999938964844,113.24671936035156,83.66240692138672
2012-10-01,172.2899932861328,113.54566192626953,83.97288513183594
2012-10-02,172.10000610351562,113.66361236572266,83.858154296875
2012-10-03,172.41000366210938,114.12767791748047,83.88512420654297
2012-10-04,173.61000061035156,114.94579315185547,82.83900451660156
2012-10-05,172.6199951171875,114.95365905761719,81.76590728759766
2012-10-08,172.0500030517578,114.56034088134766,82.45430755615234
2012-10-09,170.99000549316406,113.4276123046875,82.30581665039062
2012-10-10,170.83999633789062,112.70396423339844,82.88626098632812
2012-10-11,171.32000732421875,112.76692962646484,83.45991516113281
2012-10-12,170.05999755859375,112.39715576171875,83.66915130615234
2012-10-15,168.35000610351562,113.333251953125,83.4801254272461
2012-10-16,169.4199981689453,114.48169708251953,82.32606506347656
2012-10-17,169.5399932861328,115.00086212158203,81.56340789794922
2012-10-18,168.7899932861328,114.70195770263672,81.06403350830078
2012-10-19,166.97000122070312,112.79048156738281,82.16407012939453
2012-10-22,167.5800018310547,112.80628204345703,81.63766479492188
2012-10-23,165.42999267578125,111.24091339111328,82.80532836914062
2012-10-24,164.86000061035156,110.92626190185547,81.98863220214844
2012-10-25,166.02000427246094,111.24876403808594,81.5701675415039
2012-10-26,165.92999267578125,111.18583679199219,82.77154541015625
2012-10-31,166.8300018310547,111.18583679199219,83.2574234008789
2012-11-01,166.07000732421875,112.3499984741211,82.57579040527344
2012-11-02,162.60000610351562,111.35102081298828,82.51502990722656
2012-11-05,163.22999572753906,111.57917022705078,82.980712890625
2012-11-06,166.3000030517578,112.4522933959961,82.19781494140625
2012-11-07,166.49000549316406,109.90367126464844,83.68939208984375
2012-11-08,167.99000549316406,108.5821533203125,84.93124389648438
2012-11-09,167.82000732421875,108.67659759521484,85.0257339477539
2012-11-12,167.4499969482422,108.76311492919922,85.16746520996094
2012-11-13,167.10000610351562,108.3855209350586,85.45091247558594
2012-11-14,167.13999938964844,106.92244720458984,85.53187561035156
2012-11-15,166.08999633789062,106.74152374267578,85.36320495605469
2012-11-16,165.8800048828125,107.26861572265625,85.28894805908203
2012-11-19,167.8699951171875,109.4395751953125,84.80973815917969
2012-11-20,167.38999938964844,109.48680114746094,83.95936584472656
2012-11-21,167.55999755859375,109.69127655029297,83.912109375
2012-11-23,169.61000061035156,111.18583679199219,83.83108520507812
2012-11-26,169.42999267578125,110.9498519897461,84.22928619384766
2012-11-27,168.7100067138672,110.38350677490234,84.56005859375
2012-11-28,166.5500030517578,111.27234649658203,84.4385757446289
2012-11-29,167.17999267578125,111.79151153564453,84.45207214355469
2012-11-30,166.0500030517578,111.81510925292969,84.22257995605469
2012-12-03,166.1300048828125,111.26449584960938,84.30035400390625
2012-12-04,164.4199981689453,111.10722351074219,84.7872543334961
2012-12-05,164.1199951171875,111.30379486083984,84.74666595458984
2012-12-06,164.5,111.681396484375,84.9292984008789
2012-12-07,165.16000366210938,112.01966094970703,84.14479064941406
2012-12-10,165.8000030517578,112.0668716430664,84.51676177978516
2012-12-11,165.64999389648438,112.82982635498047,83.87430572509766
2012-12-12,165.77000427246094,112.88485717773438,82.90054321289062
2012-12-13,164.3699951171875,112.19267272949219,82.96142578125
2012-12-14,164.1300048828125,111.77581024169922,83.58353424072266
2012-12-17,164.44000244140625,113.08940887451172,82.33251190185547
2012-12-18,162.0800018310547,114.34799194335938,81.49395751953125
2012-12-19,161.69000244140625,113.49845886230469,81.76446533203125
2012-12-20,159.72999572753906,114.15129089355469,81.7779312133789
2012-12-21,160.3300018310547,113.11514282226562,82.67060852050781
2012-12-24,160.6199951171875,112.76663208007812,82.52183532714844
2012-12-26,160.77999877929688,112.29127502441406,82.81867218017578
2012-12-27,161.16000366210938,112.14073181152344,83.09648895263672
2012-12-28,160.5399932861328,110.92874145507812,83.57100677490234
2012-12-31,162.02000427246094,112.81413269042969,82.12737274169922
2013-01-02,163.1699981689453,115.70558166503906,81.02947998046875
2013-01-03,161.1999969482422,115.44417572021484,79.93152618408203
2013-01-04,160.44000244140625,115.95111083984375,80.2433090209961
2013-01-07,159.42999267578125,115.63428497314453,80.27718353271484
2013-01-08,160.55999755859375,115.3015365600586,80.8058090209961
2013-01-09,160.49000549316406,115.5946273803711,80.73127746582031
2013-01-10,161.97999572753906,116.51359558105469,80.50762939453125
2013-01-11,161.05999755859375,116.50564575195312,81.22602081298828
2013-01-14,161.5399932861328,116.42646026611328,81.00237274169922
2013-01-15,162.55999755859375,116.50564575195312,81.37508392333984
2013-01-16,162.64999389648438,116.48983764648438,81.54450225830078
2013-01-17,163.35000610351562,117.242431640625,80.73127746582031
2013-01-18,163.08999633789062,117.50382995605469,81.35478210449219
2013-01-22,163.6699981689453,118.13755798339844,81.51065826416016
2013-01-23,163.2100067138672,118.32772827148438,81.38863372802734
2013-01-24,161.4199981689453,118.359375,81.10407257080078
2013-01-25,160.64999389648438,119.02478790283203,79.99252319335938
2013-01-28,160.2899932861328,118.88218688964844,79.70110321044922
2013-01-29,160.99000549316406,119.34957885742188,79.26056671142578
2013-01-30,162.19000244140625,118.88218688964844,79.1250991821289
2013-01-31,161.1999969482422,118.58911895751953,79.51133728027344
2013-02-01,161.4499969482422,119.80906677246094,78.4789047241211
2013-02-04,162.0,118.46234130859375,79.48418426513672
2013-02-05,161.9600067138672,119.65847778320312,78.77775573730469
2013-02-06,162.38999938964844,119.7457046508789,79.42305755615234
2013-02-07,161.83999633789062,119.5872573852539,79.24642944335938
2013-02-08,161.57000732421875,120.252685546875,79.55210876464844
2013-02-11,159.6999969482422,120.2289047241211,79.49098205566406
2013-02-12,159.88999938964844,120.42691040039062,79.29399108886719
2013-02-13,159.0500030517578,120.52996063232422,78.64874267578125
2013-02-14,158.35000610351562,120.64083862304688,79.36188507080078
2013-02-15,155.75999450683594,120.49829864501953,79.13096618652344
2013-02-19,155.3300018310547,121.40131378173828,78.73700714111328
2013-02-20,151.44000244140625,119.88822174072266,78.97476959228516
2013-02-21,152.6199951171875,119.15947723388672,79.43663024902344
2013-02-22,152.97000122070312,120.32400512695312,79.49098205566406
2013-02-25,154.33999633789062,118.03456115722656,81.05319213867188
2013-02-26,156.22000122070312,118.84259033203125,80.58455657958984
2013-02-27,154.57000732421875,120.33984375,80.34683990478516
2013-02-28,153.0,120.10213470458984,80.49624633789062
2013-03-01,152.44000244140625,120.49829864501953,80.93460845947266
2013-03-04,152.3000030517578,121.1399154663086,80.50579071044922
2013-03-05,152.3800048828125,122.22521209716797,80.27436065673828
2013-03-06,153.22999572753906,122.3915786743164,79.54595184326172
2013-03-07,152.69000244140625,122.61337280273438,78.93336486816406
2013-03-08,152.7100067138672,123.13624572753906,78.1097183227539
2013-03-11,152.99000549316406,123.60354614257812,78.1845932006836
2013-03-12,154.19000244140625,123.32633209228516,78.7496109008789
2013-03-13,153.66000366210938,123.5006103515625,78.66791534423828
2013-03-14,153.67999267578125,124.1581039428711,78.42967224121094
2013-03-15,154.0,123.99415588378906,78.79722595214844
2013-03-18,155.3800048828125,123.30987548828125,79.39623260498047
2013-03-19,156.0800018310547,123.02344512939453,79.93399810791016
2013-03-20,155.3699951171875,123.88284301757812,79.0422592163086
2013-03-21,156.25,122.82447814941406,79.8046646118164
2013-03-22,155.5500030517578,123.81114959716797,79.86590576171875
2013-03-25,155.24000549316406,123.2939682006836,79.79103088378906
2013-03-26,154.72000122070312,124.28064727783203,79.88636016845703
2013-03-27,155.36000061035156,124.28064727783203,80.5670394897461
2013-03-28,154.4499969482422,124.66256713867188,80.15860748291016
2013-04-01,154.6699981689453,124.16924285888672,80.76235961914062
2013-04-02,152.42999267578125,124.781982421875,80.43489837646484
2013-04-03,150.72999572753906,123.51677703857422,81.1579818725586
2013-04-04,150.2899932861328,124.01806640625,82.12667083740234
2013-04-05,152.80999755859375,123.46109771728516,83.78433990478516
2013-04-08,152.16000366210938,124.29655456542969,83.14311981201172
2013-04-09,153.33999633789062,124.72628784179688,82.9384536743164
2013-04-10,150.75,126.25399780273438,81.79925537109375
2013-04-11,151.0500030517578,126.66777038574219,81.95618438720703
2013-04-12,143.9499969482422,126.35738372802734,83.17721557617188
2013-04-15,131.30999755859375,123.42925262451172,83.90036010742188
2013-04-16,132.8000030517578,125.25141143798828,83.21136474609375
2013-04-17,132.8699951171875,123.42130279541016,83.76392364501953
2013-04-18,134.3000030517578,122.64945983886719,83.96852111816406
2013-04-19,135.47000122070312,123.71563720703125,83.79122924804688
2013-04-22,137.89999389648438,124.26470184326172,83.85257720947266
2013-04-23,136.8800048828125,125.5457534790039,83.55927276611328
2013-04-24,138.3699951171875,125.62543487548828,83.77072143554688
2013-04-25,141.6300048828125,126.13463592529297,83.40919494628906
2013-04-26,140.91000366210938,125.91182708740234,84.17317199707031
2013-04-29,142.3000030517578,126.7552490234375,83.86624908447266
2013-04-30,142.77000427246094,127.05767822265625,83.91403198242188
2013-05-01,141.11000061035156,125.94365692138672,84.7760009765625
2013-05-02,141.9199981689453,127.11334991455078,84.6666488647461
2013-05-03,142.08999633789062,128.40240478515625,82.67045593261719
2013-05-06,142.14999389648438,128.72862243652344,82.4654312133789
2013-05-07,140.3800048828125,129.381103515625,82.14407348632812
2013-05-08,142.4600067138672,129.96990966796875,82.27396392822266
2013-05-09,140.80999755859375,129.60391235351562,82.06204986572266
2013-05-10,139.60000610351562,130.02565002441406,81.18024444580078
2013-05-13,138.42999267578125,130.12904357910156,80.55805206298828
2013-05-14,137.80999755859375,131.4737548828125,79.68301391601562
2013-05-15,134.6300048828125,132.18190002441406,80.21624755859375
2013-05-16,134.08999633789062,131.5613250732422,81.05030822753906
2013-05-17,131.07000732421875,132.83441162109375,80.02485656738281
2013-05-20,135.1199951171875,132.82650756835938,79.92912292480469
2013-05-21,132.8800048828125,133.0174560546875,80.55805206298828
2013-05-22,131.94000244140625,132.03074645996094,79.36174774169922
2013-05-23,134.61000061035156,131.6488037109375,79.73773193359375
2013-05-24,133.75999450683594,131.53746032714844,79.84711456298828
2013-05-28,133.49000549316406,132.3251953125,77.82354736328125
2013-05-29,134.8300018310547,131.46583557128906,78.69862365722656
2013-05-30,136.6999969482422,131.95123291015625,78.5072250366211
2013-05-31,133.9199981689453,130.0574188232422,78.24060821533203
2013-06-03,136.50999450683594,130.7736053466797,78.65518188476562
2013-06-04,135.22999572753906,130.14498901367188,77.92875671386719
2013-06-05,135.52000427246094,128.3228302001953,79.00470733642578
2013-06-06,136.52999877929688,129.48452758789062,78.95672607421875
2013-06-07,133.27999877929688,131.1316680908203,77.54507446289062
2013-06-10,133.94000244140625,131.1316680908203,77.17496490478516
2013-06-11,133.25,129.77899169921875,78.0932846069336
2013-06-12,134.25,128.70474243164062,76.97628784179688
2013-06-13,133.74000549316406,130.66217041015625,78.18232727050781
2013-06-14,134.42999267578125,129.84259033203125,77.99736022949219
2013-06-17,133.77000427246094,130.84521484375,77.58617401123047
2013-06-18,132.1300048828125,131.8795928955078,77.62733459472656
2013-06-19,130.58999633789062,130.0574188232422,76.82551574707031
2013-06-20,123.5999984741211,126.8348388671875,75.56462097167969
2013-06-21,125.05000305175781,127.24199676513672,74.28314208984375
2013-06-24,123.93000030517578,125.63414001464844,74.59150695800781
2013-06-25,123.47000122070312,126.84201049804688,73.92681884765625
2013-06-26,118.27999877929688,128.097900390625,74.40654754638672
2013-06-27,115.94000244140625,128.84986877441406,75.16717529296875
2013-06-28,119.11000061035156,128.32191467285156,75.68112182617188
2013-07-01,121.12999725341797,129.0738067626953,75.83357238769531
2013-07-02,120.05000305175781,128.95382690429688,75.78551483154297
2013-07-03,120.73999786376953,129.00982666015625,75.558837890625
2013-07-05,118.08999633789062,130.4016571044922,72.9831771850586
2013-07-08,119.51000213623047,131.14561462402344,73.69064331054688
2013-07-09,120.62000274658203,132.08944702148438,73.7662353515625
2013-07-10,120.94999694824219,132.137451171875,73.1893081665039
2013-07-11,124.23999786376953,133.93724060058594,74.04781341552734
2013-07-12,124.12999725341797,133.99325561523438,73.98603057861328
2013-07-15,124.18000030517578,134.5051727294922,74.37752532958984
2013-07-16,124.88999938964844,134.00120544433594,74.63160705566406
2013-07-17,123.31999969482422,134.34523010253906,74.76895904541016
2013-07-18,124.01000213623047,135.0811309814453,73.83491516113281
2013-07-19,125.11000061035156,135.32110595703125,75.00255584716797
2013-07-22,128.83999633789062,135.58509826660156,75.1124267578125
2013-07-23,129.7100067138672,135.29714965820312,74.79647827148438
2013-07-24,127.4800033569336,134.80117797851562,73.84866333007812
2013-07-25,128.6699981689453,135.12913513183594,73.82119750976562
2013-07-26,128.77999877929688,135.27308654785156,74.2745132446289
2013-07-29,128.47000122070312,134.85720825195312,73.73188781738281
2013-07-30,128.1199951171875,134.85720825195312,73.70439147949219
2013-07-31,127.95999908447266,134.95314025878906,73.97223663330078
2013-08-01,126.61000061035156,136.51304626464844,72.54692840576172
2013-08-02,126.36000061035156,136.74501037597656,73.3456802368164
2013-08-05,125.69999694824219,136.5449981689453,72.78106689453125
2013-08-06,123.97000122070312,135.7690887451172,72.99446105957031
2013-08-07,124.1500015258789,135.3291015625,73.53852081298828
2013-08-08,126.86000061035156,135.8250732421875,73.73816680908203
2013-08-09,126.86000061035156,135.43309020996094,73.85518646240234
2013-08-12,129.1300048828125,135.27308654785156,73.35255432128906
2013-08-13,127.73999786376953,135.67303466796875,72.29219818115234
2013-08-14,129.0,134.97720336914062,72.40232849121094
2013-08-15,131.69000244140625,133.08938598632812,71.42462158203125
2013-08-16,132.5800018310547,132.64942932128906,71.17670440673828
2013-08-19,132.00999450683594,131.80145263671875,70.55699157714844
2013-08-20,132.4499969482422,132.44944763183594,71.10098266601562
2013-08-21,132.07000732421875,131.63351440429688,70.32290649414062
2013-08-22,132.80999755859375,132.83340454101562,71.03898620605469
2013-08-23,134.89999389648438,133.28135681152344,71.8101577758789
2013-08-26,135.4499969482422,132.78536987304688,72.16822052001953
2013-08-27,136.75,130.64962768554688,73.07711791992188
2013-08-28,136.7100067138672,131.11355590820312,72.4849853515625
2013-08-29,135.8699951171875,131.3215789794922,73.06339263916016
2013-08-30,134.6199951171875,130.9056396484375,72.98074340820312
2013-09-03,136.4199981689453,131.49757385253906,71.95137023925781
2013-09-04,134.66000366210938,132.58546447753906,71.79255676269531
2013-09-05,132.1999969482422,132.7533721923828,70.7915267944336
2013-09-06,134.14999389648438,132.81739807128906,71.14364624023438
2013-09-09,133.91000366210938,134.08924865722656,71.17818450927734
2013-09-10,131.74000549316406,135.0811309814453,70.68109893798828
2013-09-11,131.6999969482422,135.5050811767578,71.3093032836914
2013-09-12,127.66999816894531,135.1451416015625,71.2126693725586
2013-09-13,127.81999969482422,135.44911193847656,71.48882293701172
2013-09-16,126.44999694824219,136.23301696777344,71.01243591308594
2013-09-17,126.5,136.84097290039062,71.59928131103516
2013-09-18,132.00999450683594,138.4247589111328,72.48296356201172
2013-09-19,131.75,138.19281005859375,72.054931640625
2013-09-20,127.95999908447266,137.22665405273438,72.43461608886719
2013-09-23,127.55000305175781,136.59164428710938,72.96625518798828
2013-09-24,127.66000366210938,136.27008056640625,73.7532730102539
2013-09-25,128.7899932861328,135.876220703125,73.90518951416016
2013-09-26,127.79000091552734,136.39874267578125,73.38738250732422
2013-09-27,128.97000122070312,135.771728515625,73.56689453125
2013-09-30,128.17999267578125,135.04833984375,73.4563980102539
2013-10-01,124.58999633789062,136.11741638183594,73.23353576660156
2013-10-02,127.05999755859375,135.9887237548828,73.34425354003906
2013-10-03,127.18000030517578,134.73480224609375,73.22660064697266
2013-10-04,126.52999877929688,135.75563049316406,73.17124938964844
2013-10-07,127.63999938964844,134.58209228515625,73.46886444091797
2013-10-08,127.4000015258789,133.01463317871094,73.48963165283203
2013-10-09,126.11000061035156,133.1111297607422,72.90129852294922
2013-10-10,124.2699966430664,135.98069763183594,73.01892852783203
2013-10-11,122.5999984741211,136.85687255859375,72.9981918334961
2013-10-14,122.83000183105469,137.40347290039062,72.40982055664062
2013-10-15,123.7300033569336,136.40675354003906,72.3613510131836
2013-10-16,123.54000091552734,138.31175231933594,73.26815795898438
2013-10-17,127.41999816894531,139.2361297607422,73.93265533447266
2013-10-18,126.8499984741211,140.1765594482422,74.09185028076172
2013-10-21,126.9800033569336,140.1846923828125,73.85651397705078
2013-10-22,129.33999633789062,140.99655151367188,74.68017578125
2013-10-23,128.69000244140625,140.32135009765625,74.97093200683594
2013-10-24,129.89999389648438,140.78749084472656,74.68017578125
2013-10-25,130.4600067138672,141.4305419921875,74.95710754394531
2013-10-28,130.55999755859375,141.65560913085938,74.70098876953125
2013-10-29,129.77000427246094,142.4112548828125,74.79791259765625
2013-10-30,129.60000610351562,141.70391845703125,74.34794616699219
2013-10-31,127.73999786376953,141.30198669433594,74.50720977783203
2013-11-01,126.94999694824219,141.6395721435547,73.70067596435547
2013-11-04,126.80999755859375,142.13790893554688,73.77005004882812
2013-11-05,126.55999755859375,141.68780517578125,72.88863372802734
2013-11-06,127.19999694824219,142.4112548828125,72.9233169555664
2013-11-07,126.16000366210938,140.6106719970703,73.54103088378906
2013-11-08,124.27999877929688,142.50765991210938,71.7712173461914
2013-11-11,123.87000274658203,142.53179931640625,71.50057220458984
2013-11-12,122.44999694824219,142.24246215820312,71.83368682861328
2013-11-13,122.8499984741211,143.3837890625,72.0973892211914
2013-11-14,124.2699966430664,144.09922790527344,72.5416259765625
2013-11-15,124.31999969482422,144.72621154785156,72.68736267089844
2013-11-18,122.9000015258789,144.2197723388672,73.12458801269531
2013-11-19,122.94999694824219,143.90631103515625,72.5693588256836
2013-11-20,120.12000274658203,143.45614624023438,71.33397674560547
2013-11-21,119.94000244140625,144.61367797851562,71.45194244384766
2013-11-22,119.91999816894531,145.3371124267578,72.11824798583984
2013-11-25,120.45999908447266,145.19244384765625,72.326416015625
2013-11-26,119.81999969482422,145.23257446289062,72.59707641601562
2013-11-27,119.45999908447266,145.5862579345703,72.47218322753906
2013-11-29,120.69999694824219,145.4898223876953,72.49299621582031
2013-12-02,117.58000183105469,145.1119384765625,71.92919921875
2013-12-03,117.95999908447266,144.4850616455078,72.19373321533203
2013-12-04,119.95999908447266,144.46897888183594,71.50460052490234
2013-12-05,118.30000305175781,143.8339385986328,71.30266571044922
2013-12-06,118.55000305175781,145.4416046142578,71.64371490478516
2013-12-09,119.72000122070312,145.81129455566406,71.81082916259766
2013-12-10,121.81999969482422,145.28883361816406,72.32594299316406
2013-12-11,120.86000061035156,143.65713500976562,71.76911926269531
2013-12-12,118.29000091552734,143.1828155517578,71.49761962890625
2013-12-13,119.37999725341797,143.1668243408203,71.84566497802734
2013-12-16,119.69000244140625,144.05906677246094,71.58114624023438
2013-12-17,118.6500015258789,143.60081481933594,71.90132904052734
2013-12-18,117.61000061035156,146.05245971679688,71.53933715820312
2013-12-19,114.81999969482422,145.88368225097656,71.46976470947266
2013-12-20,115.94000244140625,146.73228454589844,72.56963348388672
2013-12-23,115.56999969482422,147.5161895751953,72.15890502929688
2013-12-24,116.0999984741211,147.8394012451172,71.58114624023438
2013-12-26,116.73999786376953,148.59103393554688,71.30526733398438
2013-12-27,117.12000274658203,148.58299255371094,71.10273742675781
2013-12-30,115.38999938964844,148.5587158203125,71.59160614013672
2013-12-31,116.12000274658203,149.26190185546875,71.13762664794922
2014-01-02,118.0,147.83135986328125,71.35417938232422
2014-01-03,119.29000091552734,147.80715942382812,71.35417938232422
2014-01-06,119.5,147.3788604736328,71.65446472167969
2014-01-07,118.81999969482422,148.2839813232422,71.8360366821289
2014-01-08,118.12000274658203,148.31631469726562,71.64049530029297
2014-01-09,118.45999908447266,148.41323852539062,72.05951690673828
2014-01-10,120.26000213623047,148.8173370361328,72.91851806640625
2014-01-13,121.0199966430664,146.8373260498047,73.28173065185547
2014-01-14,119.88999938964844,148.43751525878906,72.94644165039062
2014-01-15,119.66000366210938,149.2376251220703,72.86964416503906
2014-01-16,119.79000091552734,149.04360961914062,73.35853576660156
2014-01-17,120.93000030517578,148.41323852539062,73.66580200195312
2014-01-21,119.69999694824219,148.8496551513672,73.7216796875
2014-01-22,119.19000244140625,148.94671630859375,73.54008483886719
2014-01-23,121.79000091552734,147.72628784179688,74.58074951171875
2014-01-24,122.29000091552734,144.57440185546875,75.06257629394531
2014-01-27,120.95999908447266,143.86325073242188,74.53881072998047
2014-01-28,120.94999694824219,144.71987915039062,74.72035217285156
2014-01-29,122.47000122070312,143.32984924316406,75.33497619628906
2014-01-30,119.7699966430664,144.8491973876953,75.11849212646484
2014-01-31,120.08999633789062,144.0006103515625,75.62129211425781
2014-02-03,121.31999969482422,140.7598114013672,76.54271697998047
2014-02-04,120.98999786376953,141.74583435058594,75.73054504394531
2014-02-05,121.29000091552734,141.56802368164062,75.03035736083984
2014-02-06,121.23999786376953,143.43495178222656,74.7082748413086
2014-02-07,122.16999816894531,145.21287536621094,74.7713394165039
2014-02-10,122.91999816894531,145.47958374023438,74.9813461303711
2014-02-11,124.36000061035156,147.07174682617188,74.54720306396484
2014-02-12,124.43000030517578,147.14439392089844,74.16216278076172
2014-02-13,125.48999786376953,147.90411376953125,74.58226013183594
2014-02-14,127.1500015258789,148.7203826904297,74.624267578125
2014-02-18,127.4000015258789,148.898193359375,74.79228973388672
2014-02-19,126.2699966430664,147.9121856689453,74.4771957397461
2014-02-20,127.5999984741211,148.7850799560547,74.29519653320312
2014-02-21,127.58000183105469,148.6153106689453,74.68726348876953
2014-02-24,128.99000549316406,149.43960571289062,74.49822998046875
2014-02-25,129.2100067138672,149.38307189941406,75.16342163085938
2014-02-26,128.11000061035156,149.39120483398438,75.56250762939453
2014-02-27,128.1999969482422,150.1750946044922,75.97561645507812
2014-02-28,127.62000274658203,150.55487060546875,76.01760864257812
2014-03-03,130.2899932861328,149.4962158203125,76.5250473022461
2014-03-04,128.67999267578125,151.5974578857422,75.37397766113281
2014-03-05,128.88999938964844,151.73486328125,75.53539276123047
2014-03-06,130.1699981689453,152.0823516845703,74.79141998291016
2014-03-07,129.08999633789062,152.14697265625,74.32119750976562
2014-03-10,129.1300048828125,152.06622314453125,74.42642974853516
2014-03-11,129.86000061035156,151.31463623046875,74.62295532226562
2014-03-12,131.75999450683594,151.3550567626953,75.14239501953125
2014-03-13,132.2100067138672,149.65782165527344,76.1530532836914
2014-03-14,133.10000610351562,149.2376251220703,76.16706848144531
2014-03-17,131.63999938964844,150.58729553222656,75.59855651855469
2014-03-18,130.6199951171875,151.66212463378906,75.8723373413086
2014-03-19,128.08999633789062,150.85391235351562,75.28273010253906
2014-03-20,127.86000061035156,151.73486328125,75.1493911743164
2014-03-21,128.47000122070312,151.14634704589844,75.96356201171875
2014-03-24,126.18000030517578,150.52127075195312,76.5040054321289
2014-03-25,126.41000366210938,151.23561096191406,76.21621704101562
2014-03-26,125.41000366210938,150.1479034423828,76.81279754638672
2014-03-27,124.58999633789062,149.83128356933594,77.19884490966797
2014-03-28,124.55999755859375,150.57000732421875,76.76367950439453
2014-03-31,123.61000061035156,151.80389404296875,76.57420349121094
2014-04-01,123.38999938964844,152.81040954589844,75.91975402832031
2014-04-02,124.31999969482422,153.3218231201172,75.48351287841797
2014-04-03,123.91999816894531,153.11891174316406,75.81419372558594
2014-04-04,125.56999969482422,151.3087158203125,76.32083892822266
2014-04-07,124.91000366210938,149.63653564453125,76.77823638916016
2014-04-08,126.08999633789062,150.25343322753906,76.96117401123047
2014-04-09,126.31999969482422,151.8687744140625,76.5811996459961
2014-04-10,127.01000213623047,148.67864990234375,77.29190826416016
2014-04-11,126.93000030517578,147.33926391601562,77.91819763183594
2014-04-14,127.8499984741211,148.5000762939453,77.71416473388672
2014-04-15,125.48999786376953,149.5229034423828,78.19966888427734
2014-04-16,125.54000091552734,151.0895233154297,78.29818725585938
2014-04-17,124.75,151.30056762695312,77.43970489501953
2014-04-21,124.23999786376953,151.82821655273438,77.3763427734375
2014-04-22,123.77999877929688,152.51824951171875,77.63671875
2014-04-23,123.76000213623047,152.16102600097656,78.08002471923828
2014-04-24,124.55999755859375,152.46946716308594,78.22779846191406
2014-04-25,125.43000030517578,151.21932983398438,78.34039306640625
2014-04-28,124.87999725341797,151.69833374023438,77.96038818359375
2014-04-29,124.86000061035156,152.40452575683594,77.85487365722656
2014-04-30,124.22000122070312,152.85910034179688,78.17857360839844
2014-05-01,123.80000305175781,152.87530517578125,79.01724243164062
2014-05-02,125.05999755859375,152.6562042236328,79.50399780273438
2014-05-05,126.22000122070312,152.9484405517578,79.02433013916016
2014-05-06,125.9800033569336,151.61720275878906,79.34173583984375
2014-05-07,124.16999816894531,152.51007080078125,79.05957794189453
2014-05-08,124.16999816894531,152.3477325439453,78.72097778320312
2014-05-09,124.0999984741211,152.57501220703125,78.46708679199219
2014-05-12,124.94000244140625,154.0605010986328,78.14966583251953
2014-05-13,124.5999984741211,154.198486328125,78.8268051147461
2014-05-14,125.80999755859375,153.46786499023438,79.68035125732422
2014-05-15,124.7699966430664,152.12042236328125,80.31517028808594
2014-05-16,124.5,152.64805603027344,80.0894546508789
2014-05-19,124.58000183105469,153.20823669433594,79.49694061279297
2014-05-20,124.69000244140625,152.2421417236328,79.6732406616211
2014-05-21,124.38999938964844,153.52476501464844,79.18661499023438
2014-05-22,124.66999816894531,153.8981475830078,79.07368469238281
2014-05-23,124.51000213623047,154.51510620117188,79.49694061279297
2014-05-27,121.8499984741211,155.4647979736328,79.96251678466797
2014-05-28,121.19999694824219,155.35121154785156,80.95001983642578
2014-05-29,120.94000244140625,156.15476989746094,80.51969909667969
2014-05-30,120.43000030517578,156.40652465820312,80.48446655273438
2014-06-02,119.69999694824219,156.5850372314453,79.88617706298828
2014-06-03,120.01000213623047,156.50381469726562,78.90313720703125
2014-06-04,119.76000213623047,156.8204345703125,78.88195037841797
2014-06-05,120.66000366210938,157.84320068359375,78.91724395751953
2014-06-06,120.61000061035156,158.59814453125,78.91724395751953
2014-06-09,120.6500015258789,158.76048278808594,78.80411529541016
2014-06-10,121.38999938964844,158.77674865722656,78.51419067382812
2014-06-11,121.41000366210938,158.22476196289062,78.6556396484375
2014-06-12,122.63999938964844,157.1045379638672,79.35574340820312
2014-06-13,122.95999908447266,157.5834503173828,79.31329345703125
2014-06-16,122.41999816894531,157.71336364746094,79.51133728027344
2014-06-17,122.27999877929688,158.15170288085938,78.88195037841797
2014-06-18,122.66999816894531,159.31246948242188,79.49015808105469
2014-06-19,126.94000244140625,159.49105834960938,78.47174072265625
2014-06-20,126.5,159.81488037109375,79.06580352783203
2014-06-23,126.8499984741211,159.7659149169922,78.81828308105469
2014-06-24,126.9800033569336,158.8035125732422,79.61746215820312
2014-06-25,126.98999786376953,159.52122497558594,79.82254791259766
2014-06-26,126.7300033569336,159.40704345703125,80.20442199707031
2014-06-27,126.66000366210938,159.7169647216797,80.08419036865234
2014-06-30,128.0399932861328,159.6354217529297,80.28218841552734
2014-07-01,127.69999694824219,160.70388793945312,79.61006164550781
2014-07-02,127.69999694824219,160.8669891357422,78.75923919677734
2014-07-03,127.16000366210938,161.658203125,78.47562408447266
2014-07-07,127.0199966430664,161.09539794921875,79.04991912841797
2014-07-08,127.06999969482422,160.05953979492188,79.93623352050781
2014-07-09,127.83999633789062,160.77728271484375,79.99999237060547
2014-07-10,128.5399932861328,160.14114379882812,80.02127075195312
2014-07-11,128.77999877929688,160.3614044189453,80.53180694580078
2014-07-14,125.72000122070312,161.1687774658203,80.184326171875
2014-07-15,124.52999877929688,160.8669891357422,80.02127075195312
2014-07-16,124.97000122070312,161.46240234375,80.44670104980469
2014-07-17,127.08999633789062,159.6272735595703,81.46061706542969
2014-07-18,126.12999725341797,161.258544921875,81.1982650756836
2014-07-21,126.33999633789062,160.9567413330078,81.60244750976562
2014-07-22,125.73999786376953,161.658203125,81.77256774902344
2014-07-23,125.62000274658203,162.01707458496094,81.66622161865234
2014-07-24,124.3499984741211,162.0252227783203,81.05648803710938
2014-07-25,125.79000091552734,161.2667236328125,82.01365661621094
2014-07-28,125.58000183105469,161.33193969726562,81.90019989013672
2014-07-29,125.19999694824219,160.63858032226562,82.1979751586914
2014-07-30,124.83000183105469,160.66305541992188,81.05648803710938
2014-07-31,123.38999938964844,157.4903106689453,80.81541442871094
2014-08-01,124.37999725341797,157.00909423828125,81.44097900390625
2014-08-04,123.98999786376953,158.14280700683594,81.22772216796875
2014-08-05,123.87000274658203,156.60939025878906,81.49072265625
2014-08-06,125.66999816894531,156.65835571289062,81.54055786132812
2014-08-07,126.18000030517578,155.8101043701172,82.30116271972656
2014-08-08,126.19000244140625,157.6126251220703,82.12345886230469
2014-08-11,125.95999908447266,158.06939697265625,82.11634063720703
2014-08-12,125.98999786376953,157.84915161132812,81.58316802978516
2014-08-13,126.19999694824219,158.91769409179688,82.11634063720703
2014-08-14,126.30999755859375,159.6680450439453,82.77752685546875
2014-08-15,125.4800033569336,159.6354217529297,83.68035125732422
2014-08-18,124.95999908447266,160.9730224609375,82.8486099243164
2014-08-19,124.68000030517578,161.8131103515625,82.59263610839844
2014-08-20,124.22000122070312,162.24545288085938,82.45758056640625
2014-08-21,122.87999725341797,162.718505859375,82.919677734375
2014-08-22,123.19000244140625,162.46568298339844,83.38179016113281
2014-08-25,122.73999786376953,163.2894287109375,83.69454956054688
2014-08-26,123.3499984741211,163.39544677734375,83.42439270019531
2014-08-27,123.31999969482422,163.3301544189453,84.13529205322266
2014-08-28,124.0,163.24046325683594,84.57605743408203
2014-08-29,123.86000061035156,163.70541381835938,84.63292694091797
2014-09-02,121.6500015258789,163.6238250732422,83.17296600341797
2014-09-03,122.1500015258789,163.53411865234375,83.63611602783203
2014-09-04,121.4800033569336,163.29759216308594,82.61722564697266
2014-09-05,122.05999755859375,164.0316162109375,82.46044158935547
2014-09-08,120.7300033569336,163.60755920410156,82.49607849121094
2014-09-09,120.87000274658203,162.57171630859375,82.43197631835938
2014-09-10,120.26000213623047,163.1834259033203,81.91178894042969
2014-09-11,119.47000122070312,163.37100219726562,81.64107513427734
2014-09-12,118.37999725341797,162.4166717529297,80.78601837158203
2014-09-15,118.63999938964844,162.29434204101562,80.90715789794922
2014-09-16,118.83000183105469,163.51785278320312,80.57939147949219
2014-09-17,117.54000091552734,163.738037109375,80.3727798461914
2014-09-18,117.77999877929688,164.6107177734375,80.62923431396484
2014-09-19,117.08999633789062,164.46238708496094,81.65528869628906
2014-09-22,116.8499984741211,163.1923370361328,81.75507354736328
2014-09-23,117.5999984741211,162.2581787109375,82.26093292236328
2014-09-24,117.05000305175781,163.52825927734375,81.80496215820312
2014-09-25,117.38999938964844,160.88963317871094,82.77398681640625
2014-09-26,117.05999755859375,162.1680145263672,82.65282440185547
2014-09-29,117.02999877929688,161.87301635742188,83.3154525756836
2014-09-30,116.20999908447266,161.4469451904297,82.84521484375
2014-10-01,116.7699966430664,159.2589874267578,84.45166778564453
2014-10-02,116.73999786376953,159.28358459472656,83.71599578857422
2014-10-03,114.61000061035156,161.03717041015625,84.07308959960938
2014-10-06,116.02999877929688,160.8487091064453,84.12310791015625
2014-10-07,116.36000061035156,158.36581420898438,85.25885009765625
2014-10-08,117.47000122070312,161.135498046875,85.2802505493164
2014-10-09,117.63999938964844,157.93968200683594,84.90882873535156
2014-10-10,117.58999633789062,156.13690185546875,85.75171661376953
2014-10-13,118.5199966430664,153.57205200195312,86.2731704711914
2014-10-14,118.58999633789062,153.8096466064453,86.83739471435547
2014-10-15,118.98999786376953,152.76895141601562,87.52318572998047
2014-10-16,119.22000122070312,152.6378631591797,86.96604919433594
2014-10-17,118.98999786376953,154.4406280517578,86.48027801513672
2014-10-20,119.80000305175781,155.94024658203125,86.79457092285156
2014-10-21,120.0199966430664,159.02952575683594,86.10167694091797
2014-10-22,119.33999633789062,157.8987579345703,86.19458770751953
2014-10-23,118.5199966430664,159.73423767089844,85.4302749633789
2014-10-24,118.3499984741211,160.96340942382812,85.51597595214844
2014-10-27,118.05999755859375,160.74217224121094,85.67314910888672
2014-10-28,118.0999984741211,162.5859832763672,85.13739776611328
2014-10-29,116.41000366210938,162.34010314941406,85.33028411865234
2014-10-30,115.19000244140625,163.38079833984375,85.40167236328125
2014-10-31,112.66000366210938,165.2490997314453,85.18025207519531
2014-11-03,112.1500015258789,165.33924865722656,85.18026733398438
2014-11-04,112.22000122070312,164.76568603515625,85.4451904296875
2014-11-05,109.79000091552734,165.80633544921875,85.3234634399414
2014-11-06,109.87999725341797,166.47010803222656,84.77214050292969
2014-11-07,112.97000122070312,166.62579345703125,85.74593353271484
2014-11-10,110.45999908447266,167.15017700195312,84.95826721191406
2014-11-11,112.04000091552734,167.31411743164062,85.01558685302734
2014-11-12,111.5,167.13385009765625,84.94397735595703
2014-11-13,111.66999816894531,167.3223114013672,85.14447021484375
2014-11-14,114.47000122070312,167.36331176757812,85.5597915649414
2014-11-17,114.05000305175781,167.46975708007812,85.34496307373047
2014-11-18,115.05000305175781,168.43675231933594,85.58119201660156
2014-11-19,113.68000030517578,168.1663360595703,85.03706359863281
2014-11-20,114.86000061035156,168.46136474609375,85.48096466064453
2014-11-21,115.38999938964844,169.36273193359375,85.99661254882812
2014-11-24,115.11000061035156,169.8379669189453,86.06816864013672
2014-11-25,115.37999725341797,169.71510314941406,86.78419494628906
2014-11-26,115.16000366210938,170.1494140625,87.02045440673828
2014-11-28,112.11000061035156,169.78883361816406,87.70792388916016
2014-12-01,116.58000183105469,168.60882568359375,87.1961669921875
2014-12-02,115.13999938964844,169.69869995117188,86.34932708740234
2014-12-03,116.33000183105469,170.3542022705078,86.6866226196289
2014-12-04,115.87999725341797,170.16574096679688,87.41148376464844
2014-12-05,114.43000030517578,170.4443817138672,86.90193939208984
2014-12-08,115.77999877929688,169.30538940429688,87.9640884399414
2014-12-09,118.19000244140625,169.19064331054688,88.416259765625
2014-12-10,117.95999908447266,166.478271484375,89.0621337890625
2014-12-11,117.69000244140625,167.3223114013672,89.4281234741211
2014-12-12,117.41000366210938,164.6181182861328,90.64099884033203
2014-12-15,114.38999938964844,163.48728942871094,90.45437622070312
2014-12-16,114.94999694824219,162.17623901367188,91.57392120361328
2014-12-17,114.2699966430664,165.3556365966797,90.74858856201172
2014-12-18,115.1500015258789,169.44464111328125,89.13389587402344
2014-12-19,114.7699966430664,170.16561889648438,90.33242797851562
2014-12-22,112.55000305175781,170.94842529296875,90.45437622070312
2014-12-23,112.73999786376953,171.17910766601562,88.6601791381836
2014-12-24,112.7699966430664,171.1956024169922,89.14276123046875
2014-12-26,114.83000183105469,171.7476043701172,89.47364807128906
2014-12-29,113.66999816894531,171.97837829589844,90.14248657226562
2014-12-30,115.19999694824219,171.05551147460938,90.38699340820312
2014-12-31,113.58000183105469,169.35813903808594,90.55960083007812
2015-01-02,114.08000183105469,169.26747131347656,91.56641387939453
2015-01-05,115.80000305175781,166.21055603027344,93.00487518310547
2015-01-06,117.12000274658203,164.6450958251953,94.68052673339844
2015-01-07,116.43000030517578,166.69671630859375,94.49354553222656
2015-01-08,115.94000244140625,169.6547393798828,93.24214172363281
2015-01-09,117.26000213623047,168.29522705078125,94.26335144042969
2015-01-12,118.55999755859375,166.9768829345703,94.80280303955078
2015-01-13,118.16000366210938,166.50721740722656,94.80280303955078
2015-01-14,117.97000122070312,165.50201416015625,95.52197265625
2015-01-15,120.94000244140625,163.9859161376953,97.02506256103516
2015-01-16,122.5199966430664,166.13645935058594,95.78803253173828
2015-01-20,124.19999694824219,166.49070739746094,97.0610122680664
2015-01-21,124.2300033569336,167.33123779296875,95.93904113769531
2015-01-22,125.2300033569336,169.81961059570312,95.5938491821289
2015-01-23,124.2300033569336,168.8884735107422,96.92440032958984
2015-01-26,122.98999786376953,169.2839813232422,96.62950897216797
2015-01-27,124.4000015258789,167.05105590820312,96.78055572509766
2015-01-28,123.41999816894531,164.90882873535156,98.36273956298828
2015-01-29,120.76000213623047,166.43310546875,97.71550750732422
2015-01-30,123.44999694824219,164.34022521972656,99.44868469238281
2015-02-02,122.41999816894531,166.37539672851562,99.07322692871094
2015-02-03,121.05000305175781,168.7813720703125,96.97623443603516
2015-02-04,121.58000183105469,168.138671875,97.1419677734375
2015-02-05,121.79000091552734,169.83604431152344,96.07539367675781
2015-02-06,118.63999938964844,169.3663787841797,94.37471771240234
2015-02-09,119.16999816894531,168.6083221435547,94.22332763671875
2015-02-10,118.47000122070312,170.40460205078125,93.47389221191406
2015-02-11,117.06999969482422,170.50347900390625,93.64683532714844
2015-02-12,117.33999633789062,172.14317321777344,93.33700561523438
2015-02-13,117.9800033569336,172.851806640625,92.37853240966797
2015-02-17,116.01000213623047,173.12367248535156,90.98771667480469
2015-02-18,116.33999633789062,173.14019775390625,91.52818298339844
2015-02-19,115.94000244140625,173.0165557861328,90.92285919189453
2015-02-20,115.27999877929688,174.05477905273438,91.1894760131836
2015-02-23,115.43000030517578,174.0300750732422,92.23443603515625
2015-02-24,115.26000213623047,174.5244598388672,93.44506072998047
2015-02-25,115.69999694824219,174.3761444091797,93.8486328125
2015-02-26,116.06999969482422,174.1701202392578,92.56591033935547
2015-02-27,116.16000366210938,173.5768585205078,93.34417724609375
2015-03-02,115.68000030517578,174.67269897460938,91.60552978515625
2015-03-03,115.47000122070312,173.9558563232422,91.27339935302734
2015-03-04,115.11000061035156,173.2225799560547,91.3022232055664
2015-03-05,115.0,173.41207885742188,91.18672943115234
2015-03-06,111.86000061035156,170.97312927246094,89.17217254638672
2015-03-09,111.97000122070312,171.68177795410156,89.9953842163086
2015-03-10,111.41999816894531,168.89675903320312,91.17948150634766
2015-03-11,110.75,168.50125122070312,91.8437271118164
2015-03-12,110.72000122070312,170.64356994628906,91.77877807617188
2015-03-13,110.87999725341797,169.5970916748047,91.49720001220703
2015-03-16,110.80999755859375,171.86305236816406,92.37811279296875
2015-03-17,110.20999908447266,171.3521270751953,93.14344024658203
2015-03-18,112.37000274658203,173.41207885742188,94.94136810302734
2015-03-19,112.29000091552734,172.62109375,94.45753479003906
2015-03-20,113.56999969482422,174.14471435546875,94.95579528808594
2015-03-23,114.29000091552734,173.80538940429688,94.84031677246094
2015-03-24,114.56999969482422,172.82884216308594,95.75724792480469
2015-03-25,114.7300033569336,170.29620361328125,94.94853973388672
2015-03-26,115.4800033569336,169.8906707763672,93.46837615966797
2015-03-27,115.05999755859375,170.27964782714844,94.63084411621094
2015-03-30,113.75,172.35704040527344,94.1615219116211
2015-03-31,113.66000366210938,170.85072326660156,94.36370086669922
2015-04-01,115.5999984741211,170.24659729003906,95.60315704345703
2015-04-02,115.27999877929688,170.8590087890625,94.59017181396484
2015-04-06,116.69000244140625,172.0094451904297,94.0620346069336
2015-04-07,116.11000061035156,171.55422973632812,94.85063934326172
2015-04-08,115.47000122070312,172.1335906982422,94.87957763671875
2015-04-09,114.66999816894531,172.89505004882812,93.6495361328125
2015-04-10,115.97000122070312,173.8385009765625,93.78700256347656
2015-04-13,115.13999938964844,173.05226135253906,93.91728210449219
2015-04-14,114.44000244140625,173.38333129882812,94.58293151855469
2015-04-15,115.43000030517578,174.16136169433594,94.50335693359375
2015-04-16,115.02999877929688,174.11166381835938,94.03301239013672
2015-04-17,115.5999984741211,172.10873413085938,95.11115264892578
2015-04-20,114.72000122070312,173.68133544921875,94.27178192138672
2015-04-21,115.37999725341797,173.47438049316406,93.84491729736328
2015-04-22,113.83000183105469,174.3268585205078,92.4122543334961
2015-04-23,114.66000366210938,174.76547241210938,92.81024932861328
2015-04-24,113.05000305175781,175.17108154296875,93.38909149169922
2015-04-27,115.33000183105469,174.4427032470703,93.38909149169922
2015-04-28,116.33000183105469,174.99728393554688,92.10115814208984
2015-04-29,115.51000213623047,174.2771759033203,90.9724349975586
2015-04-30,113.47000122070312,172.5308837890625,91.13159942626953
2015-05-01,113.08000183105469,174.40130615234375,89.90477752685547
2015-05-04,114.0999984741211,174.89793395996094,89.05656433105469
2015-05-05,114.41999816894531,172.89505004882812,88.93325805664062
2015-05-06,114.36000061035156,172.18325805664062,87.41068267822266
2015-05-07,113.41999816894531,172.8701629638672,88.58523559570312
2015-05-08,113.97000122070312,175.1461944580078,88.82449340820312
2015-05-11,113.52999877929688,174.310302734375,86.66387176513672
2015-05-12,114.5,173.7888641357422,86.88867950439453
2015-05-13,116.55000305175781,173.82203674316406,86.19261932373047
2015-05-14,117.18000030517578,175.634521484375,86.42463684082031
2015-05-15,117.52999877929688,175.824951171875,88.15748596191406
2015-05-18,117.5199966430664,176.3711395263672,86.67840576171875
2015-05-19,115.88999938964844,176.3131866455078,85.90985870361328
2015-05-20,116.08000183105469,176.18907165527344,86.05485534667969
2015-05-21,115.69000244140625,176.70217895507812,87.25840759277344
2015-05-22,115.5999984741211,176.28013610839844,87.29470825195312
2015-05-26,113.91000366210938,174.38478088378906,88.78829193115234
2015-05-27,113.88999938964844,176.04005432128906,88.99127197265625
2015-05-28,114.0199966430664,175.84146118164062,88.77374267578125
2015-05-29,114.0999984741211,174.7489013671875,88.96949768066406
2015-06-01,114.0,175.1048583984375,88.01329803466797
2015-06-02,114.45999908447266,174.9310302734375,86.78536987304688
2015-06-03,113.63999938964844,175.39450073242188,85.3902816772461
2015-06-04,112.83999633789062,173.9130401611328,86.50198364257812
2015-06-05,112.23999786376953,173.61508178710938,85.44841766357422
2015-06-08,112.56999969482422,172.54747009277344,85.35396575927734
2015-06-09,112.81999969482422,172.52261352539062,84.6781997680664
2015-06-10,113.77999877929688,174.5917205810547,83.93708038330078
2015-06-11,113.26000213623047,175.15451049804688,85.70270538330078
2015-06-12,113.2300033569336,173.81369018554688,85.70270538330078
2015-06-15,113.7300033569336,173.06881713867188,85.84075164794922
2015-06-16,113.31999969482422,174.01235961914062,86.51652526855469
2015-06-17,113.8499984741211,174.29373168945312,85.8480453491211
2015-06-18,115.31999969482422,176.1062774658203,85.4266128540039
2015-06-19,115.12000274658203,175.32452392578125,86.52376556396484
2015-06-22,113.63999938964844,176.22276306152344,84.75817108154297
2015-06-23,112.88999938964844,176.3474578857422,84.24952697753906
2015-06-24,112.58999633789062,175.06668090820312,84.97611236572266
2015-06-25,112.44000244140625,174.534423828125,84.6781997680664
2015-06-26,112.55999755859375,174.50112915039062,83.72636413574219
2015-06-29,113.06999969482422,170.84181213378906,85.94249725341797
2015-06-30,112.37000274658203,171.19943237304688,85.34668731689453
2015-07-01,111.9800033569336,172.5717315673828,84.19466400146484
2015-07-02,111.76000213623047,172.41366577148438,84.47135925292969
2015-07-06,112.05999755859375,171.9230194091797,86.03703308105469
2015-07-07,110.76000213623047,173.004150390625,86.84532928466797
2015-07-08,111.08999633789062,170.10165405273438,87.59532165527344
2015-07-09,111.36000061035156,170.4093475341797,85.86955261230469
2015-07-10,111.48999786376953,172.55506896972656,84.50780487060547
2015-07-13,110.98999786376953,174.45957946777344,84.24565887451172
2015-07-14,110.73999786376953,175.2163848876953,84.52238464355469
2015-07-15,110.16000366210938,175.15818786621094,85.41806030273438
2015-07-16,109.76000213623047,176.56369018554688,86.00794219970703
2015-07-17,108.6500015258789,176.71340942382812,86.45211791992188
2015-07-20,105.69999694824219,176.80484008789062,86.08793640136719
2015-07-21,105.37000274658203,176.10626220703125,86.55401611328125
2015-07-22,104.80000305175781,175.7902374267578,87.0928726196289
2015-07-23,104.33000183105469,174.8005828857422,88.17790985107422
2015-07-24,105.3499984741211,172.98751831054688,88.39641571044922
2015-07-27,104.86000061035156,171.9811553955078,88.86969757080078
2015-07-28,105.0199966430664,174.0936737060547,88.22160339355469
2015-07-29,105.16999816894531,175.29124450683594,87.8939437866211
2015-07-30,104.2699966430664,175.3328094482422,88.5711441040039
2015-07-31,104.93000030517578,175.06668090820312,89.22655487060547
2015-08-03,104.0999984741211,174.47622680664062,90.165771484375
2015-08-04,104.30999755859375,174.13522338867188,89.45059967041016
2015-08-05,103.93000030517578,174.70913696289062,88.7791519165039
2015-08-06,104.38999938964844,173.27857971191406,89.5673599243164
2015-08-07,104.6500015258789,172.9459228515625,90.74227905273438
2015-08-10,105.72000122070312,175.12489318847656,89.6184310913086
2015-08-11,106.26000213623047,173.5447235107422,91.04151916503906
2015-08-12,107.75,173.7526397705078,90.54525756835938
2015-08-13,106.86000061035156,173.5364227294922,90.25337982177734
2015-08-14,106.8499984741211,174.16851806640625,90.46498107910156
2015-08-17,107.12999725341797,175.14154052734375,90.87370300292969
2015-08-18,107.11000061035156,174.63418579101562,90.15846252441406
2015-08-19,108.55000305175781,173.253662109375,91.04882049560547
2015-08-20,110.44000244140625,169.6359405517578,91.96839904785156
2015-08-21,111.12999725341797,164.52944946289062,92.24569702148438
2015-08-24,110.52999877929688,157.60162353515625,92.2165298461914
2015-08-25,109.16000366210938,155.7469482421875,90.73503112792969
2015-08-26,107.66999816894531,161.72669982910156,88.98352813720703
2015-08-27,107.7300033569336,165.72705078125,89.03462219238281
2015-08-28,108.69999694824219,165.7353515625,89.29737854003906
2015-08-31,108.81999969482422,164.39642333984375,88.61128997802734
2015-09-01,109.19999694824219,159.48953247070312,89.24982452392578
2015-09-02,108.62000274658203,162.5167999267578,88.4818344116211
2015-09-03,107.83999633789062,162.6332244873047,88.91338348388672
2015-09-04,107.48999786376953,160.17144775390625,89.72520446777344
2015-09-08,107.5199966430664,164.19676208496094,88.40142822265625
2015-09-09,106.12999725341797,162.00120544433594,88.82563781738281
2015-09-10,106.37999725341797,162.88267517089844,88.22588348388672
2015-09-11,106.16000366210938,163.62290954589844,88.78174591064453
2015-09-14,106.22000122070312,163.0158233642578,88.92073059082031
2015-09-15,105.9000015258789,165.05337524414062,87.21660614013672
2015-09-16,107.30999755859375,166.48385620117188,86.88746643066406
2015-09-17,108.41000366210938,166.1095733642578,87.94795989990234
2015-09-18,109.20999908447266,163.39517211914062,89.30098724365234
2015-09-21,108.52999877929688,164.23948669433594,87.84559631347656
2015-09-22,107.79000091552734,162.10768127441406,89.06697082519531
2015-09-23,108.22000122070312,161.8485565185547,89.05963897705078
2015-09-24,110.48999786376953,161.26333618164062,89.6667251586914
2015-09-25,109.80999755859375,161.22154235839844,88.8915023803711
2015-09-28,108.41999816894531,157.17530822753906,90.41265106201172
2015-09-29,107.9800033569336,157.26727294921875,90.668701171875
2015-09-30,106.86000061035156,160.20164489746094,90.35415649414062
2015-10-01,106.7300033569336,160.61962890625,90.73970794677734
2015-10-02,108.98999786376953,163.01893615722656,91.28937530517578
2015-10-05,108.7699966430664,165.91983032226562,90.05077362060547
2015-10-06,109.86000061035156,165.351318359375,90.4392318725586
2015-10-07,109.69999694824219,166.70565795898438,90.13875579833984
2015-10-08,109.13999938964844,168.21044921875,89.38385772705078
2015-10-09,110.87000274658203,168.31076049804688,89.61835479736328
2015-10-12,111.30999755859375,168.4696502685547,90.29998016357422
2015-10-13,111.86000061035156,167.4079132080078,90.45384979248047
2015-10-14,113.80999755859375,166.60536193847656,91.24537658691406
2015-10-15,113.29000091552734,169.1634979248047,90.79833984375
2015-10-16,112.48999786376953,169.93258666992188,90.82762908935547
2015-10-19,112.0199966430664,170.0161895751953,90.57845306396484
2015-10-20,112.7300033569336,169.79884338378906,90.02146911621094
2015-10-21,111.7300033569336,168.74546813964844,90.91560363769531
2015-10-22,111.69000244140625,171.59628295898438,91.0694808959961
2015-10-23,111.5,173.4771728515625,90.29263305664062
2015-10-26,111.43000030517578,173.05088806152344,90.89360809326172
2015-10-27,111.68000030517578,172.7164764404297,91.12080383300781
2015-10-28,110.77999877929688,174.6810302734375,90.75437927246094
2015-10-29,109.72000122070312,174.58074951171875,89.3105697631836
2015-10-30,109.30000305175781,173.8282928466797,89.98477172851562
2015-11-02,108.58999633789062,175.88485717773438,89.57130432128906
2015-11-03,106.9800033569336,176.39486694335938,88.83679962158203
2015-11-04,105.97000122070312,175.8598175048828,88.93962097167969
2015-11-05,105.63999938964844,175.6842498779297,88.70460510253906
2015-11-06,104.0999984741211,175.59225463867188,87.40454864501953
2015-11-09,104.4000015258789,173.9537353515625,86.91243743896484
2015-11-10,104.18000030517578,174.3550262451172,87.16949462890625
2015-11-11,103.83000183105469,173.66949462890625,86.98590850830078
2015-11-12,103.8499984741211,171.24510192871094,87.40454864501953
2015-11-13,103.55999755859375,169.3223419189453,87.90400695800781
2015-11-16,103.70999908447266,171.8971710205078,87.82321166992188
2015-11-17,102.33999633789062,171.77182006835938,87.97013092041016
2015-11-18,102.43000030517578,174.49713134765625,88.15371704101562
2015-11-19,103.55999755859375,174.34657287597656,88.7413101196289
2015-11-20,103.08999633789062,174.98202514648438,88.46955871582031
2015-11-23,102.26000213623047,174.78138732910156,88.7413101196289
2015-11-24,102.94000244140625,175.01548767089844,88.73400115966797
2015-11-25,102.45999908447266,174.99037170410156,88.93962097167969
2015-11-27,101.25,175.19102478027344,88.85147094726562
2015-11-30,101.91999816894531,174.46368408203125,89.20409393310547
2015-12-01,102.27999877929688,176.12734985351562,90.40900421142578
2015-12-02,100.69000244140625,174.32992553710938,90.43840789794922
2015-12-03,101.76000213623047,171.88880920410156,87.97999572753906
2015-12-04,104.0199966430664,175.2411651611328,88.75287628173828
2015-12-07,102.66999816894531,174.17945861816406,89.61405944824219
2015-12-08,102.83999633789062,173.009033203125,89.65817260742188
2015-12-09,102.63999938964844,171.66307067871094,89.56250762939453
2015-12-10,102.55000305175781,172.1061553955078,89.6802749633789
2015-12-11,103.11000061035156,168.7705078125,91.09349822998047
2015-12-14,101.79000091552734,169.62330627441406,89.91584014892578
2015-12-15,101.5199966430664,171.40399169921875,89.38584899902344
2015-12-16,102.75,173.91195678710938,89.19451141357422
2015-12-17,100.5,171.26182556152344,90.202880859375
2015-12-18,102.04000091552734,168.21084594726562,90.70338439941406
2015-12-21,103.1500015258789,169.59841918945312,90.68128204345703
2015-12-22,102.61000061035156,171.13742065429688,90.02622985839844
2015-12-23,102.30999755859375,173.2566375732422,89.34906005859375
2015-12-24,103.05000305175781,172.9706573486328,89.86095428466797
2015-12-28,102.2699966430664,172.57542419433594,90.1264877319336
2015-12-29,102.19999694824219,174.41712951660156,88.62918853759766
2015-12-30,101.41999816894531,173.1809539794922,88.5406723022461
2015-12-31,101.45999908447266,171.44847106933594,88.93896484375
2016-01-04,102.88999938964844,169.0517578125,89.58067321777344
2016-01-05,103.18000030517578,169.3377227783203,89.21920776367188
2016-01-06,104.66999816894531,167.20162963867188,90.4215087890625
2016-01-07,106.1500015258789,163.1902313232422,90.58382415771484
2016-01-08,105.68000030517578,161.39894104003906,90.98945617675781
2016-01-11,104.73999786376953,161.55874633789062,89.99373626708984
2016-01-12,104.20999908447266,162.8622589111328,91.29185485839844
2016-01-13,104.72000122070312,158.80029296875,92.19174194335938
2016-01-14,103.0199966430664,161.40731811523438,91.32874298095703
2016-01-15,104.08000183105469,157.9425811767578,92.7522964477539
2016-01-19,103.9800033569336,158.15281677246094,92.464599609375
2016-01-20,105.37000274658203,156.12608337402344,93.43827056884766
2016-01-21,105.48999786376953,157.00067138671875,92.803955078125
2016-01-22,105.0,160.22158813476562,92.44991302490234
2016-01-25,106.08000183105469,157.79953002929688,92.95145416259766
2016-01-26,107.29000091552734,159.9524688720703,92.99571228027344
2016-01-27,107.69000244140625,158.211669921875,92.97362518310547
2016-01-28,106.54000091552734,159.0357666015625,93.1063461303711
2016-01-29,106.94999694824219,162.9126739501953,93.89562225341797
2016-02-01,108.05000305175781,162.8538360595703,93.60810089111328
2016-02-02,108.08999633789062,159.91885375976562,95.34473419189453
2016-02-03,109.25,160.87757873535156,94.55403137207031
2016-02-04,110.56999969482422,161.12982177734375,95.01219940185547
2016-02-05,112.31999969482422,158.0602569580078,95.12305450439453
2016-02-08,113.83000183105469,155.93264770507812,97.17002868652344
2016-02-09,113.58000183105469,155.94100952148438,97.27349853515625
2016-02-10,114.45999908447266,155.80648803710938,98.13072967529297
2016-02-11,119.05999755859375,153.77975463867188,98.81803131103516
2016-02-12,118.36000061035156,156.9501495361328,97.17743682861328
2016-02-16,114.7699966430664,159.59922790527344,96.15025329589844
2016-02-17,115.4800033569336,162.20626831054688,95.55902862548828
2016-02-18,118.29000091552734,161.54190063476562,96.73406982421875
2016-02-19,117.58000183105469,161.46620178222656,96.81534576416016
2016-02-22,115.48999786376953,163.80413818359375,96.76360321044922
2016-02-23,117.22000122070312,161.73532104492188,97.15531158447266
2016-02-24,117.61000061035156,162.47544860839844,96.963134765625
2016-02-25,117.91999816894531,164.44320678710938,97.3104248046875
2016-02-26,117.11000061035156,164.06480407714844,96.37194061279297
2016-02-29,118.63999938964844,162.7781219482422,96.79320526123047
2016-03-01,117.7699966430664,166.60455322265625,95.08876037597656
2016-03-02,118.68000030517578,167.35296630859375,95.48119354248047
2016-03-03,120.7300033569336,168.00892639160156,95.82916259765625
2016-03-04,120.54000091552734,168.5556182861328,95.21465301513672
2016-03-07,121.13999938964844,168.69017028808594,95.18502807617188
2016-03-08,120.58000183105469,166.84844970703125,96.23636627197266
2016-03-09,119.58000183105469,167.67254638671875,95.65145111083984
2016-03-10,121.5,167.80712890625,95.25908660888672
2016-03-11,119.41000366210938,170.5150604248047,94.29656219482422
2016-03-14,117.87000274658203,170.29640197753906,94.59270477294922
2016-03-15,117.95999908447266,170.01889038085938,94.68157196044922
2016-03-16,120.58999633789062,171.0027618408203,94.96292877197266
2016-03-17,120.12999725341797,172.08766174316406,95.3553466796875
2016-03-18,119.80000305175781,172.76388549804688,95.55524444580078
2016-03-21,118.95999908447266,173.009033203125,94.82222747802734
2016-03-22,119.30999755859375,172.91607666015625,94.8000259399414
2016-03-23,116.61000061035156,171.77487182617188,95.87364196777344
2016-03-24,116.33000183105469,171.69882202148438,95.91060638427734
2016-03-28,116.5999984741211,171.80027770996094,96.0364761352539
2016-03-29,118.76000213623047,173.38941955566406,97.04339599609375
2016-03-30,117.0999984741211,174.15020751953125,96.02169036865234
2016-03-31,117.63999938964844,173.72756958007812,96.70279693603516
2016-04-01,116.93000030517578,174.9109649658203,96.955078125
2016-04-04,116.1500015258789,174.3445587158203,97.01441955566406
2016-04-05,117.66000366210938,172.60330200195312,98.07540893554688
2016-04-06,116.94000244140625,174.48834228515625,97.36311340332031
2016-04-07,118.61000061035156,172.40037536621094,98.56502532958984
2016-04-08,118.43000030517578,172.8653564453125,97.94181823730469
2016-04-11,120.02999877929688,172.45960998535156,97.81573486328125
2016-04-12,120.05000305175781,174.06564331054688,97.14054870605469
2016-04-13,118.7699966430664,175.82395935058594,97.48188781738281
2016-04-14,117.11000061035156,175.8323516845703,97.01441955566406
2016-04-15,117.91999816894531,175.63790893554688,97.8454360961914
2016-04-18,117.73999786376953,176.8721466064453,97.42245483398438
2016-04-19,119.58000183105469,177.4300079345703,97.1183090209961
2016-04-20,118.97000122070312,177.5990447998047,96.04997253417969
2016-04-21,119.41999816894531,176.6438446044922,95.47870635986328
2016-04-22,117.88999938964844,176.6438446044922,95.23383331298828
2016-04-25,118.2300033569336,176.3395538330078,94.84059143066406
2016-04-26,118.69999694824219,176.60166931152344,94.41028594970703
2016-04-27,119.04000091552734,176.96510314941406,95.35253143310547
2016-04-28,121.29000091552734,175.3590087890625,95.74578857421875
2016-04-29,123.6500015258789,174.4122314453125,95.99055480957031
2016-05-02,123.23999786376953,175.79852294921875,95.02411651611328
2016-05-03,122.95999908447266,174.26853942871094,96.22102355957031
2016-05-04,122.20999908447266,173.29644775390625,96.7488784790039
2016-05-05,122.06999969482422,173.26260375976562,97.39564514160156
2016-05-06,123.18000030517578,173.89663696289062,96.97933959960938
2016-05-09,120.6500015258789,174.04034423828125,97.28413391113281
2016-05-10,120.9800033569336,176.20428466796875,97.29159545898438
2016-05-11,122.12000274658203,174.5559844970703,97.8416976928711
2016-05-12,121.16000366210938,174.606689453125,97.39564514160156
2016-05-13,121.70999908447266,173.0851287841797,98.33979034423828
2016-05-16,121.80000305175781,174.7926483154297,97.49230194091797
2016-05-17,122.22000122070312,173.1612091064453,97.65583801269531
2016-05-18,120.0999984741211,173.21194458007812,96.26568603515625
2016-05-19,119.87000274658203,172.61172485351562,96.68197631835938
2016-05-20,119.70999908447266,173.70225524902344,96.7563247680664
2016-05-23,119.37000274658203,173.46548461914062,96.97186279296875
2016-05-24,117.30000305175781,175.71401977539062,96.54068756103516
2016-05-25,116.9800033569336,176.90591430664062,96.17645263671875
2016-05-26,116.58000183105469,176.95663452148438,96.67453002929688
2016-05-27,115.62000274658203,177.71743774414062,96.53329467773438
2016-05-31,116.05999755859375,177.3793182373047,96.76374053955078
2016-06-01,115.94000244140625,177.74276733398438,97.15634155273438
2016-06-02,115.66999816894531,178.28375244140625,97.85655975341797
2016-06-03,118.87999725341797,177.75120544433594,99.24962615966797
2016-06-06,118.91999816894531,178.65573120117188,98.51214599609375
2016-06-07,118.81999969482422,178.93467712402344,98.75053405761719
2016-06-08,120.58000183105469,179.51792907714844,99.27940368652344
2016-06-09,121.25,179.2727813720703,99.92011260986328
2016-06-10,121.73999786376953,177.57373046875,100.40428924560547
2016-06-13,122.63999938964844,176.20428466796875,100.85128784179688
2016-06-14,122.7699966430664,175.85772705078125,100.77680969238281
2016-06-15,123.68000030517578,175.61257934570312,101.16419982910156
2016-06-16,122.37999725341797,176.1366729736328,101.65583801269531
2016-06-17,123.94999694824219,175.480712890625,101.02263641357422
2016-06-20,123.20999908447266,176.6107940673828,99.94245147705078
2016-06-21,120.83999633789062,177.1121368408203,99.48056030273438
2016-06-22,120.9000015258789,176.82327270507812,99.64448547363281
2016-06-23,120.11000061035156,179.1259307861328,98.504638671875
2016-06-24,126.0,172.6936798095703,101.14926147460938
2016-06-27,126.68000030517578,169.6007537841797,103.67463684082031
2016-06-28,125.31999969482422,172.65972900390625,103.89065551757812
2016-06-29,125.83999633789062,175.5996551513672,103.09354400634766
2016-06-30,126.47000122070312,177.99581909179688,103.47348022460938
2016-07-01,128.41000366210938,178.36968994140625,104.9101791381836
2016-07-05,129.47000122070312,177.08663940429688,106.22369384765625
2016-07-06,130.22999572753906,178.1487274169922,106.39531707763672
2016-07-07,129.74000549316406,178.038330078125,106.38790893554688
2016-07-08,130.52000427246094,180.6893768310547,107.17153930664062
2016-07-11,129.2899932861328,181.32666015625,106.23112487792969
2016-07-12,127.1500015258789,182.6437225341797,104.48481750488281
2016-07-13,128.32000732421875,182.61817932128906,105.71614074707031
2016-07-14,127.33000183105469,183.6378173828125,104.17874908447266
2016-07-15,126.83999633789062,183.3914337158203,103.28315734863281
2016-07-18,127.04000091552734,183.88430786132812,103.1861801147461
2016-07-19,127.20999908447266,183.6973419189453,103.7682876586914
2016-07-20,125.38999938964844,184.4621124267578,103.20111846923828
2016-07-21,127.30000305175781,183.7653350830078,103.41007995605469
2016-07-22,126.3499984741211,184.5895538330078,103.58919525146484
2016-07-25,125.47000122070312,184.0881805419922,103.51451110839844
2016-07-26,126.0,184.17320251464844,103.67877960205078
2016-07-27,128.02999877929688,183.97772216796875,104.9698715209961
2016-07-28,127.66000366210938,184.190185546875,104.77581787109375
2016-07-29,128.97999572753906,184.48756408691406,105.64898681640625
2016-08-01,129.22000122070312,184.33462524414062,104.50357055664062
2016-08-02,130.27000427246094,183.15354919433594,103.42688751220703
2016-08-03,129.64999389648438,183.6888427734375,103.48674011230469
2016-08-04,129.8699951171875,183.88430786132812,104.26435852050781
2016-08-05,127.55000305175781,185.38824462890625,103.18017578125
2016-08-08,127.44000244140625,185.2777557373047,103.37457275390625
2016-08-09,127.95999908447266,185.38824462890625,104.39143371582031
2016-08-10,128.55999755859375,184.92941284179688,104.79515838623047
2016-08-11,127.66999816894531,185.78762817382812,103.86053466796875
2016-08-12,127.4000015258789,185.626220703125,104.73533630371094
2016-08-15,127.83999633789062,186.16146850585938,103.74845123291016
2016-08-16,128.47000122070312,185.2013397216797,103.47174072265625
2016-08-17,128.5,185.5497283935547,104.09230041503906
2016-08-18,129.11000061035156,185.9660186767578,104.25687408447266
2016-08-19,127.97000122070312,185.69415283203125,103.71102142333984
2016-08-22,127.77999877929688,185.68560791015625,104.58583068847656
2016-08-23,127.76000213623047,186.0595245361328,104.697998046875
2016-08-24,126.33999633789062,185.10787963867188,104.45121765136719
2016-08-25,126.2300033569336,184.98036193847656,104.05499267578125
2016-08-26,126.05000305175781,184.6320037841797,103.44929504394531
2016-08-29,126.30000305175781,185.5411834716797,104.83255004882812
2016-08-30,125.02999877929688,185.2352752685547,104.42878723144531
2016-08-31,124.77999877929688,184.70851135253906,104.57833862304688
2016-09-01,125.29000091552734,184.7169647216797,104.69369506835938
2016-09-02,126.56999969482422,185.5497283935547,103.83980560302734
2016-09-06,128.7100067138672,186.11048889160156,104.59635925292969
2016-09-07,128.27000427246094,186.09353637695312,104.52143096923828
2016-09-08,127.58999633789062,185.6686248779297,103.2105941772461
2016-09-09,126.75,181.22470092773438,101.51025390625
2016-09-12,126.58999633789062,183.82484436035156,101.56271362304688
2016-09-13,125.75,181.18218994140625,100.40921020507812
2016-09-14,126.18000030517578,181.11422729492188,100.55902099609375
2016-09-15,125.37000274658203,182.92408752441406,100.12448120117188
2016-09-16,125.05999755859375,182.21702575683594,100.9334716796875
2016-09-19,125.31999969482422,182.25119018554688,100.60391998291016
2016-09-20,125.44000244140625,182.25961303710938,100.95598602294922
2016-09-21,127.2699966430664,184.309326171875,101.77242279052734
2016-09-22,127.56999969482422,185.47068786621094,102.58140563964844
2016-09-23,127.6500015258789,184.45443725585938,102.4840316772461
2016-09-26,127.55000305175781,182.95997619628906,103.13570404052734
2016-09-27,126.62000274658203,184.09576416015625,103.8922119140625
2016-09-28,126.22000122070312,185.00958251953125,103.66747283935547
2016-09-29,126.06999969482422,183.3357391357422,103.9296875
2016-09-30,125.63999938964844,184.71917724609375,103.0008773803711
2016-10-03,125.31999969482422,184.27511596679688,102.66089630126953
2016-10-04,120.97000122070312,183.3357391357422,101.4603271484375
2016-10-05,120.77999877929688,184.1470489501953,100.98755645751953
2016-10-06,119.66000366210938,184.27511596679688,100.42475128173828
2016-10-07,119.73999786376953,183.6431427001953,100.49234771728516
2016-10-10,120.16000366210938,184.5996856689453,99.89952087402344
2016-10-11,119.55000305175781,182.26824951171875,99.67440032958984
2016-10-12,119.73999786376953,182.5073699951172,99.7719497680664
2016-10-13,120.02999877929688,181.90957641601562,100.14715576171875
2016-10-14,119.36000061035156,182.00350952148438,98.74385833740234
2016-10-17,119.68000030517578,181.37158203125,99.37420654296875
2016-10-18,120.41999816894531,182.5073699951172,99.69688415527344
2016-10-19,121.11000061035156,182.99412536621094,99.7794189453125
2016-10-20,120.73999786376953,182.6525421142578,99.88446044921875
2016-10-21,120.83000183105469,182.7379150390625,100.0345687866211
2016-10-24,120.55999755859375,183.51504516601562,99.59931945800781
2016-10-25,121.47000122070312,182.900146484375,99.86195373535156
2016-10-26,120.79000091552734,182.5330047607422,99.1866226196289
2016-10-27,121.01000213623047,182.04617309570312,98.10608673095703
2016-10-28,121.58000183105469,181.50816345214844,97.88845825195312
2016-10-31,121.94000244140625,181.5167236328125,98.48877716064453
2016-11-01,122.7300033569336,180.20155334472656,98.49628448486328
2016-11-02,123.63999938964844,179.11700439453125,98.9248275756836
2016-11-03,124.30000305175781,178.2971649169922,98.16548919677734
2016-11-04,124.38999938964844,178.1007537841797,99.04515838623047
2016-11-07,122.1500015258789,182.0290985107422,98.20306396484375
2016-11-08,121.63999938964844,182.84896850585938,97.80462646484375
2016-11-09,121.55999755859375,184.7875213623047,93.65453338623047
2016-11-10,119.75,185.24871826171875,92.271240234375
2016-11-11,117.0999984741211,184.82171630859375,91.75239562988281
2016-11-14,116.11000061035156,184.96685791015625,91.2035903930664
2016-11-15,117.12000274658203,186.41012573242188,91.65470886230469
2016-11-16,116.7699966430664,186.05999755859375,92.48169708251953
2016-11-17,116.16999816894531,187.01649475097656,91.12090301513672
2016-11-18,115.1500015258789,186.5980224609375,90.85777282714844
2016-11-21,115.58000183105469,188.007080078125,91.08329010009766
2016-11-22,115.54000091552734,188.37423706054688,91.05323028564453
2016-11-23,113.25,188.47679138183594,90.69985961914062
2016-11-25,112.61000061035156,189.1770477294922,90.8352279663086
2016-11-28,113.80000305175781,188.2888641357422,91.50433349609375
2016-11-29,113.2699966430664,188.65611267089844,91.88775634765625
2016-11-30,111.75,188.2035369873047,90.39913940429688
2016-12-01,111.54000091552734,187.5117950439453,89.44468688964844
2016-12-02,112.13999938964844,187.60572814941406,90.10004425048828
2016-12-05,111.54000091552734,188.73297119140625,90.00214385986328
2016-12-06,111.43000030517578,189.33074951171875,89.93428039550781
2016-12-07,111.83000183105469,191.80735778808594,90.70274353027344
2016-12-08,111.56999969482422,192.2770538330078,89.63300323486328
2016-12-09,110.4000015258789,193.43850708007812,88.51801300048828
2016-12-12,110.81999969482422,193.2165069580078,88.68380737304688
2016-12-13,110.44999694824219,194.5059814453125,89.00021362304688
2016-12-14,108.83000183105469,192.90048217773438,88.00575256347656
2016-12-15,107.33999633789062,193.6947479248047,88.45027160644531
2016-12-16,108.05000305175781,193.31588745117188,88.24685668945312
2016-12-19,108.58999633789062,193.73680114746094,89.19607543945312
2016-12-20,107.79000091552734,194.484130859375,88.75157928466797
2016-12-21,107.8499984741211,193.9429168701172,89.14334106445312
2016-12-22,107.58999633789062,193.60792541503906,88.98397827148438
2016-12-23,107.93000030517578,193.89141845703125,89.16523742675781
2016-12-27,108.55999755859375,194.3724365234375,88.87821960449219
2016-12-28,108.86000061035156,192.76612854003906,89.52777862548828
2016-12-29,110.29000091552734,192.72315979003906,89.84503173828125
2016-12-30,109.61000061035156,192.01873779296875,89.98095703125
2017-01-03,110.47000122070312,193.4876708984375,90.36619567871094
2017-01-04,110.86000061035156,194.63877868652344,90.71363830566406
2017-01-05,112.58000183105469,194.484130859375,92.13362121582031
2017-01-06,111.75,195.17994689941406,91.28764343261719
2017-01-09,112.66999816894531,194.53570556640625,92.02030944824219
2017-01-10,113.1500015258789,194.53570556640625,91.95990753173828
2017-01-11,113.5,195.08547973632812,92.26960754394531
2017-01-12,113.91000366210938,194.5958251953125,92.06566619873047
2017-01-13,114.20999908447266,195.04251098632812,91.62761688232422
2017-01-17,115.8499984741211,194.3553009033203,92.5868148803711
2017-01-18,114.87000274658203,194.78482055664062,91.40096282958984
2017-01-19,114.7699966430664,194.06332397460938,90.77406311035156
2017-01-20,115.05000305175781,194.77621459960938,90.59275817871094
2017-01-23,115.79000091552734,194.26937866210938,91.49918365478516
2017-01-24,115.2699966430664,195.51499938964844,90.87223052978516
2017-01-25,114.31999969482422,197.20729064941406,89.73173522949219
2017-01-26,113.26000213623047,197.00111389160156,90.03382873535156
2017-01-27,113.48999786376953,196.6918487548828,90.35865020751953
2017-01-30,113.97000122070312,195.47203063964844,90.08670806884766
2017-01-31,115.55000305175781,195.45486450195312,90.71363830566406
2017-02-01,115.19999694824219,195.5321807861328,90.15272521972656
2017-02-02,115.83999633789062,195.66099548339844,90.11497497558594
2017-02-03,116.12999725341797,197.0096435546875,90.0770034790039
2017-02-06,117.69999694824219,196.65748596191406,90.62206268310547
2017-02-07,117.45999908447266,196.66612243652344,91.28813934326172
2017-02-08,118.19000244140625,196.92381286621094,92.52952575683594
2017-02-09,117.29000091552734,198.09210205078125,91.46221923828125
2017-02-10,117.5999984741211,198.87376403808594,91.40926361083984
2017-02-13,116.80000305175781,199.9561767578125,91.12164306640625
2017-02-14,116.93000030517578,200.75506591796875,90.4631118774414
2017-02-15,117.44999694824219,201.80303955078125,90.04679107666016
2017-02-16,118.08000183105469,201.63125610351562,90.53881072998047
2017-02-17,117.68000030517578,201.9491729736328,91.0761947631836
2017-02-21,117.75,203.15171813964844,90.9172592163086
2017-02-22,117.91000366210938,202.9713592529297,91.06863403320312
2017-02-23,118.94000244140625,203.10879516601562,91.34113311767578
2017-02-24,119.69999694824219,203.3665313720703,92.35546112060547
2017-02-27,119.12000274658203,203.68438720703125,91.81047058105469
2017-02-28,119.2300033569336,203.13458251953125,92.15110778808594
2017-03-01,119.05999755859375,205.9779815673828,90.60697174072266
2017-03-02,117.58000183105469,204.68084716796875,90.28082275390625
2017-03-03,117.51000213623047,204.80966186523438,90.51595306396484
2017-03-06,116.72000122070312,204.1997528076172,90.08364868164062
2017-03-07,115.77999877929688,203.58987426757812,89.81065368652344
2017-03-08,115.05999755859375,203.21188354492188,89.32526397705078
2017-03-09,114.47000122070312,203.46957397460938,88.61237335205078
2017-03-10,114.72000122070312,204.1826171875,88.92329406738281
2017-03-13,114.73999786376953,204.28567504882812,88.362060546875
2017-03-14,114.12000274658203,203.50393676757812,88.78678131103516
2017-03-15,116.25,205.2649688720703,89.87128448486328
2017-03-16,116.7300033569336,204.8612060546875,89.41626739501953
2017-03-17,116.98999786376953,204.50146484375,89.97750091552734
2017-03-20,117.51000213623047,204.27720642089844,90.36427307128906
2017-03-21,118.54000091552734,201.65432739257812,91.1151123046875
2017-03-22,118.83000183105469,202.12884521484375,91.47913360595703
2017-03-23,118.66999816894531,201.91314697265625,91.35022735595703
2017-03-24,118.86000061035156,201.76646423339844,91.67628479003906
2017-03-27,119.52999877929688,201.55935668945312,92.0934066772461
2017-03-28,119.04000091552734,203.02610778808594,91.47913360595703
2017-03-29,119.33000183105469,203.21592712402344,92.02519226074219
2017-03-30,118.47000122070312,203.8629913330078,91.28192901611328
2017-03-31,118.72000122070312,203.38845825195312,91.5473403930664
2017-04-03,119.3499984741211,203.0347442626953,92.47079467773438
2017-04-04,119.62000274658203,203.16415405273438,91.96919250488281
2017-04-05,119.62000274658203,202.56024169921875,92.25042724609375
2017-04-06,119.18000030517578,203.1296844482422,92.1136245727539
2017-04-07,119.45999908447266,202.92257690429688,91.74115753173828
2017-04-10,119.45999908447266,203.04335021972656,92.16677856445312
2017-04-11,121.19000244140625,202.8018035888672,93.04082489013672
2017-04-12,122.0199966430664,201.91314697265625,93.5500717163086
2017-04-13,122.5999984741211,200.6017303466797,93.8388442993164
2017-04-17,122.23999786376953,202.37905883789062,93.5500717163086
2017-04-18,122.81999969482422,201.77513122558594,94.77365112304688
2017-04-19,121.7300033569336,201.4040985107422,94.25687408447266
2017-04-20,121.95999908447266,203.04335021972656,93.89203643798828
2017-04-21,122.30999755859375,202.3963165283203,93.89203643798828
2017-04-24,121.4800033569336,204.62225341796875,93.42843627929688
2017-04-25,120.25,205.81283569335938,92.3035888671875
2017-04-26,120.83999633789062,205.6833953857422,92.81280517578125
2017-04-27,120.38999938964844,205.85601806640625,92.78241729736328
2017-04-28,120.7699966430664,205.40731811523438,92.98761749267578
2017-05-01,119.66999816894531,205.92494201660156,92.21456909179688
2017-05-02,119.6500015258789,206.00267028808594,92.686767578125
2017-05-03,117.9800033569336,205.75245666503906,92.74769592285156
2017-05-04,116.79000091552734,205.99400329589844,92.29073333740234
2017-05-05,117.01000213623047,206.80506896972656,92.37451171875
2017-05-08,116.75,206.7705535888672,91.87187957763672
2017-05-09,116.05000305175781,206.5807342529297,91.86419677734375
2017-05-10,116.04000091552734,206.9517059326172,91.75764465332031
2017-05-11,116.5,206.52891540527344,91.75764465332031
2017-05-12,116.83000183105469,206.18382263183594,92.45072174072266
2017-05-15,117.13999938964844,207.32272338867188,92.1993179321289
2017-05-16,117.6500015258789,207.1329345703125,92.5420913696289
2017-05-17,119.79000091552734,203.45753479003906,93.89009094238281
2017-05-18,118.80999755859375,204.27720642089844,93.99674987792969
2017-05-19,119.4000015258789,205.60580444335938,94.21762084960938
2017-05-22,119.9000015258789,206.6497344970703,93.9586410522461
2017-05-23,119.13999938964844,207.10699462890625,93.32650756835938
2017-05-24,119.61000061035156,207.59011840820312,93.85204315185547
2017-05-25,119.4800033569336,208.5823211669922,93.88248443603516
2017-05-26,120.54000091552734,208.5391845703125,94.04244995117188
2017-05-30,120.13999938964844,208.3579864501953,94.5069808959961
2017-05-31,120.62000274658203,208.30624389648438,94.74311065673828
2017-06-01,120.72000122070312,209.96273803710938,94.75300598144531
2017-06-02,121.61000061035156,210.6615753173828,95.87493896484375
2017-06-05,121.7300033569336,210.50628662109375,95.2796630859375
2017-06-06,123.0999984741211,209.83334350585938,95.79865264892578
2017-06-07,122.44999694824219,210.2216339111328,95.34069061279297
2017-06-08,121.6500015258789,210.3251495361328,95.08883666992188
2017-06-09,120.54000091552734,210.0059051513672,94.94383239746094
2017-06-12,120.36000061035156,209.96273803710938,94.9133071899414
2017-06-13,120.4800033569336,210.9894256591797,94.92853546142578
2017-06-14,119.81999969482422,210.7220001220703,96.39393615722656
2017-06-15,119.31999969482422,210.3164825439453,96.24127960205078
2017-06-16,119.33999633789062,210.3625030517578,96.4321060180664
2017-06-19,118.43000030517578,212.11378479003906,96.29473114013672
2017-06-20,118.18000030517578,210.6831817626953,97.15716552734375
2017-06-21,118.5199966430664,210.63119506835938,97.3555679321289
2017-06-22,118.91999816894531,210.535888671875,97.56926727294922
2017-06-23,119.43000030517578,210.7873077392578,97.52351379394531
2017-06-26,118.36000061035156,210.92596435546875,97.88984680175781
2017-06-27,118.80999755859375,209.22677612304688,96.84424591064453
2017-06-28,118.9000015258789,211.09934997558594,96.52368927001953
2017-06-29,118.31999969482422,209.24407958984375,95.7147216796875
2017-06-30,118.0199966430664,209.63421630859375,95.49333190917969
2017-07-03,116.08999633789062,209.98960876464844,95.1859130859375
2017-07-05,116.5199966430664,210.4751434326172,95.20883178710938
2017-07-06,116.47000122070312,208.55047607421875,94.4211654663086
2017-07-07,115.27999877929688,209.9029541015625,93.85517120361328
2017-07-10,115.47000122070312,210.12835693359375,93.9927749633789
2017-07-11,115.62000274658203,209.9723663330078,94.15345001220703
2017-07-12,116.02999877929688,211.55020141601562,94.80347442626953
2017-07-13,115.81999969482422,211.9056854248047,94.20697784423828
2017-07-14,116.7699966430664,212.89398193359375,94.32170104980469
2017-07-17,117.29000091552734,212.8679962158203,94.58171081542969
2017-07-18,118.11000061035156,212.980712890625,95.40769958496094
2017-07-19,118.08000183105469,214.13372802734375,95.4458999633789
2017-07-20,118.23999786376953,214.22918701171875,95.72125244140625
2017-07-21,119.26000213623047,214.03843688964844,96.12657165527344
2017-07-24,119.30999755859375,213.9864044189453,95.7518081665039
2017-07-25,118.91999816894531,214.506591796875,94.50527954101562
2017-07-26,119.87999725341797,214.5152130126953,94.6581802368164
2017-07-27,119.79000091552734,214.31582641601562,94.19168090820312
2017-07-28,120.69000244140625,214.06442260742188,94.74996948242188
2017-07-31,120.75,213.94305419921875,94.86467742919922
2017-08-01,120.6500015258789,214.41990661621094,95.53072357177734
2017-08-02,120.4000015258789,214.52395629882812,95.58439636230469
2017-08-03,120.58999633789062,214.1077423095703,96.5730972290039
2017-08-04,119.6500015258789,214.4978485107422,95.75298309326172
2017-08-07,119.51000213623047,214.896728515625,95.86029815673828
2017-08-08,119.86000061035156,214.36781311035156,95.51542663574219
2017-08-09,121.30999755859375,214.35916137695312,96.03660583496094
2017-08-10,122.20999908447266,211.33346557617188,96.85671997070312
2017-08-11,122.79000091552734,211.6455841064453,96.90269470214844
2017-08-14,121.91999816894531,213.74365234375,96.40447998046875
2017-08-15,120.9800033569336,213.7176513671875,95.99827575683594
2017-08-16,121.87000274658203,214.09043884277344,96.35083770751953
2017-08-17,122.48999786376953,210.75257873535156,97.07132720947266
2017-08-18,122.30000305175781,210.42312622070312,97.04830932617188
2017-08-21,122.76000213623047,210.58786010742188,97.28592681884766
2017-08-22,122.20999908447266,212.7899932861328,96.91036224365234
2017-08-23,122.66999816894531,212.0270233154297,97.5694580078125
2017-08-24,122.29000091552734,211.53286743164062,97.20930480957031
2017-08-25,122.73999786376953,212.0270233154297,97.58483123779297
2017-08-28,124.69000244140625,212.0356903076172,97.52349853515625
2017-08-29,124.41999816894531,212.2784423828125,97.8377914428711
2017-08-30,124.36000061035156,213.28416442871094,97.80711364746094
2017-08-31,125.81999969482422,214.56727600097656,98.098388671875
2017-09-01,126.05999755859375,214.8706817626953,97.34800720214844
2017-09-05,127.45999908447266,213.32748413085938,98.8917465209961
2017-09-06,126.80999755859375,214.05577087402344,98.2850341796875
2017-09-07,128.1300048828125,214.02975463867188,99.29106140136719
2017-09-08,127.97000122070312,213.77828979492188,99.0760498046875
2017-09-11,126.19000244140625,216.05845642089844,97.89327239990234
2017-09-12,126.55999755859375,216.78672790527344,97.37873840332031
2017-09-13,125.61000061035156,216.89071655273438,96.99472045898438
2017-09-14,126.16000366210938,216.8213348388672,97.39408874511719
2017-09-15,125.52999877929688,217.11326599121094,97.43247985839844
2017-09-18,124.36000061035156,217.5750274658203,96.8718032836914
2017-09-19,124.62000274658203,217.7928466796875,96.63373565673828
2017-09-20,123.62000274658203,217.8712921142578,96.70285034179688
2017-09-21,122.68000030517578,217.2875518798828,96.64911651611328
2017-09-22,123.23999786376953,217.33108520507812,96.92559814453125
2017-09-25,124.52999877929688,216.8867645263672,97.53233337402344
2017-09-26,123.13999938964844,217.01747131347656,97.35568237304688
2017-09-27,121.9800033569336,217.8625946044922,95.88871765136719
2017-09-28,122.20999908447266,218.12399291992188,95.60457611083984
2017-09-29,121.58000183105469,218.89068603515625,95.8196029663086
2017-10-02,120.7699966430664,219.84033203125,95.64411926269531
2017-10-03,120.83000183105469,220.31085205078125,95.73651123046875
2017-10-04,121.16999816894531,220.57223510742188,95.7441635131836
2017-10-05,120.5199966430664,221.87921142578125,95.38252258300781
2017-10-06,121.08999633789062,221.62648010253906,95.11315155029297
2017-10-09,122.08000183105469,221.2605438232422,95.41326141357422
2017-10-10,122.4000015258789,221.84429931640625,95.5671615600586
2017-10-11,122.79000091552734,222.19284057617188,95.75188446044922
2017-10-12,122.88999938964844,221.86170959472656,96.1597671508789
2017-10-13,123.81999969482422,222.13180541992188,96.85237121582031
2017-10-16,122.97000122070312,222.4280548095703,96.78312683105469
2017-10-17,122.12999725341797,222.58486938476562,96.90626525878906
2017-10-18,121.66999816894531,222.802734375,96.26753234863281
2017-10-19,122.38999938964844,222.86370849609375,96.43682098388672
2017-10-20,121.61000061035156,224.01376342773438,95.41326141357422
2017-10-23,121.80000305175781,223.1425323486328,95.58253479003906
2017-10-24,121.33000183105469,223.5345916748047,94.9900131225586
2017-10-25,121.3499984741211,222.4280548095703,94.53591918945312
2017-10-26,120.33000183105469,222.71556091308594,94.22040557861328
2017-10-27,120.9000015258789,224.53651428222656,94.84381103515625
2017-10-30,121.12999725341797,223.7001190185547,95.75188446044922
2017-10-31,120.66999816894531,224.04855346679688,95.78264617919922
2017-11-01,121.11000061035156,224.34487915039062,96.2091293334961
2017-11-02,121.19000244140625,224.43199157714844,96.63331604003906
2017-11-03,120.62000274658203,225.1812744140625,96.89553833007812
2017-11-06,121.6500015258789,225.52981567382812,97.2580337524414
2017-11-07,121.20999908447266,225.3729705810547,97.6667709350586
2017-11-08,121.62999725341797,225.75633239746094,97.45081329345703
2017-11-09,122.12999725341797,224.93736267089844,97.17318725585938
2017-11-10,121.12999725341797,224.8675994873047,95.7078628540039
2017-11-13,121.30999755859375,225.07675170898438,95.90837860107422
2017-11-14,121.55999755859375,224.55398559570312,96.55619049072266
2017-11-15,121.41000366210938,223.43002319335938,97.60504150390625
2017-11-16,121.4000015258789,225.32937622070312,96.75670623779297
2017-11-17,122.86000061035156,224.667236328125,97.47394561767578
2017-11-20,121.30999755859375,225.05056762695312,97.43539428710938
2017-11-21,121.51000213623047,226.52304077148438,97.74385070800781
2017-11-22,122.62999725341797,226.32269287109375,98.06005096435547
2017-11-24,122.31999969482422,226.8453826904297,97.79014587402344
2017-11-27,122.83000183105469,226.73214721679688,97.65129852294922
2017-11-28,122.80999755859375,229.03231811523438,97.78242492675781
2017-11-29,122.04000091552734,228.89291381835938,96.81840515136719
2017-11-30,121.0999984741211,230.89688110351562,96.49449920654297
2017-12-01,121.58999633789062,230.41769409179688,97.79666137695312
2017-12-04,121.18000030517578,230.13882446289062,97.84305572509766
2017-12-05,120.31999969482422,229.3111114501953,98.32987976074219
2017-12-06,120.06999969482422,229.35467529296875,98.66989135742188
2017-12-07,118.48999786376953,230.07785034179688,97.89712524414062
2017-12-08,118.4800033569336,231.3325653076172,97.90482330322266
2017-12-11,118.01000213623047,232.02952575683594,97.70388793945312
2017-12-12,118.1500015258789,232.4390411376953,97.6652603149414
2017-12-13,119.16999816894531,232.41281127929688,98.39942932128906
2017-12-14,118.93000030517578,231.46322631835938,98.81671905517578
2017-12-15,119.18000030517578,233.39064025878906,99.18768310546875
2017-12-18,119.7300033569336,234.8706512451172,98.28350830078125
2017-12-19,119.81999969482422,233.96865844726562,97.00841522216797
2017-12-20,120.13999938964844,233.84609985351562,95.93421173095703
2017-12-21,120.30999755859375,234.32769775390625,96.49333953857422
2017-12-22,120.94000244140625,234.26641845703125,96.625
2017-12-26,121.7699966430664,233.98617553710938,96.91156005859375
2017-12-27,122.2300033569336,234.1000518798828,98.173828125
2017-12-28,122.8499984741211,234.58168029785156,98.08869171142578
2017-12-29,123.6500015258789,233.6971893310547,98.24356842041016
2018-01-02,125.1500015258789,235.36984252929688,97.18258666992188
2018-01-03,124.81999969482422,236.85853576660156,97.6472396850586
2018-01-04,125.45999908447266,237.8568572998047,97.6317367553711
2018-01-05,125.33000183105469,239.44200134277344,97.35298156738281
2018-01-08,125.30999755859375,239.87982177734375,97.29105377197266
2018-01-09,124.7300033569336,240.42282104492188,95.98997497558594
2018-01-10,125.02999877929688,240.05502319335938,95.87384796142578
2018-01-11,125.44000244140625,241.8064422607422,96.26876068115234
2018-01-12,126.95999908447266,243.38279724121094,96.431396484375
2018-01-16,127.16999816894531,242.55081176757812,96.83412170410156
2018-01-17,126.13999938964844,244.8627471923828,96.70249938964844
2018-01-18,125.86000061035156,244.4511260986328,95.80409240722656
2018-01-19,126.41999816894531,245.5632781982422,95.30071258544922
2018-01-22,126.6500015258789,247.55999755859375,95.39368438720703
2018-01-23,127.27999877929688,248.08538818359375,95.80409240722656
2018-01-24,128.8300018310547,247.98912048339844,95.2852554321289
2018-01-25,127.97000122070312,248.09417724609375,96.0674057006836
2018-01-26,128.07000732421875,250.96656799316406,95.71122741699219
2018-01-29,127.3499984741211,249.30264282226562,95.0451889038086
2018-01-30,126.80000305175781,246.74560546875,94.48757934570312
2018-01-31,127.6500015258789,246.86817932128906,95.0451889038086
2018-02-01,128.07000732421875,246.58795166015625,93.667724609375
2018-02-02,126.38999938964844,241.21969604492188,92.79857635498047
2018-02-05,126.70999908447266,231.1312713623047,93.67549133300781
2018-02-06,125.37999725341797,235.6851348876953,93.09342193603516
2018-02-07,124.79000091552734,234.40655517578125,92.20875549316406
2018-02-08,124.9800033569336,225.61419677734375,92.10787963867188
2018-02-09,124.7699966430664,229.00328063964844,91.52580261230469
2018-02-12,125.37000274658203,232.3660430908203,91.92941284179688
2018-02-13,126.08000183105469,232.9440155029297,92.34070587158203
2018-02-14,128.22999572753906,236.08790588378906,91.31634521484375
2018-02-15,128.3800048828125,239.10052490234375,91.626708984375
2018-02-16,127.95999908447266,239.17041015625,92.12342071533203
2018-02-20,126.23999786376953,237.67295837402344,91.7198486328125
2018-02-21,125.66000366210938,236.49078369140625,90.59463500976562
2018-02-22,126.30000305175781,236.7973175048828,90.86619567871094
2018-02-23,126.13999938964844,240.5716094970703,91.67332458496094
2018-02-26,126.44999694824219,243.3651885986328,91.70433807373047
2018-02-27,125.12999725341797,240.32643127441406,91.57240295410156
2018-02-28,125.0,237.8919219970703,92.15447235107422
2018-03-01,124.72000122070312,234.43283081054688,92.78353881835938
2018-03-02,125.38999938964844,235.64132690429688,92.02925872802734
2018-03-05,125.18000030517578,238.36480712890625,91.78041076660156
2018-03-06,126.52999877929688,238.96910095214844,91.86593627929688
2018-03-07,125.72000122070312,238.8815460205078,91.76484680175781
2018-03-08,125.41999816894531,240.03749084472656,92.29363250732422
2018-03-09,125.54000091552734,244.21470642089844,91.68714141845703
2018-03-12,125.54000091552734,243.9081573486328,92.21587371826172
2018-03-13,125.77999877929688,242.33180236816406,92.68244171142578
2018-03-14,125.69999694824219,241.08827209472656,93.4989242553711
2018-03-15,124.9000015258789,240.82559204101562,93.4989242553711
2018-03-16,124.5999984741211,241.08670043945312,93.16456604003906
2018-03-19,124.87000274658203,237.82472229003906,92.86908721923828
2018-03-20,124.30999755859375,238.22926330566406,92.49578857421875
2018-03-21,126.4800033569336,237.77203369140625,92.596923828125
2018-03-22,125.9800033569336,231.82838439941406,93.51446533203125
2018-03-23,127.61000061035156,226.8870391845703,93.4444808959961
2018-03-26,128.27999877929688,233.0945587158203,93.08676147460938
2018-03-27,127.48999786376953,229.129150390625,94.08213806152344
2018-03-28,125.7300033569336,228.4521026611328,94.3309326171875
2018-03-29,125.79000091552734,231.37123107910156,94.78974914550781
2018-04-02,127.26000213623047,226.37710571289062,94.97679138183594
2018-04-03,126.30000305175781,229.278564453125,94.24421691894531
2018-04-04,126.44999694824219,231.7316436767578,94.0494613647461
2018-04-05,125.80000305175781,233.5604705810547,93.34808349609375
2018-04-06,126.38999938964844,228.3553924560547,94.36888885498047
2018-04-09,126.81999969482422,229.48080444335938,94.5247802734375
2018-04-10,127.12000274658203,233.12966918945312,94.35334777832031
2018-04-11,128.11000061035156,231.90756225585938,94.68843841552734
2018-04-12,126.62000274658203,233.8155059814453,93.99490356445312
2018-04-13,127.44999694824219,233.12966918945312,94.21310424804688
2018-04-16,127.62999725341797,235.04640197753906,94.24421691894531
2018-04-17,127.75,237.56101989746094,94.50141143798828
2018-04-18,127.8499984741211,237.73690795898438,93.7455062866211
2018-04-19,127.5999984741211,236.41799926757812,92.98186492919922
2018-04-20,126.62999725341797,234.41331481933594,92.31165313720703
2018-04-23,125.62000274658203,234.3782196044922,92.3350601196289
2018-04-24,126.2300033569336,231.2217559814453,91.91421508789062
2018-04-25,125.41000366210938,231.79324340820312,91.29859924316406
2018-04-26,124.97000122070312,234.14959716796875,91.93765258789062
2018-04-27,125.5,234.3693389892578,92.64675903320312
2018-04-30,124.58999633789062,232.56695556640625,92.81038665771484
2018-05-01,123.70999908447266,232.98019409179688,92.47613525390625
2018-05-02,123.6500015258789,231.41514587402344,92.37459564208984
2018-05-03,124.27999877929688,230.90518188476562,92.78852844238281
2018-05-04,124.54000091552734,233.89453125,92.92913055419922
2018-05-07,124.56999969482422,234.68588256835938,92.78076171875
2018-05-08,124.58999633789062,234.68588256835938,92.6948013305664
2018-05-09,124.33000183105469,236.95425415039062,92.14034271240234
2018-05-10,125.18000030517578,239.17002868652344,92.88224029541016
2018-05-11,125.0,239.89981079101562,93.11659240722656
2018-05-14,124.48999786376953,240.0140838623047,92.62452697753906
2018-05-15,122.4800033569336,238.3611602783203,91.5702133178711
2018-05-16,122.29000091552734,239.3634796142578,91.21878814697266
2018-05-17,122.36000061035156,239.16123962402344,90.75800323486328
2018-05-18,122.41000366210938,238.56332397460938,91.53902435302734
2018-05-21,122.4800033569336,240.35694885253906,91.5858383178711
2018-05-22,122.41000366210938,239.68870544433594,91.44524383544922
2018-05-23,122.54000091552734,240.34820556640625,92.10908508300781
2018-05-24,123.58999633789062,239.85581970214844,92.8432388305664
2018-05-25,123.20999908447266,239.2842559814453,93.42112731933594
2018-05-29,123.19000244140625,236.53224182128906,95.46729278564453
2018-05-30,123.37000274658203,239.68870544433594,94.82695007324219
2018-05-31,123.0999984741211,238.2204132080078,94.67073059082031
2018-06-01,122.48999786376953,240.5592498779297,94.17047119140625
2018-06-04,122.37000274658203,241.70217895507812,93.48946380615234
2018-06-05,122.8499984741211,241.8781280517578,93.7086410522461
2018-06-06,122.91999816894531,243.9002685546875,92.94935607910156
2018-06-07,122.86000061035156,243.87396240234375,93.84956359863281
2018-06-08,123.01000213623047,244.59487915039062,93.5677490234375
2018-06-11,123.2300033569336,244.92022705078125,93.39552307128906
2018-06-12,122.81999969482422,245.2367706298828,93.41899871826172
2018-06-13,123.19000244140625,244.4542694091797,93.37205505371094
2018-06-14,123.37999725341797,245.06973266601562,94.14701080322266
2018-06-15,121.33999633789062,244.75704956054688,94.23310089111328
2018-06-18,121.11000061035156,244.2536163330078,94.14701080322266
2018-06-19,120.80000305175781,243.31744384765625,94.69498443603516
2018-06-20,120.26000213623047,243.73255920410156,93.8652114868164
2018-06-21,120.05000305175781,242.20465087890625,94.35836791992188
2018-06-22,120.33999633789062,242.64625549316406,94.35052490234375
2018-06-25,119.88999938964844,239.34310913085938,94.56192779541016
2018-06-26,119.26000213623047,239.87307739257812,94.69498443603516
2018-06-27,118.58000183105469,237.8858642578125,95.58734893798828
2018-06-28,118.22000122070312,239.24595642089844,95.61083221435547
2018-06-29,118.6500015258789,239.59039306640625,95.2820816040039
2018-07-02,117.45999908447266,240.10269165039062,95.20753479003906
2018-07-03,118.6500015258789,239.2548065185547,95.71749114990234
2018-07-05,119.05000305175781,241.20660400390625,95.99211120605469
2018-07-06,118.86000061035156,243.24681091308594,96.30595397949219
2018-07-09,119.1500015258789,245.43711853027344,95.68609619140625
2018-07-10,118.93000030517578,246.3203582763672,95.67826080322266
2018-07-11,117.63999938964844,244.5186004638672,96.04703521728516
2018-07-12,118.12999725341797,246.73536682128906,96.0391616821289
2018-07-13,117.61000061035156,246.92967224121094,96.28237915039062
2018-07-16,117.55000305175781,246.70887756347656,95.88226318359375
2018-07-17,116.27999877929688,247.70692443847656,95.70182037353516
2018-07-18,116.30999755859375,248.22801208496094,95.31736755371094
2018-07-19,115.80999755859375,247.29180908203125,95.92150115966797
2018-07-20,116.55999755859375,247.00918579101562,94.7446517944336
2018-07-23,116.0,247.46849060058594,93.57563018798828
2018-07-24,116.04000091552734,248.7136688232422,93.89730834960938
2018-07-25,116.68000030517578,250.8333740234375,93.74825286865234
2018-07-26,115.7699966430664,250.2416534423828,93.56779479980469
2018-07-27,115.83000183105469,248.5459747314453,93.72468566894531
2018-07-30,115.6500015258789,247.2476348876953,93.40299987792969
2018-07-31,115.98999786376953,248.4663848876953,93.91303253173828
2018-08-01,115.13999938964844,248.05133056640625,93.14789581298828
2018-08-02,114.5199966430664,249.40264892578125,93.28158569335938
2018-08-03,114.91999816894531,250.4713134765625,93.7455062866211
2018-08-06,114.33000183105469,251.3897705078125,93.80055236816406
2018-08-07,114.58999633789062,252.219970703125,93.31305694580078
2018-08-08,114.91000366210938,252.11390686035156,93.4073715209961
2018-08-09,114.73999786376953,251.76953125,94.19371795654297
2018-08-10,114.69000244140625,250.0826416015625,94.8778076171875
2018-08-13,112.95999908447266,249.146484375,94.6812515258789
2018-08-14,113.06999969482422,250.73617553710938,94.46894073486328
2018-08-15,111.19000244140625,248.86390686035156,95.01936340332031
2018-08-16,111.0999984741211,250.87750244140625,95.01150512695312
2018-08-17,112.12999725341797,251.76071166992188,95.12944030761719
2018-08-20,112.69000244140625,252.2994842529297,95.7663345336914
2018-08-21,113.0199966430664,252.8911895751953,95.4439697265625
2018-08-22,113.2699966430664,252.74105834960938,95.8213882446289
2018-08-23,112.19999694824219,252.40545654296875,95.97078704833984
2018-08-24,114.16000366210938,253.92454528808594,96.1595458984375
2018-08-27,114.58999633789062,255.9293670654297,95.60906219482422
2018-08-28,113.68000030517578,256.0530090332031,95.03511047363281
2018-08-29,114.19999694824219,257.4307556152344,95.16091918945312
2018-08-30,113.63999938964844,256.3884582519531,95.36534118652344
2018-08-31,113.51000213623047,256.3974304199219,95.1451187133789
2018-09-04,112.93000030517578,255.95574951171875,94.59504699707031
2018-09-05,113.31999969482422,255.26686096191406,94.34286499023438
2018-09-06,113.54000091552734,254.49862670898438,94.68966674804688
2018-09-07,113.2300033569336,254.0039825439453,93.88578796386719
2018-09-10,113.1500015258789,254.4456024169922,94.23255157470703
2018-09-11,113.22000122070312,255.2846221923828,93.515380859375
2018-09-12,114.16999816894531,255.34649658203125,93.73604583740234
2018-09-13,113.76000213623047,256.8567199707031,93.87789154052734
2018-09-14,113.0199966430664,256.90087890625,93.42870330810547
2018-09-17,113.61000061035156,255.54066467285156,93.42870330810547
2018-09-18,113.44000244140625,256.9273681640625,92.45144653320312
2018-09-19,113.87999725341797,257.201171875,91.89981079101562
2018-09-20,114.2699966430664,259.2854919433594,92.32537078857422
2018-09-21,113.48999786376953,259.048583984375,92.28593444824219
2018-09-24,113.47000122070312,258.1878967285156,92.04956817626953
2018-09-25,113.6500015258789,257.9483947753906,91.95496368408203
2018-09-26,113.05000305175781,257.1765441894531,92.60118103027344
2018-09-27,112.05000305175781,257.89520263671875,92.66423034667969
2018-09-28,112.76000213623047,257.921875,92.419921875
2018-10-01,112.56999969482422,258.8180236816406,91.74147033691406
2018-10-02,113.87000274658203,258.6670837402344,92.30224609375
2018-10-03,113.41999816894531,258.80902099609375,90.69884490966797
2018-10-04,113.4800033569336,256.7862548828125,90.0590591430664
2018-10-05,113.80000305175781,255.34909057617188,89.28501892089844
2018-10-08,112.54000091552734,255.34909057617188,88.9848861694336
2018-10-09,112.5999984741211,254.97640991210938,89.88529968261719
2018-10-10,112.87999725341797,246.90293884277344,89.64042663574219
2018-10-11,115.77999877929688,241.46461486816406,90.7304458618164
2018-10-12,115.2300033569336,244.81814575195312,90.41447448730469
2018-10-15,116.0,243.44297790527344,90.375
2018-10-16,115.80000305175781,248.76612854003906,90.58039093017578
2018-10-17,115.79000091552734,248.8104705810547,90.04322814941406
2018-10-18,115.91999816894531,245.21734619140625,90.01163482666016
2018-10-19,116.01000213623047,245.08436584472656,89.81419372558594
2018-10-22,115.70999908447266,243.98419189453125,89.69571685791016
2018-10-23,116.38999938964844,242.74208068847656,89.98005676269531
2018-10-24,116.66000366210938,235.3874053955078,90.65935516357422
2018-10-25,116.4000015258789,239.61032104492188,90.28023529052734
2018-10-26,116.7699966430664,235.39627075195312,90.82522583007812
2018-10-29,116.30999755859375,234.09213256835938,90.61985778808594
2018-10-30,115.80000305175781,237.56097412109375,90.16962432861328
2018-10-31,115.1500015258789,240.09829711914062,89.71150207519531
2018-11-01,116.62999725341797,242.6533966064453,89.79463958740234
2018-11-02,116.6500015258789,241.2162322998047,88.67827606201172
2018-11-05,116.37000274658203,242.54698181152344,89.02665710449219
2018-11-06,116.04000091552734,244.0817413330078,88.97122192382812
2018-11-07,116.02999877929688,249.30731201171875,89.08995819091797
2018-11-08,115.77999877929688,248.85487365722656,89.08206939697266
2018-11-09,114.4800033569336,246.42396545410156,89.74714660644531
2018-11-12,113.66000366210938,241.8195037841797,90.33304595947266
2018-11-13,113.69999694824219,241.3669891357422,90.27762603759766
2018-11-14,114.63999938964844,239.7168426513672,90.33304595947266
2018-11-15,114.7699966430664,242.21873474121094,90.29347229003906
2018-11-16,115.62000274658203,242.84860229492188,90.81600952148438
2018-11-19,115.66999816894531,238.7409210205078,91.0693588256836
2018-11-20,115.66999816894531,234.3228302001953,91.10107421875
2018-11-21,115.86000061035156,235.12124633789062,91.0693588256836
2018-11-23,115.7699966430664,233.5509033203125,91.16441345214844
2018-11-26,115.63999938964844,237.3214111328125,90.95858001708984
2018-11-27,114.94999694824219,238.119873046875,91.06149291992188
2018-11-28,115.37999725341797,243.60269165039062,90.61808776855469
2018-11-29,115.73999786376953,243.07040405273438,90.9743881225586
2018-11-30,115.54000091552734,244.55198669433594,91.31483459472656
2018-12-03,116.41000366210938,247.79017639160156,91.96322631835938
2018-12-04,117.12000274658203,239.76124572753906,93.50285339355469
2018-12-06,117.13999938964844,239.39747619628906,93.79651641845703
2018-12-07,118.08999633789062,233.83485412597656,93.97106170654297
2018-12-10,117.68000030517578,234.27838134765625,94.35993194580078
2018-12-11,117.54000091552734,234.33163452148438,94.3440933227539
2018-12-12,117.79000091552734,235.51162719726562,93.9234390258789
2018-12-13,117.52999877929688,235.4317626953125,93.70124053955078
2018-12-14,117.05999755859375,231.08457946777344,94.02662658691406
2018-12-17,117.87000274658203,226.55104064941406,94.5742416381836
2018-12-18,118.1500015258789,226.30264282226562,95.1406021118164
2018-12-19,117.43000030517578,222.9136199951172,96.39747619628906
2018-12-20,119.23999786376953,219.28504943847656,96.04747009277344
2018-12-21,118.72000122070312,214.7919921875,96.03152465820312
2018-12-24,120.0199966430664,209.11656188964844,96.50885009765625
2018-12-26,119.66000366210938,219.68212890625,95.4747314453125
2018-12-27,120.56999969482422,221.3686981201172,95.4906234741211
2018-12-28,121.05999755859375,221.08314514160156,96.29405975341797
2018-12-31,121.25,223.01959228515625,96.65998077392578
2019-01-02,121.33000183105469,223.25157165527344,97.16909790039062
2019-01-03,122.43000030517578,217.92416381835938,98.27482604980469
2019-01-04,121.44000244140625,225.22369384765625,97.13723754882812
2019-01-07,121.86000061035156,226.99952697753906,96.85089111328125
2019-01-08,121.52999877929688,229.1322479248047,96.59634399414062
2019-01-09,122.30999755859375,230.20310974121094,96.44518280029297
2019-01-10,121.58999633789062,231.01516723632812,95.82471466064453
2019-01-11,121.80000305175781,231.1043701171875,96.1986083984375
2019-01-14,122.08999633789062,229.69442749023438,95.84059143066406
2019-01-15,121.87999725341797,232.3269500732422,95.4906234741211
2019-01-16,122.2699966430664,232.8891143798828,95.58609771728516
2019-01-17,122.11000061035156,234.65603637695312,95.60993957519531
2019-01-18,121.0199966430664,237.77926635742188,95.1087875366211
2019-01-22,121.44999694824219,234.56675720214844,95.75315856933594
2019-01-23,121.27999877929688,235.05758666992188,95.71337890625
2019-01-24,121.08999633789062,235.18243408203125,96.3417739868164
2019-01-25,122.86000061035156,237.17245483398438,95.88037872314453
2019-01-28,123.29000091552734,235.36990356445312,95.78496551513672
2019-01-29,123.9800033569336,235.05758666992188,96.27019500732422
2019-01-30,124.69000244140625,238.7787322998047,96.1986083984375
2019-01-31,124.75,240.87574768066406,97.02591705322266
2019-02-01,124.5,240.9917449951172,96.43989562988281
2019-02-04,123.95999908447266,242.6871795654297,96.00933837890625
2019-02-05,124.27999877929688,243.70452880859375,96.4478759765625
2019-02-06,123.44000244140625,243.38328552246094,96.49571990966797
2019-02-07,123.73999786376953,241.0631561279297,97.133544921875
2019-02-08,124.20999908447266,241.35757446289062,97.54812622070312
2019-02-11,123.5999984741211,241.49143981933594,97.16544342041016
2019-02-12,123.86000061035156,244.59695434570312,96.91826629638672
2019-02-13,123.37000274658203,245.39109802246094,96.55152130126953
2019-02-14,124.05999755859375,244.84681701660156,97.10165405273438
2019-02-15,124.80000305175781,247.5149383544922,97.25312805175781
2019-02-19,126.69999694824219,247.94334411621094,97.50028991699219
2019-02-20,126.4800033569336,248.4430694580078,97.22126770019531
2019-02-21,125.05000305175781,247.55960083007812,96.35223388671875
2019-02-22,125.5,249.09446716308594,96.92628479003906
2019-02-25,125.37000274658203,249.4335174560547,96.63919830322266
2019-02-26,125.58000183105469,249.25503540039062,97.11762237548828
2019-02-27,124.69000244140625,249.14797973632812,96.0173568725586
2019-02-28,123.98999786376953,248.6840057373047,95.6904525756836
2019-03-01,121.87999725341797,250.2366485595703,94.80599212646484
2019-03-04,121.55999755859375,249.32647705078125,95.5490493774414
2019-03-05,121.72000122070312,248.98731994628906,95.74882507324219
2019-03-06,121.61000061035156,247.47930908203125,96.10034942626953
2019-03-07,121.51000213623047,245.4089813232422,96.72350311279297
2019-03-08,122.83999633789062,244.91819763183594,97.13102722167969
2019-03-11,122.23999786376953,248.46966552734375,96.84335327148438
2019-03-12,122.9800033569336,249.4068145751953,97.5224838256836
2019-03-13,123.83999633789062,251.05763244628906,97.33871459960938
2019-03-14,122.41000366210938,250.8970184326172,96.6356201171875
2019-03-15,122.97000122070312,252.1365203857422,97.27479553222656
2019-03-18,123.04000091552734,253.0508575439453,97.21885681152344
2019-03-19,123.37999725341797,253.11355590820312,97.00316619873047
2019-03-20,124.18000030517578,252.35159301757812,98.01788330078125
2019-03-21,123.68000030517578,255.2019500732422,98.23357391357422
2019-03-22,123.97000122070312,250.2903289794922,99.75961303710938
2019-03-25,124.91999816894531,250.10198974609375,99.91941833496094
2019-03-26,124.30000305175781,251.96632385253906,99.84750366210938
2019-03-27,123.6500015258789,250.64874267578125,100.76634979248047
2019-03-28,121.9000015258789,251.59884643554688,101.11785125732422
2019-03-29,122.01000213623047,253.18527221679688,101.02198028564453
2019-04-01,121.52999877929688,256.18780517578125,99.58710479736328
2019-04-02,121.9800033569336,256.3133239746094,99.771240234375
2019-04-03,121.80000305175781,256.71661376953125,98.90644073486328
2019-04-04,122.11000061035156,257.3978576660156,99.18670654296875
2019-04-05,121.9800033569336,258.64373779296875,99.31482696533203
2019-04-08,122.51000213623047,258.8409118652344,98.96253204345703
2019-04-09,123.1500015258789,257.5142822265625,99.2748031616211
2019-04-10,123.52999877929688,258.39276123046875,99.51499938964844
2019-04-11,121.94999694824219,258.321044921875,98.93046569824219
2019-04-12,121.83000183105469,260.0688781738281,98.225830078125
2019-04-15,121.5999984741211,259.89849853515625,98.47409057617188
2019-04-16,120.51000213623047,260.0688781738281,97.85748291015625
2019-04-17,120.27999877929688,259.432373046875,97.89754486083984
2019-04-18,120.37000274658203,259.9433288574219,98.41001892089844
2019-04-22,120.37000274658203,260.1673278808594,97.93755340576172
2019-04-23,120.12000274658203,262.50677490234375,98.1457748413086
2019-04-24,120.47000122070312,261.924072265625,98.94650268554688
2019-04-25,120.56999969482422,261.7627258300781,98.80236053466797
2019-04-26,121.37000274658203,262.98175048828125,99.13867950439453
2019-04-29,120.83000183105469,263.39398193359375,98.50608825683594
2019-04-30,121.19999694824219,263.5284118652344,99.01055908203125
2019-05-01,120.4000015258789,261.547607421875,99.41898345947266
2019-05-02,119.94000244140625,260.9830627441406,98.94554138183594
2019-05-03,120.6500015258789,263.5375671386719,99.22640991210938
2019-05-06,120.80999755859375,262.4530029296875,99.4992446899414
2019-05-07,121.20999908447266,258.0700378417969,100.26152038574219
2019-05-08,120.91000366210938,257.7115783691406,99.82820129394531
2019-05-09,121.19999694824219,256.93170166015625,100.23745727539062
2019-05-10,121.43000030517578,258.2224426269531,100.1010513305664
2019-05-13,122.66999816894531,251.7332763671875,100.88739776611328
2019-05-14,122.45999908447266,254.0098876953125,100.59050750732422
2019-05-15,122.38999938964844,255.4976806640625,101.20833587646484
2019-05-16,121.51000213623047,257.8638916015625,100.8713607788086
2019-05-17,120.6500015258789,256.1968078613281,101.09601593017578
2019-05-20,120.63999938964844,254.50286865234375,100.88739776611328
2019-05-21,120.36000061035156,256.79736328125,100.7269058227539
2019-05-22,120.23999786376953,256.0085754394531,101.30463409423828
2019-05-23,121.16999816894531,252.88052368164062,102.4440689086914
2019-05-24,121.30000305175781,253.4541015625,102.53234100341797
2019-05-28,120.83000183105469,251.09693908691406,103.27054595947266
2019-05-29,120.87000274658203,249.4118194580078,103.58349609375
2019-05-30,121.69000244140625,250.09303283691406,104.4741439819336
2019-05-31,123.33000183105469,246.72296142578125,105.78209686279297
2019-06-03,125.11000061035156,246.0955810546875,106.48969268798828
2019-06-04,125.1500015258789,251.4374542236328,105.27555847167969
2019-06-05,125.47000122070312,253.61546325683594,104.68058013916016
2019-06-06,125.87999725341797,255.26461791992188,105.01827239990234
2019-06-07,126.58999633789062,257.81903076171875,105.92684936523438
2019-06-10,125.33000183105469,259.0021667480469,104.9298095703125
2019-06-11,125.18000030517578,258.9394836425781,104.99417114257812
2019-06-12,125.83000183105469,258.48236083984375,105.07454681396484
2019-06-13,126.5999984741211,259.5489196777344,105.43635559082031
2019-06-14,126.55999755859375,259.2621154785156,105.70171356201172
2019-06-17,126.4800033569336,259.36077880859375,105.88664245605469
2019-06-18,127.12000274658203,262.07647705078125,106.41734313964844
2019-06-19,127.88999938964844,262.6680603027344,106.5700912475586
2019-06-20,131.11000061035156,265.17767333984375,106.8515396118164
2019-06-21,131.97999572753906,264.7922058105469,105.6775894165039
2019-06-24,133.94000244140625,264.468017578125,106.465576171875
2019-06-25,134.1999969482422,261.8741149902344,106.79524230957031
2019-06-26,132.97000122070312,261.6129150390625,106.11180877685547
2019-06-27,132.83999633789062,262.54046630859375,106.85955810546875
2019-06-28,133.1999969482422,263.8916015625,106.78720092773438
2019-07-01,130.6199951171875,266.2872619628906,106.53742218017578
2019-07-02,133.41000366210938,266.9807434082031,107.3592300415039
2019-07-03,133.6300048828125,269.11529541015625,108.12451934814453
2019-07-05,132.13999938964844,268.80914306640625,106.69049835205078
2019-07-08,131.2899932861328,267.3320007324219,106.83554077148438
2019-07-09,131.75,267.66522216796875,106.79521942138672
2019-07-10,133.8300018310547,268.9442138671875,106.20712280273438
2019-07-11,132.6999969482422,269.57464599609375,104.78919219970703
2019-07-12,133.52999877929688,270.781494140625,104.91007995605469
2019-07-15,133.52999877929688,270.8716735839844,105.51427459716797
2019-07-16,132.39999389648438,269.9978942871094,105.20011138916016
2019-07-17,134.5800018310547,268.1606750488281,106.33602142333984
2019-07-18,136.47999572753906,269.14239501953125,106.34410095214844
2019-07-19,134.47000122070312,267.6473388671875,106.09434509277344
2019-07-22,134.4499969482422,268.3046875,106.2957992553711
2019-07-23,133.69000244140625,270.2230529785156,105.7156753540039
2019-07-24,134.3699951171875,271.49298095703125,106.17489624023438
2019-07-25,133.4199981689453,270.1961364746094,105.66734313964844
2019-07-26,133.63999938964844,272.0065002441406,105.91712188720703
2019-07-29,134.52999877929688,271.5110168457031,105.94933319091797
2019-07-30,134.97999572753906,270.8445739746094,106.20712280273438
2019-07-31,133.2100067138672,267.8814392089844,107.06110382080078
2019-08-01,136.41000366210938,265.5486755371094,109.18734741210938
2019-08-02,135.88999938964844,263.54931640625,110.19647979736328
2019-08-05,137.7899932861328,255.62355041503906,112.10151672363281
2019-08-06,138.91000366210938,259.2081298828125,112.99752807617188
2019-08-07,141.02000427246094,259.3613586425781,113.03793334960938
2019-08-08,141.72999572753906,264.449951171875,113.28011322021484
2019-08-09,141.25999450683594,262.648681640625,113.05406951904297
2019-08-12,142.6300048828125,259.4512634277344,115.41118621826172
2019-08-13,141.77999877929688,263.4862060546875,115.01563262939453
2019-08-14,142.75,255.69554138183594,117.60690307617188
2019-08-15,143.6999969482422,256.37103271484375,118.91461944580078
2019-08-16,142.77999877929688,260.15386962890625,117.96212768554688
2019-08-19,141.11000061035156,263.2880554199219,116.27491760253906
2019-08-20,142.2100067138672,261.2706298828125,117.47775268554688
2019-08-21,141.75999450683594,263.3961486816406,116.69466400146484
2019-08-22,141.39999389648438,263.3150634765625,115.91980743408203
2019-08-23,144.1699981689453,256.55120849609375,117.82485961914062
2019-08-26,144.19000244140625,259.3882141113281,117.34857940673828
2019-08-27,145.57000732421875,258.3705139160156,119.15677642822266
2019-08-28,145.16000366210938,260.1898193359375,119.3101806640625
2019-08-29,144.1199951171875,263.51318359375,118.85806274414062
2019-08-30,143.75,263.3961486816406,118.89038848876953
2019-09-03,145.75,261.85601806640625,119.04402923583984
2019-09-04,146.66000366210938,264.8282775878906,119.22201538085938
2019-09-05,143.13999938964844,268.2326965332031,117.0628662109375
2019-09-06,141.9199981689453,268.4398193359375,117.89578247070312
2019-09-09,141.38999938964844,268.57489013671875,115.80126190185547
2019-09-10,140.17999267578125,268.5119323730469,113.77159118652344
2019-09-11,141.02999877929688,270.42132568359375,113.5693130493164
2019-09-12,141.32000732421875,271.35797119140625,112.82540893554688
2019-09-13,140.14999389648438,271.17779541015625,110.41554260253906
2019-09-16,141.32000732421875,270.3402099609375,111.82261657714844
2019-09-17,141.60000610351562,271.0246887207031,112.4291763305664
2019-09-18,140.7100067138672,271.18682861328125,112.90629577636719
2019-09-19,141.27999877929688,271.1688232421875,113.24588012695312
2019-09-20,142.9499969482422,269.8876647949219,114.74193572998047
2019-09-23,143.75,269.82415771484375,114.71768951416016
2019-09-24,144.50999450683594,267.70697021484375,116.10051727294922
2019-09-25,141.8300018310547,269.2903747558594,114.40228271484375
2019-09-26,141.7899932861328,268.7293395996094,115.13825225830078
2019-09-27,141.05999755859375,267.2817077636719,115.42121124267578
2019-09-30,138.8699951171875,268.52130126953125,115.70426940917969
2019-10-01,139.6300048828125,265.327392578125,116.05261993408203
2019-10-02,141.25999450683594,260.640380859375,116.33612823486328
2019-10-03,141.89999389648438,262.77581787109375,117.39733123779297
2019-10-04,141.89999389648438,266.3317565917969,118.2641372680664
2019-10-07,140.69000244140625,265.1826477050781,117.28390502929688
2019-10-08,141.9199981689453,261.0657653808594,117.59988403320312
2019-10-09,142.0500030517578,263.5448303222656,116.93557739257812
2019-10-10,140.80999755859375,265.327392578125,115.19386291503906
2019-10-11,140.02999877929688,268.0779724121094,113.7680892944336
2019-10-14,140.58999633789062,267.7793884277344,114.59442138671875
2019-10-15,139.61000061035156,270.4305114746094,113.20916748046875
2019-10-16,140.41000366210938,269.9962158203125,113.34693145751953
2019-10-17,140.61000061035156,270.7924499511719,113.07151794433594
2019-10-18,140.4600067138672,269.6071472167969,113.07151794433594
2019-10-21,139.7899932861328,271.4349060058594,112.22089385986328
2019-10-22,140.1999969482422,270.5480651855469,112.87708282470703
2019-10-23,140.52999877929688,271.3353271484375,112.9904556274414
2019-10-24,141.52999877929688,271.77862548828125,112.76362609863281
2019-10-25,141.86000061035156,272.8915710449219,112.21277618408203
2019-10-28,140.63999938964844,274.42974853515625,111.19209289550781
2019-10-29,140.25,274.3483581542969,111.26502990722656
2019-10-30,141.02000427246094,275.1899108886719,112.89323425292969
2019-10-31,142.42999267578125,274.4569091796875,114.41620635986328
2019-11-01,142.55999755859375,276.9994201660156,114.06402587890625
2019-11-04,142.14999389648438,278.1123352050781,112.56278228759766
2019-11-05,139.85000610351562,277.80474853515625,111.29679870605469
2019-11-06,140.4499969482422,277.8680114746094,111.97038269042969
2019-11-07,138.27000427246094,278.8453063964844,109.94164276123047
2019-11-08,137.38999938964844,279.53289794921875,109.4790267944336
2019-11-11,137.05999755859375,278.99908447265625,109.55216979980469
2019-11-12,137.42999267578125,279.5871887207031,110.05526733398438
2019-11-13,137.97999572753906,279.6777038574219,110.76937103271484
2019-11-14,138.55999755859375,280.0848388671875,111.91356658935547
2019-11-15,138.2100067138672,282.11163330078125,111.79180908203125
2019-11-18,138.6199951171875,282.3197021484375,111.9947280883789
2019-11-19,138.69000244140625,282.23834228515625,112.92792510986328
2019-11-20,138.75999450683594,281.1887512207031,114.09648132324219
2019-11-21,138.0,280.7362976074219,113.38240051269531
2019-11-22,137.74000549316406,281.3606262207031,113.52840423583984
2019-11-25,137.0800018310547,283.5412902832031,113.8611831665039
2019-11-26,137.74000549316406,284.1836242675781,114.52655792236328
2019-11-27,137.00999450683594,285.4503173828125,114.19384765625
2019-11-29,137.86000061035156,284.3916931152344,113.9504165649414
2019-12-02,137.7899932861328,281.9759216308594,112.43116760253906
2019-12-03,139.11000061035156,280.0848388671875,114.7885513305664
2019-12-04,138.9199981689453,281.8130187988281,113.64237213134766
2019-12-05,139.0,282.3197021484375,113.08955383300781
2019-12-06,137.6199951171875,284.8983154296875,112.46365356445312
2019-12-09,137.5800018310547,284.002685546875,112.70748901367188
2019-12-10,137.97000122070312,283.68603515625,112.71562194824219
2019-12-11,138.9199981689453,284.49127197265625,113.60166931152344
2019-12-12,138.42999267578125,286.943359375,111.7320556640625
2019-12-13,139.0500030517578,287.11529541015625,113.0245132446289
2019-12-16,139.0399932861328,289.0877685546875,112.00838470458984
2019-12-17,139.00999450683594,289.1509704589844,111.8539810180664
2019-12-18,139.02000427246094,289.16912841796875,110.9354019165039
2019-12-19,139.3800048828125,290.35455322265625,111.11286163330078
2019-12-20,139.52000427246094,291.6274108886719,111.25946044921875
2019-12-23,139.9499969482422,292.072998046875,111.09661865234375
2019-12-24,141.27000427246094,292.0820007324219,111.41415405273438
2019-12-26,142.3800048828125,293.6368713378906,111.68280029296875
2019-12-27,142.3300018310547,293.56414794921875,111.80500793457031
2019-12-30,142.6300048828125,291.9456481933594,111.39781951904297
2019-12-31,142.89999389648438,292.6548767089844,110.30689239501953
2020-01-02,143.9499969482422,295.3917541503906,111.55258178710938
2020-01-03,145.86000061035156,293.15496826171875,113.27050018310547
2020-01-06,147.38999938964844,294.27325439453125,112.62725830078125
2020-01-07,147.97000122070312,293.4460144042969,112.0736312866211
2020-01-08,146.86000061035156,295.0099182128906,111.33273315429688
2020-01-09,146.02999877929688,297.0102844238281,111.7235107421875
2020-01-10,146.91000366210938,296.1555480957031,112.7168960571289
2020-01-13,145.82000732421875,298.19232177734375,112.3748779296875
2020-01-14,145.69000244140625,297.7377014160156,112.9529800415039
2020-01-15,146.5399932861328,298.41046142578125,113.70199584960938
2020-01-16,146.30999755859375,300.89276123046875,113.34378051757812
2020-01-17,146.5800018310547,301.8293762207031,112.3748779296875
2020-01-21,146.74000549316406,301.2382507324219,113.55542755126953
2020-01-22,146.7899932861328,301.2746276855469,113.95443725585938
2020-01-23,147.1199951171875,301.62017822265625,114.7522964477539
2020-01-24,147.97999572753906,298.9378662109375,115.68049621582031
2020-01-27,148.99000549316406,294.1460876464844,117.47986602783203
2020-01-28,147.66000366210938,297.22845458984375,116.55980682373047
2020-01-29,148.4600067138672,296.98297119140625,117.69969177246094
2020-01-30,148.47000122070312,297.94683837890625,117.71595764160156
2020-01-31,149.3300018310547,292.5367126464844,118.79069519042969
2020-02-03,148.36000061035156,294.7097473144531,118.69452667236328
2020-02-04,146.42999267578125,299.20159912109375,117.09603118896484
2020-02-05,146.61000061035156,302.6567077636719,115.81560516357422
2020-02-06,147.39999389648438,303.6751708984375,116.33759307861328
2020-02-07,147.7899932861328,302.0566711425781,117.78923797607422
2020-02-10,148.1699981689453,304.31158447265625,118.115478515625
2020-02-11,147.66000366210938,304.8389892578125,117.52013397216797
2020-02-12,147.5399932861328,306.80303955078125,116.9247817993164
2020-02-13,148.3800048828125,306.47564697265625,117.37334442138672
2020-02-14,149.0,306.9667663574219,117.8870849609375
2020-02-18,150.91000366210938,306.1755676269531,118.69452667236328
2020-02-19,151.7899932861328,307.63946533203125,118.68636322021484
2020-02-20,152.41000366210938,306.3757019042969,119.61608123779297
2020-02-21,154.6999969482422,303.22052001953125,120.73335266113281
2020-02-24,156.08999633789062,293.1640930175781,122.53570556640625
2020-02-25,153.3000030517578,284.28057861328125,123.18807983398438
2020-02-26,153.97000122070312,283.2349853515625,122.53570556640625
2020-02-27,154.0,270.51434326171875,123.86502838134766
2020-02-28,148.3800048828125,269.3778381347656,126.66236877441406
2020-03-02,149.1999969482422,281.04364013671875,125.73049926757812
2020-03-03,153.88999938964844,272.9966125488281,127.6825942993164
2020-03-04,154.16000366210938,284.4714660644531,126.32670593261719
2020-03-05,157.49000549316406,275.01519775390625,129.4711456298828
2020-03-06,157.5500030517578,270.46893310546875,136.20941162109375
2020-03-09,157.80999755859375,249.34674072265625,139.90110778808594
2020-03-10,154.47999572753906,262.24920654296875,132.72999572753906
2020-03-11,153.92999267578125,249.46498107910156,127.84586334228516
2020-03-12,147.7899932861328,225.59686279296875,128.63809204101562
2020-03-13,143.27999877929688,244.88230895996094,125.73049926757812
2020-03-16,141.63999938964844,218.0863800048828,133.87347412109375
2020-03-17,143.55999755859375,229.86134338378906,124.94637298583984
2020-03-18,140.6999969482422,218.2227325439453,117.89777374267578
2020-03-19,138.0399932861328,218.68649291992188,121.10760498046875
2020-03-20,140.11000061035156,209.26234436035156,130.21441650390625
2020-03-23,146.3000030517578,203.91188049316406,135.58053588867188
2020-03-24,153.39999389648438,222.38693237304688,133.0566864013672
2020-03-25,151.3000030517578,225.71617126464844,132.75450134277344
2020-03-26,153.24000549316406,238.89564514160156,133.4079132080078
2020-03-27,152.25,231.78001403808594,136.968994140625
2020-03-30,152.9199981689453,239.30726623535156,135.8418426513672
2020-03-31,148.0500030517578,235.7402801513672,134.7392578125
2020-04-01,149.4499969482422,225.13082885742188,136.62701416015625
2020-04-02,151.89999389648438,230.3257598876953,137.4939727783203
2020-04-03,152.64999389648438,226.9966278076172,137.82118225097656
2020-04-06,156.8800048828125,242.2431640625,137.46131896972656
2020-04-07,156.0399932861328,242.49008178710938,136.02174377441406
2020-04-08,154.64999389648438,250.63003540039062,135.03204345703125
2020-04-09,158.69000244140625,254.44407653808594,135.27743530273438
2020-04-13,161.41000366210938,252.1209259033203,134.04241943359375
2020-04-14,162.67999267578125,259.5566711425781,134.00961303710938
2020-04-15,161.85000610351562,254.04159545898438,137.55947875976562
2020-04-16,161.7100067138672,255.26719665527344,139.1217041015625
2020-04-17,158.57000732421875,262.1632385253906,137.2567901611328
2020-04-20,159.6999969482422,257.5444641113281,138.36099243164062
2020-04-21,158.61000061035156,249.724609375,140.10325622558594
2020-04-22,161.72999572753906,255.26719665527344,138.67185974121094
2020-04-23,163.33999633789062,255.2488250732422,139.40802001953125
2020-04-24,162.63999938964844,258.806640625,139.7350616455078
2020-04-27,161.55999755859375,262.5381774902344,137.13418579101562
2020-04-28,160.83999633789062,261.3309631347656,138.712646484375
2020-04-29,161.72999572753906,268.17218017578125,137.99293518066406
2020-04-30,158.8000030517578,265.6754150390625,136.381591796875
2020-05-01,159.77999877929688,258.6421203613281,137.5495147705078
2020-05-04,160.33999633789062,259.35546875,136.90255737304688
2020-05-05,161.02000427246094,261.75164794921875,136.02618408203125
2020-05-06,158.9499969482422,259.9774475097656,133.8313446044922
2020-05-07,161.38999938964844,263.11444091796875,136.067138671875
2020-05-08,160.4199981689453,267.468017578125,134.298095703125
2020-05-11,159.4199981689453,267.5228576660156,133.24984741210938
2020-05-12,160.0399932861328,262.1907043457031,134.61756896972656
2020-05-13,161.5800018310547,257.5535888671875,135.55941772460938
2020-05-14,163.00999450683594,260.6358947753906,136.88612365722656
2020-05-15,163.92999267578125,261.8341369628906,136.5339813232422
2020-05-18,162.69000244140625,269.8094482421875,133.53646850585938
2020-05-19,164.25999450683594,267.03814697265625,134.03604125976562
2020-05-20,164.64999389648438,271.5745849609375,134.4373321533203
2020-05-21,162.25,269.6996765136719,134.7732391357422
2020-05-22,163.2100067138672,270.2117919921875,135.583984375
2020-05-26,160.88999938964844,273.5409851074219,133.7657928466797
2020-05-27,161.17999267578125,277.61102294921875,133.5200653076172
2020-05-28,161.72000122070312,277.09881591796875,133.02867126464844
2020-05-29,162.91000366210938,278.3335266113281,133.97865295410156
2020-06-01,163.66000366210938,279.4585266113281,133.07666015625
2020-06-02,162.60000610351562,281.7724914550781,132.59283447265625
2020-06-03,159.60000610351562,285.52239990234375,130.82974243164062
2020-06-04,161.27999877929688,284.77239990234375,128.9353790283203
2020-06-05,158.00999450683594,292.0709533691406,128.01698303222656
2020-06-08,159.72000122070312,295.60137939453125,128.5090789794922
2020-06-09,161.25999450683594,293.3971862792969,129.96875
2020-06-10,163.57000732421875,291.760009765625,131.89584350585938
2020-06-11,162.38999938964844,274.94036865234375,134.3887481689453
2020-06-12,162.6199951171875,278.2330017089844,133.09312438964844
2020-06-15,162.3300018310547,280.8304443359375,133.1669158935547
2020-06-16,162.25,286.2357482910156,131.12493896484375
2020-06-17,162.55999755859375,285.0467834472656,131.6661376953125
2020-06-18,162.24000549316406,285.15655517578125,133.0602569580078
2020-06-19,164.02999877929688,283.5268859863281,133.1669158935547
2020-06-22,165.08999633789062,285.345703125,133.1832733154297
2020-06-23,166.47999572753906,286.6593933105469,132.27294921875
2020-06-24,165.89999389648438,279.34710693359375,133.6916961669922
2020-06-25,165.8000030517578,282.3418884277344,134.07713317871094
2020-06-26,166.5399932861328,275.6358337402344,135.51223754882812
2020-06-29,166.6300048828125,279.6869812011719,135.0857696533203
2020-06-30,167.3699951171875,283.2696533203125,134.42979431152344
2020-07-01,166.6199951171875,285.2539367675781,134.16864013671875
2020-07-02,166.97999572753906,286.8247375488281,134.30819702148438
2020-07-06,167.97999572753906,291.2525939941406,133.7581329345703
2020-07-07,169.0399932861328,288.2486267089844,135.63815307617188
2020-07-08,170.08999633789062,290.453369140625,135.09640502929688
2020-07-09,169.6300048828125,288.7998962402344,137.24740600585938
2020-07-10,169.19000244140625,291.7486877441406,136.5577850341797
2020-07-13,169.39999389648438,289.222412109375,137.00930786132812
2020-07-14,170.19000244140625,292.97052001953125,137.2063446044922
2020-07-15,170.33999633789062,295.66204833984375,136.56600952148438
2020-07-16,168.72999572753906,294.6883239746094,137.2145538330078
2020-07-17,170.1199951171875,295.54266357421875,136.92723083496094
2020-07-20,170.94000244140625,297.93115234375,137.2638702392578
2020-07-21,173.0,298.5649108886719,137.34593200683594
2020-07-22,175.6300048828125,300.264404296875,137.7564697265625
2020-07-23,177.17999267578125,296.6817321777344,139.36563110351562
2020-07-24,178.6999969482422,294.7708740234375,139.35740661621094
2020-07-27,182.22999572753906,296.9205627441406,138.84022521972656
2020-07-28,183.75,295.037353515625,139.80079650878906
2020-07-29,185.1300048828125,298.6659851074219,139.56263732910156
2020-07-30,183.75999450683594,297.6003112792969,140.48214721679688
2020-07-31,185.42999267578125,299.95196533203125,140.39186096191406
2020-08-03,185.63999938964844,302.03741455078125,139.68502807617188
2020-08-04,189.58999633789062,303.20404052734375,141.01654052734375
2020-08-05,191.35000610351562,305.0872497558594,139.7836456298828
2020-08-06,193.88999938964844,307.1265563964844,140.56451416015625
2020-08-07,190.80999755859375,307.3470458984375,139.62747192382812
2020-08-10,190.14999389648438,308.2656555175781,139.00283813476562
2020-08-11,179.94000244140625,305.7210693359375,137.35081481933594
2020-08-12,179.10000610351562,309.9835205078125,136.10145568847656
2020-08-13,183.3300018310547,309.4230041503906,134.64666748046875
2020-08-14,182.5399932861328,309.43231201171875,134.1205596923828
2020-08-17,186.5,310.4152526855469,134.4576416015625
2020-08-18,188.17999267578125,311.0859680175781,135.4192657470703
2020-08-19,182.24000549316406,309.7905578613281,134.57269287109375
2020-08-20,183.5,310.755126953125,135.78903198242188
2020-08-21,182.02999877929688,311.85760498046875,136.60281372070312
2020-08-24,181.0,315.0175476074219,136.38088989257812
2020-08-25,181.22000122070312,316.1199951171875,135.33709716796875
2020-08-26,183.36000061035156,319.289306640625,134.8192901611328
2020-08-27,181.24000549316406,319.98736572265625,132.52613830566406
2020-08-28,184.38999938964844,322.0542907714844,132.42745971679688
2020-08-31,184.8300018310547,320.8876647949219,133.30694580078125
2020-09-01,185.0500030517578,323.9100341796875,134.8317108154297
2020-09-02,182.6199951171875,328.5950927734375,136.11532592773438
2020-09-03,181.13999938964844,317.28680419921875,136.50196838378906
2020-09-04,181.63999938964844,314.696044921875,133.9100799560547
2020-09-08,181.2899932861328,306.09771728515625,134.73292541503906
2020-09-09,183.0500030517578,312.142333984375,134.37088012695312
2020-09-10,182.4600067138672,306.7223205566406,135.05381774902344
2020-09-11,182.4499969482422,306.8785400390625,135.34181213378906
2020-09-14,183.88999938964844,310.9205322265625,135.3335723876953
2020-09-15,183.4499969482422,312.4913635253906,135.0044708251953
2020-09-16,183.97000122070312,311.25128173828125,134.6012420654297
2020-09-17,182.9600067138672,308.5137939453125,135.01272583007812
2020-09-18,183.1999969482422,304.9618835449219,134.5930938720703
2020-09-21,179.52000427246094,301.5677795410156,135.27601623535156
2020-09-22,178.64999389648438,304.6391296386719,135.1690673828125
2020-09-23,174.7899932861328,297.57421875,135.35009765625
2020-09-24,175.44000244140625,298.36737060546875,135.8684539794922
2020-09-25,174.94000244140625,303.1910705566406,135.8684539794922
2020-09-28,176.6999969482422,308.22686767578125,135.48165893554688
2020-09-29,178.19000244140625,306.54827880859375,135.63804626464844
2020-09-30,177.1199951171875,308.8725280761719,134.33798217773438
2020-10-01,178.6999969482422,310.8554992675781,134.5595245361328
2020-10-02,178.5399932861328,307.9040832519531,134.05709838867188
2020-10-05,179.41000366210938,313.3641357421875,131.43768310546875
2020-10-06,177.3000030517578,308.909423828125,132.14605712890625
2020-10-07,177.22000122070312,314.2864685058594,131.18243408203125
2020-10-08,177.85000610351562,317.07183837890625,131.8907470703125
2020-10-09,181.0800018310547,319.9033203125,131.8660125732422
2020-10-12,180.55999755859375,325.0497741699219,132.28604125976562
2020-10-13,177.72000122070312,322.9285583496094,133.23341369628906
2020-10-14,178.27000427246094,320.8995056152344,133.53811645507812
2020-10-15,178.9199981689453,320.5028381347656,133.30751037597656
2020-10-16,178.3000030517578,320.3091735839844,132.93685913085938
2020-10-19,178.38999938964844,315.4393310546875,132.43438720703125
2020-10-20,179.25,316.7029113769531,131.174072265625
2020-10-21,180.60000610351562,316.1034240722656,130.7210693359375
2020-10-22,178.8300018310547,317.8373718261719,129.3619842529297
2020-10-23,178.63999938964844,318.9164123535156,130.15277099609375
2020-10-26,178.5500030517578,313.0229797363281,131.36355590820312
2020-10-27,179.02000427246094,311.9437255859375,132.24490356445312
2020-10-28,176.1300048828125,301.2818908691406,132.3684844970703
2020-10-29,175.39999389648438,304.3439636230469,131.0835418701172
2020-10-30,176.1999969482422,301.17120361328125,129.79031372070312
2020-11-02,177.91000366210938,304.5468444824219,130.76251220703125
2020-11-03,178.9199981689453,309.92388916015625,130.00381469726562
2020-11-04,178.82000732421875,316.8504638671875,132.8239288330078
2020-11-05,182.92999267578125,323.02996826171875,133.05482482910156
2020-11-06,183.19000244140625,322.9562072753906,131.4468994140625
2020-11-09,175.0800018310547,327.0143127441406,128.68455505371094
2020-11-10,175.66000366210938,326.5346984863281,127.94244384765625
2020-11-11,174.89999389648438,328.96038818359375,128.40414428710938
2020-11-12,175.9600067138672,325.7691955566406,130.58937072753906
2020-11-13,177.16000366210938,330.2793273925781,130.4162139892578
2020-11-16,177.14999389648438,334.4020080566406,130.10284423828125
2020-11-17,176.5,332.6034240722656,130.9521942138672
2020-11-18,175.49000549316406,328.6006774902344,131.33145141601562
2020-11-19,175.16000366210938,329.984130859375,132.007568359375
2020-11-20,175.69000244140625,327.7244567871094,133.1785430908203
2020-11-23,172.22999572753906,329.6889953613281,132.568359375
2020-11-24,169.58999633789062,335.0016174316406,131.2489471435547
2020-11-25,169.50999450683594,334.4850769042969,130.8449249267578
2020-11-27,167.7899932861328,335.41656494140625,132.1147918701172
2020-11-30,166.6699981689453,333.93157958984375,131.94985961914062
2020-12-01,170.17999267578125,337.5839538574219,130.00436401367188
2020-12-02,171.4600067138672,338.2942199707031,128.97254943847656
2020-12-03,172.80999755859375,338.2020263671875,130.01258850097656
2020-12-04,172.32000732421875,341.116455078125,128.10595703125
2020-12-07,174.88999938964844,340.41552734375,129.26153564453125
2020-12-08,175.5,341.4115905761719,129.87228393554688
2020-12-09,172.5,338.3495788574219,129.44314575195312
2020-12-10,172.1699981689453,338.23883056640625,130.59043884277344
2020-12-11,172.49000549316406,337.84228515625,131.05262756347656
2020-12-14,171.5399932861328,336.3296203613281,130.6894989013672
2020-12-15,173.94000244140625,340.876708984375,130.25204467773438
2020-12-16,174.89999389648438,341.4115905761719,129.9053192138672
2020-12-17,176.74000549316406,343.3208312988281,129.56158447265625
2020-12-18,176.44000244140625,341.9499816894531,129.17324829101562
2020-12-21,175.8800048828125,340.72735595703125,129.6855010986328
2020-12-22,174.49000549316406,340.1529846191406,130.35482788085938
2020-12-23,175.64999389648438,340.4586181640625,129.4541778564453
2020-12-24,176.35000610351562,341.7831726074219,129.9664764404297
2020-12-28,175.7100067138672,344.7194519042969,130.0243377685547
2020-12-29,176.35000610351562,344.0617980957031,129.85899353027344
2020-12-30,177.6999969482422,344.5526428222656,130.1400146484375
2020-12-31,178.36000061035156,346.30328369140625,130.330078125
2021-01-04,182.3300018310547,341.5887145996094,130.173095703125
2021-01-05,182.8699951171875,343.94134521484375,129.2062225341797
2021-01-06,179.89999389648438,345.99755859375,126.55389404296875
2021-01-07,179.47999572753906,351.1382141113281,125.43844604492188
2021-01-08,173.33999633789062,353.1389465332031,125.0335464477539
2021-01-11,173.0,350.75848388671875,124.82701110839844
2021-01-12,174.1199951171875,350.83258056640625,124.7278060913086
2021-01-13,173.3699951171875,351.7773742675781,126.13250732421875
2021-01-14,173.27999877929688,350.5454406738281,124.95092010498047
2021-01-15,171.1300048828125,347.9891052246094,125.44667053222656
2021-01-19,172.5800018310547,350.72149658203125,125.85155487060547
2021-01-20,175.38999938964844,355.574951171875,125.97555541992188
2021-01-21,175.27999877929688,355.89910888671875,125.09142303466797
2021-01-22,173.89999389648438,354.6393737792969,125.49627685546875
2021-01-25,174.0500030517578,356.0380859375,126.97528839111328
2021-01-26,173.6199951171875,355.4822998046875,126.73573303222656
2021-01-27,172.52000427246094,346.7942199707031,127.0579833984375
2021-01-28,172.67999267578125,349.7767028808594,126.35554504394531
2021-01-29,172.61000061035156,342.7743835449219,125.59542846679688
2021-02-01,174.22999572753906,348.4800109863281,125.74099731445312
2021-02-02,172.11000061035156,353.4075927734375,124.93028259277344
2021-02-03,171.85000610351562,353.6853332519531,123.82181549072266
2021-02-04,168.14999389648438,357.7052917480469,123.49089813232422
2021-02-05,169.80999755859375,359.1131896972656,122.45685577392578
2021-02-08,171.52000427246094,361.7066955566406,122.99455261230469
2021-02-09,172.0800018310547,361.4658508300781,123.0855712890625
2021-02-10,172.7100067138672,361.3083190917969,123.90448760986328
2021-02-11,171.2100067138672,361.8918762207031,123.22620391845703
2021-02-12,170.69000244140625,363.6795654296875,121.69578552246094
2021-02-16,168.24000549316406,363.3645935058594,119.8427505493164
2021-02-17,166.3300018310547,363.4480285644531,120.60380554199219
2021-02-18,166.32000732421875,361.901123046875,120.11570739746094
2021-02-19,167.00999450683594,361.26202392578125,118.51922607421875
2021-02-22,169.50999450683594,358.4832458496094,117.61746978759766
2021-02-23,169.1199951171875,358.918701171875,117.2783203125
2021-02-24,169.0,362.8737487792969,116.50897216796875
2021-02-25,165.82000732421875,354.1300048828125,114.60631561279297
2021-02-26,161.80999755859375,352.3053283691406,118.39509582519531
2021-03-01,161.52999877929688,360.8452453613281,116.83135223388672
2021-03-02,162.41000366210938,358.02947998046875,116.83964538574219
2021-03-03,160.6199951171875,353.28717041015625,115.57245635986328
2021-03-04,159.0399932861328,348.9152526855469,114.82701110839844
2021-03-05,159.13999938964844,355.3341369628906,115.05062866210938
2021-03-08,157.49000549316406,353.5650329589844,114.15617370605469
2021-03-09,160.83999633789062,358.613037109375,115.73809051513672
2021-03-10,161.66000366210938,360.8452453613281,115.97000885009766
2021-03-11,161.52000427246094,364.5039367675781,115.13352966308594
2021-03-12,161.49000549316406,364.9947204589844,112.6901626586914
2021-03-15,162.1999969482422,367.1714782714844,113.35279083251953
2021-03-16,162.35000610351562,366.7083435058594,112.89725494384766
2021-03-17,163.50999450683594,367.9588317871094,112.05241394042969
2021-03-18,162.55999755859375,362.6051025390625,110.91775512695312
2021-03-19,163.24000549316406,361.9342041015625,111.60523223876953
2021-03-22,163.0,364.82427978515625,112.85582733154297
2021-03-23,161.80999755859375,361.9527893066406,113.87455749511719
2021-03-24,162.3699951171875,360.1128234863281,114.48744201660156
2021-03-25,161.77999877929688,362.1386413574219,113.58473205566406
2021-03-26,162.24000549316406,367.9744873046875,113.18714141845703
2021-03-29,160.30999755859375,367.7886047363281,112.2263412475586
2021-03-30,157.57000732421875,366.81292724609375,112.814453125
2021-03-31,159.9600067138672,368.2997131347656,112.18498992919922
2021-04-01,161.97999572753906,372.2769775390625,114.0468978881836
2021-04-05,161.9199981689453,377.62030029296875,113.54932403564453
2021-04-06,163.22000122070312,377.3973693847656,114.32060241699219
2021-04-07,162.75999450683594,377.83404541015625,113.52440643310547
2021-04-08,164.50999450683594,379.6275634765625,114.4615478515625
2021-04-09,163.27000427246094,382.3875732421875,114.0468978881836
2021-04-12,162.27999877929688,382.52691650390625,113.99718475341797
2021-04-13,163.42999267578125,383.6606140136719,114.85139465332031
2021-04-14,162.72000122070312,382.3503723144531,114.4864501953125
2021-04-15,165.35000610351562,386.4577331542969,116.40229034423828
2021-04-16,166.35000610351562,387.74951171875,115.4982681274414
2021-04-19,165.88999938964844,385.84442138671875,115.16655731201172
2021-04-20,166.47999572753906,383.01947021484375,115.69735717773438
2021-04-21,168.1300048828125,386.6435546875,115.9295883178711
2021-04-22,167.0399932861328,383.1123352050781,116.43553161621094
2021-04-23,166.39999389648438,387.2662353515625,116.16175079345703
2021-04-26,166.83999633789062,388.0746154785156,115.99591064453125
2021-04-27,166.4199981689453,387.9910888671875,114.98408508300781
2021-04-28,166.91000366210938,387.8795166015625,115.05876922607422
2021-04-29,166.22000122070312,390.3514099121094,114.71871185302734
2021-04-30,165.66000366210938,387.78662109375,114.98408508300781
2021-05-03,167.80999755859375,388.6229553222656,115.05302429199219
2021-05-04,166.5800018310547,386.22540283203125,115.83383178710938
2021-05-05,167.27000427246094,386.34625244140625,116.02482604980469
2021-05-06,170.05999755859375,389.4315185546875,116.21588134765625
2021-05-07,171.58999633789062,392.2657775878906,115.64273071289062
2021-05-10,172.11000061035156,388.3814392089844,114.4716567993164
2021-05-11,172.13999938964844,384.9151611328125,113.82376861572266
2021-05-12,170.42999267578125,376.7375793457031,112.62772369384766
2021-05-13,171.1300048828125,381.2631530761719,112.80216217041016
2021-05-14,172.69000244140625,387.1175537109375,113.85693359375
2021-05-17,174.6999969482422,386.13250732421875,113.61613464355469
2021-05-18,175.0399932861328,382.80572509765625,113.32542419433594
2021-05-19,175.16000366210938,381.8020935058594,113.05133056640625
2021-05-20,175.9600067138672,385.9094543457031,113.98162078857422
2021-05-21,176.0399932861328,385.5934753417969,114.34708404541016
2021-05-24,176.35000610351562,389.5243835449219,114.77070617675781
2021-05-25,177.9499969482422,388.6601257324219,115.83383178710938
2021-05-26,177.63999938964844,389.4315185546875,115.63445281982422
2021-05-27,177.7100067138672,389.63592529296875,115.1693344116211
2021-05-28,178.3800048828125,390.3328552246094,114.98657989501953
2021-06-01,177.89999389648438,389.9890441894531,114.96080017089844
2021-06-02,178.77000427246094,390.60235595703125,115.2269287109375
2021-06-03,175.27000427246094,389.15264892578125,114.79444885253906
2021-06-04,177.16000366210938,392.7117919921875,116.3664779663086
2021-06-07,177.8699951171875,392.330810546875,116.00883483886719
2021-06-08,177.32000732421875,392.4143981933594,116.82402801513672
2021-06-09,176.97999572753906,391.8289794921875,117.85542297363281
2021-06-10,177.74000549316406,393.6503601074219,118.5624008178711
2021-06-11,175.74000549316406,394.30078125,118.37110900878906
2021-06-14,174.7100067138672,395.1836853027344,117.46444702148438
2021-06-15,174.0500030517578,394.4588928222656,117.32304382324219
2021-06-16,171.11000061035156,392.2564392089844,117.22325134277344
2021-06-17,165.85000610351562,392.1263427734375,118.97830200195312
2021-06-18,164.92999267578125,386.83642578125,121.2157974243164
2021-06-21,166.9499969482422,392.3743591308594,119.1862564086914
2021-06-22,166.25,394.471923828125,119.47738647460938
2021-06-23,166.13999938964844,393.99658203125,119.16966247558594
2021-06-24,166.0399932861328,396.3273010253906,119.36092376708984
2021-06-25,166.58999633789062,397.7351379394531,118.1216049194336
2021-06-28,166.5800018310547,398.53692626953125,119.33596801757812
2021-06-29,164.8300018310547,398.7513732910156,119.53562927246094
2021-06-30,165.6300048828125,399.0870056152344,120.06794738769531
2021-07-01,166.1999969482422,401.29656982421875,120.0746078491211
2021-07-02,167.2899932861328,404.36395263671875,120.79918670654297
2021-07-06,168.1199951171875,403.6273498535156,122.21501159667969
2021-07-07,168.75999450683594,405.0538330078125,123.2978515625
2021-07-08,168.64999389648438,401.75341796875,123.78085327148438
2021-07-09,169.2100067138672,406.0420837402344,122.04017639160156
2021-07-12,169.0,407.4964904785156,121.88201141357422
2021-07-13,169.22000122070312,406.1073913574219,120.94912719726562
2021-07-14,171.0399932861328,406.7133483886719,122.32334899902344
2021-07-15,171.07000732421875,405.3243103027344,123.672607421875
2021-07-16,169.41000366210938,402.14501953125,123.43936920166016
2021-07-19,169.61000061035156,396.2062683105469,126.14627075195312
2021-07-20,169.38999938964844,401.8840026855469,124.93023681640625
2021-07-21,168.75999450683594,405.1376953125,123.34777069091797
2021-07-22,169.08999633789062,405.9861755371094,124.51378631591797
2021-07-23,168.55999755859375,410.1629638671875,123.680908203125
2021-07-26,168.16000366210938,411.16973876953125,123.31446075439453
2021-07-27,168.44000244140625,409.29583740234375,124.63043212890625
2021-07-28,169.2899932861328,409.12799072265625,124.63871765136719
2021-07-29,171.1699981689453,410.824951171875,123.94749450683594
2021-07-30,169.82000732421875,408.82977294921875,124.5304946899414
2021-08-02,169.61000061035156,407.9719543457031,125.64117431640625
2021-08-03,169.49000549316406,411.291015625,125.7078857421875
2021-08-04,169.52999877929688,409.26788330078125,125.96643829345703
2021-08-05,168.86000061035156,411.8597106933594,125.32429504394531
2021-08-06,164.63999938964844,412.54034423828125,123.23126220703125
2021-08-09,161.72000122070312,412.2047424316406,122.789306640625
2021-08-10,161.77000427246094,412.71746826171875,122.22229766845703
2021-08-11,164.0,413.7430419921875,122.14717864990234
2021-08-12,164.0399932861328,414.9830017089844,121.94705963134766
2021-08-13,166.38999938964844,415.7381896972656,123.8733901977539
2021-08-16,167.22000122070312,416.7171630859375,124.17356872558594
2021-08-17,166.97000122070312,413.98541259765625,124.12351989746094
2021-08-18,167.10000610351562,409.45440673828125,124.54046630859375
2021-08-19,166.61000061035156,410.0882873535156,125.45771789550781
2021-08-20,166.6999969482422,413.3514099121094,125.54108428955078
2021-08-23,168.72999572753906,416.9874572753906,125.45771789550781
2021-08-24,168.64999389648438,417.6494445800781,124.48208618164062
2021-08-25,167.47999572753906,418.52581787109375,123.44812774658203
2021-08-26,167.6699981689453,416.05511474609375,123.79000854492188
2021-08-27,170.19000244140625,419.77508544921875,124.63219451904297
2021-08-30,169.35000610351562,421.62109375,124.95742797851562
2021-08-31,169.69000244140625,420.9964599609375,124.10687255859375
2021-09-01,169.6999969482422,421.22015380859375,124.31475067138672
2021-09-02,169.25,422.5161437988281,124.85748291015625
2021-09-03,171.05999755859375,422.4134521484375,123.72189331054688
2021-09-07,167.7100067138672,420.9032287597656,122.6782455444336
2021-09-08,167.2899932861328,420.3904724121094,123.51323699951172
2021-09-09,168.02999877929688,418.591064453125,125.00774383544922
2021-09-10,167.17999267578125,415.2906494140625,123.9056167602539
2021-09-13,167.74000549316406,416.3534851074219,124.65704345703125
2021-09-14,168.82000732421875,414.1066589355469,126.1683120727539
2021-09-15,167.8300018310547,417.5655517578125,125.72581481933594
2021-09-16,164.02999877929688,416.903564453125,125.14967346191406
2021-09-17,163.77000427246094,412.8424377441406,124.5484848022461
2021-09-20,164.94000244140625,405.9586486816406,126.09319305419922
2021-09-21,166.0399932861328,405.5751647949219,125.98463439941406
2021-09-22,165.4199981689453,409.5315246582031,126.73604583740234
2021-09-23,163.50999450683594,414.50726318359375,123.87223815917969
2021-09-24,163.3000030517578,415.19012451171875,122.66157531738281
2021-09-27,163.63999938964844,414.0023193359375,122.21065521240234
2021-09-28,162.0500030517578,405.6593933105469,120.30702209472656
2021-09-29,161.32000732421875,406.34210205078125,120.5157241821289
2021-09-30,164.22000122070312,401.3757019042969,120.49907684326172
2021-10-01,164.58999633789062,406.145751953125,121.5131607055664
2021-10-04,165.36000061035156,400.90802001953125,121.2038345336914
2021-10-05,164.58999633789062,405.0795593261719,120.03337860107422
2021-10-06,165.02999877929688,406.7629699707031,120.71056365966797
2021-10-07,164.16000366210938,410.2797546386719,119.44818115234375
2021-10-08,164.22999572753906,409.5315246582031,118.61221313476562
2021-10-11,163.9199981689453,406.566650390625,118.31123352050781
2021-10-12,164.66000366210938,405.56585693359375,120.3343505859375
2021-10-13,167.58999633789062,407.0249328613281,121.50476837158203
2021-10-14,168.0,413.871337890625,121.95616912841797
2021-10-15,165.3300018310547,417.023193359375,121.24561309814453
2021-10-18,164.9199981689453,418.25787353515625,121.8141098022461
2021-10-19,165.4499969482422,421.48468017578125,120.13374328613281
2021-10-20,166.89999389648438,423.1401672363281,119.32279968261719
2021-10-21,166.75,424.24383544921875,119.18067169189453
2021-10-22,167.77000427246094,423.8041687011719,120.4931869506836
2021-10-25,168.92999267578125,426.0770568847656,120.30927276611328
2021-10-26,167.67999267578125,426.4605407714844,121.30413818359375
2021-10-27,168.1199951171875,424.5711669921875,123.51118469238281
2021-10-28,168.0800018310547,428.66790771484375,123.09317779541016
2021-10-29,166.64999389648438,429.53765869140625,123.46940612792969
2021-11-01,167.52000427246094,430.2765808105469,122.58039093017578
2021-11-02,167.16000366210938,432.0161437988281,123.12447357177734
2021-11-03,165.77000427246094,434.65374755859375,121.85213470458984
2021-11-04,167.64999389648438,436.7020568847656,123.1328353881836
2021-11-05,169.83999633789062,438.2173156738281,124.97439575195312
2021-11-08,170.4499969482422,438.59130859375,124.74005889892578
2021-11-09,171.2899932861328,437.14166259765625,126.36395263671875
2021-11-10,173.14999389648438,433.6249694824219,124.05366516113281
2021-11-11,174.1199951171875,433.7652282714844,123.86946868896484
2021-11-12,174.4499969482422,437.0387268066406,123.32536315917969
2021-11-15,174.17999267578125,437.1883850097656,121.77679443359375
2021-11-16,172.9199981689453,438.9187316894531,121.46711730957031
2021-11-17,174.5,437.8525390625,122.4297103881836
2021-11-18,173.94000244140625,439.33966064453125,122.8901138305664
2021-11-19,172.61000061035156,438.55401611328125,124.18759155273438
2021-11-22,168.74000549316406,437.31939697265625,122.73106384277344
2021-11-23,167.27999877929688,437.8992919921875,120.95645904541016
2021-11-24,167.1199951171875,439.06842041015625,122.89852905273438
2021-11-26,166.85000610351562,429.27569580078125,126.00405883789062
2021-11-29,166.6199951171875,434.5415344238281,124.99122619628906
2021-11-30,165.5,426.08636474609375,126.89127349853516
2021-12-01,166.16000366210938,421.35369873046875,127.67406463623047
2021-12-02,165.24000549316406,427.80731201171875,127.83334350585938
2021-12-03,166.6300048828125,424.0848388671875,129.35865783691406
2021-12-06,166.22000122070312,429.1074523925781,127.58191680908203
2021-12-07,166.80999755859375,437.9834289550781,126.551025390625
2021-12-08,166.89999389648438,439.1432189941406,124.36363983154297
2021-12-09,165.8800048828125,436.1783142089844,125.05921936035156
2021-12-10,166.5800018310547,440.2842712402344,124.757568359375
2021-12-13,167.0,436.3840637207031,126.60135650634766
2021-12-14,165.44000244140625,433.3817443847656,126.29965209960938
2021-12-15,166.14999389648438,440.1534118652344,125.08442687988281
2021-12-16,168.16000366210938,436.2718505859375,125.133056640625
2021-12-17,167.8000030517578,431.6286926269531,126.55097961425781
2021-12-20,167.08999633789062,427.03887939453125,125.60291290283203
2021-12-21,167.02000427246094,434.62274169921875,125.12464141845703
2021-12-22,168.58999633789062,438.9684143066406,125.70362091064453
2021-12-23,168.97000122070312,441.69970703125,124.61287689208984
2021-12-27,169.3699951171875,447.95068359375,124.91497802734375
2021-12-28,168.63999938964844,447.5845642089844,124.41986846923828
2021-12-29,168.58999633789062,448.15716552734375,123.06062316894531
2021-12-30,169.8000030517578,446.9183044433594,124.09264373779297
2021-12-31,170.9600067138672,445.7918701171875,124.33599090576172
2022-01-03,168.3300018310547,448.37298583984375,121.07213592529297
2022-01-04,169.57000732421875,448.22283935546875,120.5687484741211
2022-01-05,169.05999755859375,439.6159973144531,119.91426086425781
2022-01-06,166.99000549316406,439.20306396484375,120.22469329833984
2022-01-07,167.75,437.4667053222656,119.36051940917969
2022-01-10,168.25999450683594,436.9222717285156,119.6541976928711
2022-01-11,170.2899932861328,440.9019470214844,120.45125579833984
2022-01-12,170.74000549316406,442.0938720703125,119.98979187011719
2022-01-13,170.16000366210938,436.00250244140625,121.05538177490234
2022-01-14,169.6699981689453,436.1807861328125,119.226318359375
2022-01-18,169.38999938964844,428.45623779296875,117.54818725585938
2022-01-19,172.0800018310547,424.00726318359375,118.36206817626953
2022-01-20,171.64999389648438,419.3143310546875,119.09200286865234
2022-01-21,171.08999633789062,411.0829772949219,120.50997161865234
2022-01-24,172.02999877929688,412.8287658691406,119.51992797851562
2022-01-25,172.5800018310547,407.78851318359375,119.32695770263672
2022-01-26,169.7899932861328,406.7654113769531,117.88380432128906
2022-01-27,167.60000610351562,404.7568359375,120.04856872558594
2022-01-28,167.10000610351562,414.8091735839844,120.09050750732422
2022-01-31,168.08999633789062,422.2802734375,119.46957397460938
2022-02-01,168.22999572753906,425.1335754394531,119.07303619384766
2022-02-02,168.83999633789062,429.2633972167969,119.47631072998047
2022-02-03,168.60000610351562,419.173583984375,118.5436782836914
2022-02-04,168.86000061035156,421.14459228515625,116.79607391357422
2022-02-07,170.11000061035156,419.7930603027344,116.87165832519531
2022-02-08,170.6300048828125,423.2470703125,116.09031677246094
2022-02-09,171.2100067138672,429.4417419433594,116.30879211425781
2022-02-10,170.55999755859375,421.72662353515625,114.46031951904297
2022-02-11,173.80999755859375,413.41064453125,116.15755462646484
2022-02-14,174.74000549316406,412.05902099609375,114.7123794555664
2022-02-15,173.0800018310547,418.70428466796875,113.41011047363281
2022-02-16,174.86000061035156,419.173583984375,114.08226013183594
2022-02-17,177.25,410.2194519042969,114.93086242675781
2022-02-18,177.1199951171875,407.563232421875,116.14071655273438
2022-02-22,177.49000549316406,403.189453125,116.44322204589844
2022-02-23,178.2899932861328,396.0373840332031,114.83843994140625
2022-02-24,177.13999938964844,401.9974365234375,114.9140625
2022-02-25,176.5500030517578,410.8670349121094,114.9980697631836
2022-02-28,178.3800048828125,409.8158874511719,117.5186767578125
2022-03-01,181.6199951171875,403.5742492675781,118.87735748291016
2022-03-02,179.72999572753906,410.9984436035156,114.81385040283203
2022-03-03,180.8000030517578,408.9523620605469,115.98326110839844
2022-03-04,183.67999267578125,405.6297912597656,117.98555755615234
2022-03-07,186.41000366210938,393.6721496582031,117.08538055419922
2022-03-08,191.50999450683594,390.6874694824219,115.90752410888672
2022-03-09,185.82000732421875,401.16204833984375,114.77176666259766
2022-03-10,186.39999389648438,399.3505859375,113.122802734375
2022-03-11,185.08999633789062,394.27288818359375,113.50139617919922
2022-03-14,182.3000030517578,391.391357421875,110.85124969482422
2022-03-15,178.88999938964844,399.99822998046875,110.65776062011719
2022-03-16,180.00999450683594,408.867919921875,111.74304962158203
2022-03-17,180.88999938964844,413.9831237792969,110.91014862060547
2022-03-18,179.3000030517578,418.5174560546875,112.26467895507812
2022-03-21,180.6699981689453,418.3950500488281,109.66499328613281
2022-03-22,179.36000061035156,423.2908630371094,108.26002502441406
2022-03-23,181.80999755859375,417.839599609375,110.63250732421875
2022-03-24,183.1300048828125,424.1382141113281,109.7659683227539
2022-03-25,182.3800048828125,426.2095947265625,108.24320983886719
2022-03-28,179.05999755859375,429.2411804199219,109.1686019897461
2022-03-29,179.13999938964844,434.55120849609375,109.99313354492188
2022-03-30,180.5800018310547,431.8680114746094,110.85124969482422
2022-03-31,180.64999389648438,425.2209777832031,111.12046813964844
2022-04-01,179.5,426.4261474609375,111.54348754882812
2022-04-04,180.3699951171875,430.0791931152344,110.76827239990234
2022-04-05,179.24000549316406,424.646728515625,108.2657470703125
2022-04-06,179.66000366210938,420.40045166015625,107.38943481445312
2022-04-07,180.33999633789062,422.5188293457031,106.5805435180664
2022-04-08,181.47000122070312,421.3890686035156,105.42618560791016
2022-04-11,182.3699951171875,414.1865234375,103.7578353881836
2022-04-12,183.77000427246094,412.65185546875,103.61458587646484
2022-04-13,184.64999389648438,417.37823486328125,103.8252182006836
2022-04-14,184.0399932861328,412.18115234375,101.74405670166016
2022-04-18,184.61000061035156,412.3505859375,101.23846435546875
2022-04-19,181.82000732421875,419.0069885253906,100.48013305664062
2022-04-20,182.7100067138672,418.6963195800781,102.50233459472656
2022-04-21,182.05999755859375,412.43536376953125,101.74405670166016
2022-04-22,180.2899932861328,401.1184387207031,101.1036148071289
2022-04-25,177.0500030517578,403.4439392089844,102.11476135253906
2022-04-26,177.32000732421875,391.7598876953125,103.1427230834961
2022-04-27,175.97999572753906,392.8614196777344,101.81986236572266
2022-04-28,176.92999267578125,402.784912109375,101.97151184082031
2022-04-29,176.91000366210938,387.8997497558594,100.64863586425781
2022-05-02,173.6300048828125,390.23468017578125,98.90402221679688
2022-05-03,174.08999633789062,392.0235595703125,99.57079315185547
2022-05-04,175.8000030517578,403.96185302734375,100.11942291259766
2022-05-05,175.1300048828125,389.6038513183594,97.37632751464844
2022-05-06,175.4199981689453,387.2783508300781,95.94145202636719
2022-05-09,172.8800048828125,374.8787536621094,96.78546905517578
2022-05-10,171.4199981689453,375.74493408203125,97.66329193115234
2022-05-11,172.82000732421875,369.7757873535156,99.54550170898438
2022-05-12,170.1699981689453,369.3898010253906,99.35980224609375
2022-05-13,168.7899932861328,378.2210693359375,97.89115905761719
2022-05-16,170.39999389648438,376.6864318847656,97.78986358642578
2022-05-17,169.3300018310547,384.43505859375,96.60826110839844
2022-05-18,169.4199981689453,368.93780517578125,98.66770935058594
2022-05-19,171.91000366210938,366.6782531738281,98.90402221679688
2022-05-20,172.02999877929688,366.8382873535156,100.02659606933594
2022-05-23,172.8300018310547,373.7018737792969,98.38072967529297
2022-05-24,174.1300048828125,370.84906005859375,100.32198333740234
2022-05-25,173.0800018310547,374.1255798339844,100.71868896484375
2022-05-26,172.75999450683594,381.6010437011719,100.26290893554688
2022-05-27,172.85000610351562,390.968994140625,100.50768280029297
2022-05-31,171.13999938964844,388.7753601074219,98.38072967529297
2022-06-01,172.22999572753906,385.6307067871094,98.2682876586914
2022-06-02,174.35000610351562,392.97442626953125,98.31898498535156
2022-06-03,172.5800018310547,386.525146484375,98.10762023925781
2022-06-06,171.82000732421875,387.7020568847656,96.29816436767578
2022-06-07,172.94000244140625,391.42095947265625,97.33816528320312
2022-06-08,172.77999877929688,387.1654052734375,96.47574615478516
2022-06-09,172.22999572753906,377.95745849609375,96.79703521728516
2022-06-10,174.5399932861328,366.9983825683594,96.19670104980469
2022-06-13,169.92999267578125,353.0641174316406,93.1781234741211
2022-06-14,168.57000732421875,352.00018310546875,92.00282287597656
2022-06-15,170.77000427246094,357.01837158203125,93.71928405761719
2022-06-16,172.69000244140625,345.2025451660156,94.46334075927734
2022-06-17,171.27000427246094,345.9466552734375,94.76774597167969
2022-06-21,170.6300048828125,354.65545654296875,93.1612319946289
2022-06-22,171.30999755859375,354.0124206542969,95.72321319580078
2022-06-23,170.25999450683594,357.48272705078125,96.50952911376953
2022-06-24,170.08999633789062,368.8484191894531,95.17357635498047
2022-06-27,169.89999389648438,367.4395446777344,94.36186981201172
2022-06-28,169.6199951171875,359.931640625,94.80155944824219
2022-06-29,169.49000549316406,359.6385498046875,96.28126525878906
2022-06-30,168.4600067138672,356.7166748046875,97.12680053710938
2022-07-01,168.32000732421875,360.4896240234375,98.12397003173828
2022-07-05,164.75,361.1703796386719,98.89491271972656
2022-07-06,162.13999938964844,362.3901672363281,97.23439025878906
2022-07-07,162.22999572753906,367.8177795410156,96.37870788574219
2022-07-08,162.3000030517578,367.51519775390625,95.31121826171875
2022-07-11,161.42999267578125,363.3168640136719,96.95479583740234
2022-07-12,160.8300018310547,360.10186767578125,97.5309066772461
2022-07-13,161.60000610351562,358.2107238769531,98.64921569824219
2022-07-14,159.3300018310547,357.3408203125,97.84437561035156
2022-07-15,159.00999450683594,364.1678771972656,98.39505767822266
2022-07-18,159.16000366210938,361.1609191894531,97.36995697021484
2022-07-19,159.5399932861328,370.919189453125,96.84466552734375
2022-07-20,158.0399932861328,373.2831115722656,97.09882354736328
2022-07-21,160.27000427246094,377.0843811035156,98.77630615234375
2022-07-22,160.6699981689453,373.585693359375,100.43682098388672
2022-07-25,160.22999572753906,374.03961181640625,99.45406341552734
2022-07-26,160.0399932861328,369.6143493652344,99.53034210205078
2022-07-27,161.6699981689453,379.2119445800781,98.97117614746094
2022-07-28,163.63999938964844,383.9681396484375,99.75906372070312
2022-07-29,164.10000610351562,389.56585693359375,99.48800659179688
2022-08-01,165.02999877929688,388.41229248046875,101.88399505615234
2022-08-02,164.0500030517578,385.8498229980469,99.72816467285156
2022-08-03,164.4499969482422,391.89202880859375,101.29832458496094
2022-08-04,167.1699981689453,391.6273193359375,101.26438903808594
2022-08-05,165.2899932861328,390.96527099609375,98.85393524169922
2022-08-08,166.69000244140625,390.5115051269531,100.44959259033203
2022-08-09,167.1999969482422,388.9606628417969,100.05915069580078
2022-08-10,166.77999877929688,397.1304626464844,99.40563201904297
2022-08-11,166.33999633789062,397.1304626464844,97.08854675292969
2022-08-12,167.8699951171875,403.8534240722656,98.0730972290039
2022-08-15,165.7100067138672,405.51763916015625,97.98821258544922
2022-08-16,165.4199981689453,406.31195068359375,98.39559936523438
2022-08-17,164.35000610351562,403.4279479980469,97.3686294555664
2022-08-18,163.9199981689453,404.60052490234375,97.51293182373047
2022-08-19,162.72000122070312,399.1634826660156,95.9427261352539
2022-08-22,161.63999938964844,390.8518371582031,95.6202163696289
2022-08-23,162.77000427246094,389.9063415527344,95.093994140625
2022-08-24,163.25,391.1545104980469,94.39801788330078
2022-08-25,163.75,396.67657470703125,95.71355438232422
2022-08-26,161.75999450683594,383.2494812011719,96.43500518798828
2022-08-29,161.86000061035156,380.7153625488281,95.6371841430664
2022-08-30,160.50999450683594,376.535888671875,95.87483215332031
2022-08-31,159.27000427246094,373.67083740234375,94.95816040039062
2022-09-01,157.8699951171875,374.8433532714844,93.21968078613281
2022-09-02,159.25999450683594,370.8908996582031,93.74701690673828
2022-09-06,158.3300018310547,369.491455078125,91.42501831054688
2022-09-07,159.94000244140625,376.12933349609375,92.87094116210938
2022-09-08,158.97999572753906,378.587890625,91.91835021972656
2022-09-09,159.82000732421875,384.4692687988281,92.1224594116211
2022-09-12,160.6300048828125,388.60137939453125,91.36549377441406
2022-09-13,158.5399932861328,371.70404052734375,91.5781021118164
2022-09-14,157.92999267578125,373.12237548828125,91.89280700683594
2022-09-15,154.97999572753906,368.88629150390625,91.8332748413086
2022-09-16,155.83999633789062,366.0720520019531,91.06782531738281
2022-09-19,155.9600067138672,368.9109191894531,91.28042602539062
2022-09-20,155.07000732421875,364.6763916015625,90.37033081054688
2022-09-21,155.7899932861328,358.31500244140625,91.88432312011719
2022-09-22,155.6999969482422,355.3051452636719,89.53683471679688
2022-09-23,153.00999450683594,349.3521728515625,89.90252685546875
2022-09-26,151.22999572753906,345.8961486816406,88.18445587158203
2022-09-27,151.5399932861328,345.0131530761719,85.86246490478516
2022-09-28,154.69000244140625,351.8017272949219,88.7373046875
2022-09-29,154.66000366210938,344.4529724121094,88.27799224853516
2022-09-30,154.6699981689453,339.1264953613281,87.1382827758789
2022-10-03,158.42999267578125,348.07989501953125,88.52286529541016
2022-10-04,160.6999969482422,358.86566162109375,88.27560424804688
2022-10-05,159.80999755859375,358.0301513671875,87.43156433105469
2022-10-06,159.6300048828125,354.3368225097656,86.94558715820312
2022-10-07,157.8800048828125,344.4529724121094,86.1015396118164
2022-10-10,155.47999572753906,341.8229675292969,84.76300811767578
2022-10-11,155.16000366210938,339.6581726074219,85.13810729980469
2022-10-12,155.99000549316406,338.5378723144531,85.555908203125
2022-10-13,154.91000366210938,347.4722595214844,84.73743438720703
2022-10-14,152.97999572753906,339.55377197265625,84.0383071899414
2022-10-17,153.4199981689453,348.2792663574219,83.6290512084961
2022-10-18,153.75,352.3714294433594,83.82518768310547
2022-10-19,151.69000244140625,349.8743591308594,82.29905700683594
2022-10-20,151.4499969482422,346.94049072265625,80.89231872558594
2022-10-21,154.14999389648438,355.37176513671875,79.43441772460938
2022-10-24,153.64999389648438,359.7201843261719,78.7779541015625
2022-10-25,154.0,365.4644470214844,81.07134246826172
2022-10-26,154.97999572753906,362.7109375,82.23937225341797
2022-10-27,154.74000549316406,360.77410888671875,83.10047912597656
2022-10-28,153.16000366210938,369.35711669921875,82.52925109863281
2022-10-31,151.91000366210938,366.689208984375,81.94097137451172
2022-11-01,153.4600067138672,365.08465576171875,82.70674896240234
2022-11-02,152.38999938964844,355.92242431640625,82.3478012084961
2022-11-03,151.80999755859375,352.2575378417969,81.90338134765625
2022-11-04,156.47000122070312,357.32757568359375,80.52734375
2022-11-07,155.85000610351562,360.74566650390625,79.7239761352539
2022-11-08,159.4499969482422,362.69195556640625,80.59573364257812
2022-11-09,158.64999389648438,355.21978759765625,80.86065673828125
2022-11-10,163.47999572753906,374.74066162109375,83.97169494628906
2022-11-11,164.55999755859375,378.3675842285156,83.66398620605469
2022-11-14,164.9199981689453,375.14886474609375,83.45889282226562
2022-11-15,165.5,378.3485412597656,84.80926513671875
2022-11-16,165.1199951171875,375.462158203125,86.66387939453125
2022-11-17,163.9199981689453,374.31329345703125,85.7494125366211
2022-11-18,162.7899932861328,376.0128479003906,85.15967559814453
2022-11-21,161.8800048828125,374.6456604003906,85.51862335205078
2022-11-22,162.07000732421875,379.687255859375,86.7322769165039
2022-11-23,163.0800018310547,382.07989501953125,88.24504852294922
2022-11-25,163.22000122070312,381.9944763183594,87.9458999633789
2022-11-28,161.92999267578125,375.8988952636719,88.19377136230469
2022-11-29,162.72999572753906,375.2532958984375,87.15961456298828
2022-11-30,164.80999755859375,387.0740051269531,87.80062103271484
2022-12-01,167.83999633789062,386.7891845703125,90.60549926757812
2022-12-02,167.25999450683594,386.3429260253906,91.74490356445312
2022-12-05,164.38999938964844,379.3929138183594,90.4598388671875
2022-12-06,164.83999633789062,373.9241027832031,91.62494659423828
2022-12-07,166.3300018310547,373.2879638671875,93.78388977050781
2022-12-08,166.47000122070312,376.21221923828125,93.52685546875
2022-12-09,167.05999755859375,373.4018249511719,91.09381866455078
2022-12-12,165.67999267578125,378.7852783203125,91.38510131835938
2022-12-13,168.50999450683594,381.6526184082031,92.26750946044922
2022-12-14,168.10000610351562,379.21258544921875,92.6615982055664
2022-12-15,165.35000610351562,369.93634033203125,93.02311706542969
2022-12-16,166.7899932861328,365.5688171386719,91.98400115966797
2022-12-19,166.32000732421875,362.4689636230469,90.43821716308594
2022-12-20,169.0800018310547,362.9649353027344,88.83228302001953
2022-12-21,168.8000030517578,368.39208984375,89.05554962158203
2022-12-22,166.75999450683594,363.1366271972656,89.03841400146484
2022-12-23,167.25999450683594,365.2255554199219,87.73303985595703
2022-12-27,168.6699981689453,363.7851867675781,85.998291015625
2022-12-28,167.91000366210938,359.26409912109375,85.49164581298828
2022-12-29,168.85000610351562,365.73101806640625,86.4620590209961
2022-12-30,169.63999938964844,364.7676086425781,85.50018310546875
2023-01-03,171.05999755859375,363.2320251464844,87.13189697265625
2023-01-04,172.6699981689453,366.0361633300781,88.32559967041016
2023-01-05,170.52000427246094,361.8583984375,88.69488525390625
2023-01-06,173.7100067138672,370.15667724609375,90.32655334472656
2023-01-09,174.10000610351562,369.94677734375,90.80747985839844
2023-01-10,174.74000549316406,372.54119873046875,89.30459594726562
2023-01-11,174.6199951171875,377.25299072265625,90.75592803955078
2023-01-12,176.63999938964844,378.6265563964844,92.54220581054688
2023-01-13,178.75999450683594,380.0954284667969,91.67483520507812
2023-01-17,177.58999633789062,379.3990783691406,91.082275390625
2023-01-18,177.0800018310547,373.4092102050781,93.28934478759766
2023-01-19,179.88999938964844,370.6908264160156,92.70536804199219
2023-01-20,179.2899932861328,377.5964050292969,91.2025146484375
2023-01-23,179.6300048828125,382.12713623046875,90.77311706542969
2023-01-24,180.27999877929688,381.7169189453125,92.07848358154297
2023-01-25,181.11000061035156,381.8599853515625,92.30177307128906
2023-01-26,179.47000122070312,386.0567626953125,91.87237548828125
2023-01-27,179.22000122070312,386.9438781738281,91.6404800415039
2023-01-30,178.75999450683594,382.0888671875,91.30558013916016
2023-01-31,179.41000366210938,387.7069396972656,92.0355453491211
2023-02-01,181.6699981689453,391.8273620605469,93.14190673828125
2023-02-02,177.89999389648438,397.5312194824219,93.26242065429688
2023-02-03,173.4600067138672,393.30572509765625,91.86763000488281
2023-02-06,173.82000732421875,390.90216064453125,91.18746948242188
2023-02-07,173.97999572753906,396.0146179199219,90.45562744140625
2023-02-08,174.41000366210938,391.6842346191406,90.88613891601562
2023-02-09,173.02999877929688,388.2887268066406,90.02513122558594
2023-02-10,173.36000061035156,389.19482421875,89.01777648925781
2023-02-13,172.47999572753906,393.7636413574219,89.76683807373047
2023-02-14,172.61000061035156,393.5824890136719,89.56019592285156
2023-02-15,170.88999938964844,394.8605041503906,88.72505187988281
2023-02-16,170.75,389.4237060546875,87.46798706054688
2023-02-17,171.25999450683594,388.45086669921875,88.1481704711914
2023-02-21,170.6199951171875,380.6582336425781,86.43478393554688
2023-02-22,169.66000366210938,380.1335754394531,87.22689819335938
2023-02-23,169.57000732421875,382.1557312011719,88.07927703857422
2023-02-24,168.35000610351562,378.0733642578125,86.93418884277344
2023-02-27,169.00999450683594,379.3609924316406,87.17524719238281
2023-02-28,169.77999877929688,377.9588928222656,87.5713119506836
2023-03-01,170.75999450683594,376.5090637207031,86.6304931640625
2023-03-02,170.66000366210938,379.4373474121094,85.86236572265625
2023-03-03,172.49000549316406,385.52264404296875,87.94245147705078
2023-03-06,171.6199951171875,385.7896728515625,87.26058197021484
2023-03-07,168.6199951171875,379.87603759765625,87.79571533203125
2023-03-08,168.5399932861328,380.4960021972656,87.88201904296875
2023-03-09,170.1999969482422,373.4759216308594,88.09779357910156
2023-03-10,173.8699951171875,368.08685302734375,91.13594055175781
2023-03-13,177.86000061035156,367.5623474121094,91.34310913085938
2023-03-14,176.8300018310547,373.6380920410156,89.84129333496094
2023-03-15,178.2100067138672,371.30133056640625,91.57614135742188
2023-03-16,178.57000732421875,377.8157653808594,90.85975646972656
2023-03-17,183.77000427246094,373.3981018066406,92.22348022460938
2023-03-20,183.83999633789062,376.9886169433594,91.41213989257812
2023-03-21,180.3699951171875,381.9386291503906,90.62672424316406
2023-03-22,183.44000244140625,375.427978515625,91.83509063720703
2023-03-23,185.74000549316406,376.44287109375,91.83509063720703
2023-03-24,183.64999389648438,378.9131164550781,92.22348022460938
2023-03-27,181.9499969482422,379.62158203125,90.05709075927734
2023-03-28,183.44000244140625,378.7695007324219,90.22106170654297
2023-03-29,182.52999877929688,384.2748107910156,90.039794921875
2023-03-30,184.17999267578125,386.52484130859375,90.45410919189453
2023-03-31,183.22000122070312,391.9728088378906,91.80917358398438
2023-04-03,184.5399932861328,393.4664306640625,92.240966796875
2023-04-04,187.97999572753906,391.28338623046875,92.6996078491211
2023-04-05,187.8300018310547,390.2589416503906,93.66870880126953
2023-04-06,186.49000549316406,391.78125,93.91098022460938
2023-04-10,185.11000061035156,392.18341064453125,92.3967514038086
2023-04-11,186.27999877929688,392.28875732421875,92.58707427978516
2023-04-12,187.19000244140625,390.68975830078125,92.49189758300781
2023-04-13,189.72000122070312,395.8791809082031,91.76505279541016
2023-04-14,186.36000061035156,394.91217041015625,90.92573547363281
2023-04-17,185.52999877929688,396.32916259765625,89.8440933227539
2023-04-18,186.25,396.587646484375,90.16425323486328
2023-04-19,185.36000061035156,396.5206604003906,90.07771301269531
2023-04-20,186.08999633789062,394.35687255859375,90.84783935546875
2023-04-21,184.25,394.66326904296875,90.33731079101562
2023-04-24,184.80999755859375,395.074951171875,91.2112808227539
2023-04-25,185.75,388.8035888671875,92.55247497558594
2023-04-26,184.74000549316406,387.1567687988281,91.56603240966797
2023-04-27,184.75,394.8642883300781,90.65747833251953
2023-04-28,184.8000030517578,398.23455810546875,92.11985778808594
2023-05-01,183.97000122070312,397.8323974609375,89.46358489990234
2023-05-02,187.52000427246094,393.3611145019531,91.69303131103516
2023-05-03,189.11000061035156,390.66107177734375,92.20484161376953
2023-05-04,190.44000244140625,387.8940124511719,91.2939682006836
2023-05-05,187.4600067138672,395.074951171875,90.9903564453125
2023-05-08,187.69000244140625,395.18023681640625,89.71517181396484
2023-05-09,189.02000427246094,393.447265625,89.39421844482422
2023-05-10,188.75,395.28564453125,90.26166534423828
2023-05-11,187.1300048828125,394.59619140625,91.21588134765625
2023-05-12,186.80999755859375,394.0791320800781,90.45252990722656
2023-05-15,187.2100067138672,395.4387512207031,89.5156478881836
2023-05-16,184.8699951171875,392.796142578125,89.24671173095703
2023-05-17,184.22999572753906,397.5643615722656,88.98648071289062
2023-05-18,181.83999633789062,401.3941650390625,88.32719421386719
2023-05-19,183.63999938964844,400.81005859375,87.70259857177734
2023-05-22,183.2100067138672,400.972900390625,87.39030456542969
2023-05-23,183.42999267578125,396.4728088378906,87.6418685913086
2023-05-24,181.9499969482422,393.6004638671875,87.20813751220703
2023-05-25,180.1999969482422,397.00897216796875,86.99127197265625
2023-05-26,180.9199981689453,402.1505126953125,87.69393920898438
2023-05-30,182.0399932861328,402.3037109375,88.5700912475586
2023-05-31,182.32000732421875,400.07281494140625,89.34215545654297
2023-06-01,183.75999450683594,403.87396240234375,89.69267272949219
2023-06-02,181.0500030517578,409.71441650390625,88.70980072021484
2023-06-05,182.13999938964844,408.9293518066406,88.5445327758789
2023-06-06,182.33999633789062,409.8197937011719,89.0664291381836
2023-06-07,180.14999389648438,408.4027099609375,87.74434661865234
2023-06-08,182.52999877929688,410.87298583984375,88.77069854736328
2023-06-09,182.0399932861328,411.6102600097656,88.64891815185547
2023-06-12,181.8800048828125,415.3442687988281,88.90987396240234
2023-06-13,180.5399932861328,418.0825500488281,88.0313720703125
2023-06-14,180.63999938964844,418.5804443359375,88.73590087890625
2023-06-15,181.91000366210938,423.7698669433594,89.5882797241211
2023-06-16,181.6300048828125,422.326416015625,89.24037170410156
2023-06-20,179.75,420.1352844238281,89.8579330444336
2023-06-21,179.49000549316406,417.982666015625,90.07538604736328
2023-06-22,177.7100067138672,419.4914855957031,88.9881362915039
2023-06-23,178.1999969482422,416.320068359375,89.87533569335938
2023-06-26,178.50999450683594,414.619140625,89.97101593017578
2023-06-27,177.69000244140625,419.1647033691406,89.73615264892578
2023-06-28,177.27999877929688,419.3761291503906,90.1188735961914
2023-06-29,177.08999633789062,421.029052734375,88.49236297607422
2023-06-30,178.27000427246094,425.9975280761719,89.53609466552734
2023-07-03,178.47000122070312,426.4876403808594,89.02851867675781
2023-07-05,177.83999633789062,425.8533630371094,88.18254852294922
2023-07-06,177.30999755859375,422.5186462402344,86.93536376953125
2023-07-07,178.63999938964844,421.451904296875,86.41210174560547
2023-07-10,178.77999877929688,422.5186462402344,86.52548217773438
2023-07-11,179.4499969482422,425.20941162109375,86.97026824951172
2023-07-12,181.8800048828125,428.630615234375,87.93833923339844
2023-07-13,182.00999450683594,432.03265380859375,88.86280822753906
2023-07-14,181.42999267578125,431.7635498046875,88.33955383300781
2023-07-17,181.55999755859375,433.2627868652344,88.38313293457031
2023-07-18,183.63999938964844,436.48211669921875,88.78430938720703
2023-07-19,183.6699981689453,437.4527587890625,89.78726959228516
2023-07-20,182.74000549316406,434.55047607421875,88.6971206665039
2023-07-21,182.17999267578125,434.55047607421875,88.72328186035156
2023-07-24,181.39999389648438,436.49176025390625,88.40058898925781
2023-07-25,182.41000366210938,437.6834411621094,88.23487091064453
2023-07-26,183.3000030517578,437.7507019042969,88.32208251953125
2023-07-27,180.4199981689453,434.848388671875,86.60394287109375
2023-07-28,181.86000061035156,439.1057434082031,87.04875183105469
2023-07-31,182.35000610351562,439.9417724609375,87.25809478759766
2023-08-01,180.4600067138672,438.6828918457031,85.82816314697266
2023-08-02,179.60000610351562,432.5804138183594,84.909912109375
2023-08-03,179.5399932861328,431.3407287597656,82.95091247558594
2023-08-04,180.19000244140625,429.3898620605469,84.42015075683594
2023-08-07,179.77999877929688,433.1377868652344,83.58934020996094
2023-08-08,178.63999938964844,431.2542419433594,84.56011199951172
2023-08-09,177.7899932861328,428.3711853027344,84.99736785888672
2023-08-10,177.60000610351562,428.5249328613281,83.59809112548828
2023-08-11,177.60000610351562,428.2750244140625,83.40569305419922
2023-08-14,177.05999755859375,430.63922119140625,83.22203063964844
2023-08-15,176.58999633789062,425.62274169921875,82.71479034423828
2023-08-16,175.57000732421875,422.4994201660156,82.06761169433594
2023-08-17,175.3000030517578,419.2800598144531,81.71778869628906
2023-08-18,175.3300018310547,419.4817810058594,82.00639343261719
2023-08-21,175.80999755859375,422.2110900878906,80.91323852539062
2023-08-22,176.10000610351562,421.0675048828125,81.5341567993164
2023-08-23,177.88999938964844,425.75726318359375,83.55435943603516
2023-08-24,177.85000610351562,419.8566589355469,83.0033950805664
2023-08-25,177.6199951171875,422.81658935546875,83.27450561523438
2023-08-28,178.1300048828125,425.4977722167969,83.36195373535156
2023-08-29,179.8699951171875,431.6482238769531,84.2277603149414
2023-08-30,180.32000732421875,433.4261169433594,84.1402816772461
2023-08-31,180.02000427246094,432.7919006347656,84.5163803100586
2023-09-01,180.11000061035156,433.5990905761719,83.1997299194336
2023-09-05,178.63999938964844,431.7250671386719,82.03308868408203
2023-09-06,177.8300018310547,428.8228454589844,82.23483276367188
2023-09-07,178.02000427246094,427.5062561035156,82.46292114257812
2023-09-08,178.0800018310547,428.1501770019531,82.7786865234375
2023-09-11,178.41000366210938,430.9659423828125,82.18221282958984
2023-09-12,177.49000549316406,428.6017761230469,82.65589141845703
2023-09-13,177.0800018310547,429.1015625,82.63832092285156
2023-09-14,177.1699981689453,432.8014831542969,82.0418472290039
2023-09-15,178.33999633789062,427.5869140625,81.54187774658203
2023-09-18,179.38999938964844,427.83770751953125,82.00676727294922
2023-09-19,179.22000122070312,426.9504089355469,81.40153503417969
2023-09-20,179.35000610351562,423.0253601074219,81.65589141845703
2023-09-21,178.0500030517578,416.03338623046875,79.55944061279297
2023-09-22,178.6199951171875,415.0979309082031,80.1998062133789
2023-09-25,177.6999969482422,416.843505859375,78.22615814208984
2023-09-26,176.27999877929688,410.71954345703125,77.95423889160156
2023-09-27,174.10000610351562,410.88348388671875,77.55075073242188
2023-09-28,173.22999572753906,413.2655944824219,77.78759002685547
2023-09-29,171.4499969482422,412.2626037597656,77.79635620117188
2023-10-02,169.64999389648438,412.0986633300781,76.49402618408203
2023-10-03,169.16000366210938,406.582275390625,74.8485336303711
2023-10-04,169.13999938964844,409.5429382324219,75.90447235107422
2023-10-05,168.8300018310547,409.3886413574219,75.52610778808594
2023-10-06,169.6999969482422,414.249267578125,74.6109390258789
2023-10-09,172.82000732421875,416.9013366699219,76.36201477050781
2023-10-10,172.52999877929688,419.0712585449219,76.2564468383789
2023-10-11,173.7899932861328,420.78790283203125,77.84915924072266
2023-10-12,173.25999450683594,418.22259521484375,75.7372817993164
2023-10-13,178.8300018310547,416.1394958496094,77.09237670898438
2023-10-16,177.9600067138672,420.51788330078125,75.85166931152344
2023-10-17,178.2899932861328,420.49853515625,75.01569366455078
2023-10-18,180.8699951171875,414.89544677734375,74.35574340820312
2023-10-19,183.08999633789062,411.24993896484375,72.83343505859375
2023-10-20,183.58999633789062,406.1965026855469,73.24701690673828
2023-10-23,182.97000122070312,405.492431640625,74.12696075439453
2023-10-24,182.9499969482422,408.54962158203125,75.10369873046875
2023-10-25,183.72000122070312,402.6860046386719,73.4317855834961
2023-10-26,184.00999450683594,397.8641052246094,74.55813598632812
2023-10-27,186.14999389648438,396.06060791015625,74.24134063720703
2023-10-30,185.10000610351562,400.7958068847656,73.90699005126953
2023-10-31,184.08999633789062,403.31292724609375,73.54623413085938
2023-11-01,183.50999450683594,407.6141357421875,75.14083099365234
2023-11-02,184.1199951171875,415.4258117675781,76.8537826538086
2023-11-03,184.7899932861328,419.2159423828125,77.374755859375
2023-11-06,183.35000610351562,420.18035888671875,76.62422180175781
2023-11-07,182.58999633789062,421.3761901855469,77.75440979003906
2023-11-08,180.77000427246094,421.6847839355469,79.07890319824219
2023-11-09,181.49000549316406,418.3961486816406,77.25997161865234
2023-11-10,179.50999450683594,424.9251708984375,77.69261932373047
2023-11-13,180.50999450683594,424.5201110839844,77.51602935791016
2023-11-14,182.1199951171875,432.756103515625,79.27314758300781
2023-11-15,181.63999938964844,433.6723327636719,78.16058349609375
2023-11-16,183.69000244140625,434.2027587890625,79.13185119628906
2023-11-17,183.6699981689453,434.7427978515625,79.50271606445312
2023-11-20,183.3699951171875,438.0893249511719,79.98834991455078
2023-11-21,185.35000610351562,437.1344909667969,79.95301818847656
2023-11-22,184.55999755859375,438.82220458984375,80.235595703125
2023-11-24,185.52000427246094,439.0921936035156,79.29078674316406
2023-11-27,186.77000427246094,438.3014831542969,80.6152572631836
2023-11-28,189.25999450683594,438.73541259765625,80.77417755126953
2023-11-29,189.5399932861328,438.42681884765625,81.78959655761719
2023-11-30,188.75,440.153076171875,80.84485626220703
2023-12-01,192.00999450683594,442.7569885253906,82.3674545288086
2023-12-04,187.86000061035156,440.4327392578125,82.03971862792969
2023-12-05,187.14999389648438,440.34600830078125,83.80239868164062
2023-12-06,187.83999633789062,438.57147216796875,84.91847229003906
2023-12-07,188.14999389648438,441.91790771484375,84.43128204345703
2023-12-08,185.63999938964844,443.81781005859375,83.74040222167969
2023-12-11,183.58999633789062,445.5440673828125,83.56324005126953
2023-12-12,183.49000549316406,447.57904052734375,83.81126403808594
2023-12-13,187.6300048828125,453.7511291503906,85.77766418457031
2023-12-14,188.72999572753906,455.2074279785156,88.0090103149414
2023-12-15,187.0,454.45794677734375,88.10675048828125
2023-12-18,187.85000610351562,457.0142822265625,87.40471649169922
2023-12-19,189.1300048828125,459.7933349609375,87.87568664550781
2023-12-20,188.10000610351562,453.4218444824219,88.4710693359375
2023-12-21,189.42999267578125,457.72119140625,87.9112548828125
2023-12-22,190.27000427246094,458.6410217285156,87.5113754272461
2023-12-26,191.72000122070312,460.57763671875,87.76016998291016
2023-12-27,192.58999633789062,461.410400390625,89.31526947021484
2023-12-28,191.47000122070312,461.5847473144531,88.66657257080078
2023-12-29,191.1699981689453,460.2484130859375,87.86681365966797
2024-01-02,190.72000122070312,457.6727600097656,87.36029052734375
2024-01-03,189.1300048828125,453.9350280761719,87.72462463378906
2024-01-04,189.32000732421875,452.472900390625,86.39168548583984
2024-01-05,189.35000610351562,453.0926208496094,85.56529998779297
2024-01-08,187.8699951171875,459.5609436035156,86.40947723388672
2024-01-09,187.92999267578125,458.8637390136719,85.85852813720703
2024-01-10,187.5,461.45880126953125,85.45862579345703
2024-01-11,187.8699951171875,461.2554626464844,85.93852233886719
2024-01-12,189.7100067138672,461.5750427246094,85.76966094970703
2024-01-16,187.91000366210938,459.88043212890625,84.25901794433594
2024-01-17,185.83999633789062,457.3240966796875,84.12571716308594
2024-01-18,187.3699951171875,461.3909912109375,83.34373474121094
2024-01-19,187.92999267578125,467.1427917480469,83.61030578613281
2024-01-22,187.22000122070312,468.1304626464844,84.10797119140625
2024-01-23,187.9499969482422,469.49578857421875,83.44149017333984
2024-01-24,186.39999389648438,470.009033203125,82.95275115966797
2024-01-25,187.13999938964844,472.56536865234375,83.49478149414062
2024-01-26,187.00999450683594,471.9650573730469,83.3348388671875
2024-01-29,188.3300018310547,475.70269775390625,84.2945556640625
2024-01-30,188.58999633789062,475.3346862792969,85.05876922607422
2024-01-31,188.4499969482422,467.5785827636719,85.89408874511719
2024-02-01,190.41000366210938,473.6983337402344,87.57898712158203
2024-02-02,188.61000061035156,478.68511962890625,85.64446258544922
2024-02-05,187.57000732421875,476.942138671875,83.91500091552734
2024-02-06,188.5500030517578,478.326904296875,84.73515319824219
2024-02-07,188.5,482.3163146972656,84.32506561279297
2024-02-08,188.3300018310547,482.5293273925781,83.83475494384766
2024-02-09,187.60000610351562,485.3180236816406,83.66539764404297
2024-02-12,187.11000061035156,485.1050109863281,83.763427734375
2024-02-13,184.52999877929688,478.4236755371094,82.32815551757812
2024-02-14,184.4199981689453,482.7713623046875,82.74714660644531
2024-02-15,185.66000366210938,486.1024169921875,83.1750717163086
2024-02-16,186.33999633789062,483.68157958984375,82.69367218017578
2024-02-20,187.47000122070312,481.0187683105469,82.76496887207031
2024-02-21,187.47999572753906,481.4544677734375,82.1766128540039
2024-02-22,187.55999755859375,491.41839599609375,82.5777587890625
2024-02-23,188.6199951171875,491.7572937011719,83.68321228027344
2024-02-26,188.1999969482422,489.9562683105469,83.43359375
2024-02-27,188.0,490.866455078125,82.84520721435547
2024-02-28,188.33999633789062,490.21771240234375,83.3711929321289
2024-02-29,189.30999755859375,491.9800109863281,83.9595718383789
2024-03-01,192.88999938964844,496.5988464355469,84.48270416259766
2024-03-04,196.00999450683594,496.0662841796875,84.14289093017578
2024-03-05,197.19000244140625,491.1085510253906,85.3412094116211
2024-03-06,198.80999755859375,493.5971374511719,85.84203338623047
2024-03-07,199.94000244140625,498.49676513671875,85.76155090332031
2024-03-08,201.6300048828125,495.504638671875,85.60950469970703
2024-03-11,202.0,495.07861328125,85.56480407714844
2024-03-12,199.7899932861328,500.40435791015625,84.84937286376953
2024-03-13,201.19000244140625,499.6199951171875,84.43800354003906
2024-03-14,200.35000610351562,498.6322937011719,83.14131164550781
2024-03-15,199.7100067138672,495.2084655761719,83.1144790649414
2024-03-18,200.02999877929688,498.15155029296875,82.86407470703125
2024-03-19,199.8000030517578,500.9197998046875,83.09657287597656
2024-03-20,202.17999267578125,505.5530090332031,83.06976318359375
2024-03-21,201.97000122070312,507.22369384765625,83.24860382080078
2024-03-22,200.35000610351562,506.2621765136719,84.04452514648438
2024-03-25,200.99000549316406,504.86334228515625,83.62420654296875
2024-03-26,201.63999938964844,503.9308776855469,83.85671997070312
2024-03-27,203.10000610351562,508.1658020019531,84.68839263916016
2024-03-28,205.72000122070312,508.0688171386719,84.61687469482422
2024-04-01,207.82000732421875,507.1847839355469,83.0395278930664
2024-04-02,210.88999938964844,503.96002197265625,82.58192443847656
2024-04-03,212.74000549316406,504.5136413574219,82.56398010253906
2024-04-04,211.52000427246094,498.3554992675781,83.15615844726562
2024-04-05,215.13999938964844,503.561767578125,81.99872589111328
2024-04-08,216.47999572753906,503.843505859375,81.9897232055664
2024-04-09,217.6699981689453,504.42633056640625,82.75240325927734
2024-04-10,215.61000061035156,499.3753967285156,80.94893646240234
2024-04-11,219.8000030517578,503.1440734863281,80.58106231689453
2024-04-12,216.88999938964844,496.1991882324219,81.01176452636719
2024-04-15,220.9499969482422,489.9827880859375,79.75562286376953
2024-04-16,221.22000122070312,489.089111328125,79.22625732421875
2024-04-17,219.58999633789062,486.1945495605469,80.10553741455078
2024-04-18,220.33999633789062,485.194091796875,79.70179748535156
2024-04-19,221.02999877929688,480.95916748046875,79.98889923095703
2024-04-22,215.57000732421875,485.388427734375,79.85432434082031
2024-04-23,215.0399932861328,491.1482849121094,79.88121032714844
2024-04-24,214.63999938964844,490.9151916503906,79.31599426269531
2024-04-25,215.9199981689453,489.0502624511719,78.75969696044922
2024-04-26,216.6199951171875,493.6835021972656,79.17240142822266
2024-04-29,216.17999267578125,495.43182373046875,79.83637237548828
2024-04-30,211.8699951171875,487.58355712890625,79.15444946289062
2024-05-01,213.7899932861328,486.0003356933594,79.73789978027344
2024-05-02,213.1300048828125,490.5461120605469,80.08003997802734
2024-05-03,212.9600067138672,496.6265563964844,80.8904037475586
2024-05-06,215.1999969482422,501.7551574707031,81.20552825927734
2024-05-07,214.2100067138672,502.30877685546875,81.70073699951172
2024-05-08,213.5800018310547,502.3573303222656,81.20552825927734
2024-05-09,216.9499969482422,505.2518615722656,81.60171508789062
2024-05-10,218.7100067138672,505.9026184082031,81.14252471923828
2024-05-13,216.25999450683594,505.9706115722656,81.34959411621094
2024-05-14,218.08999633789062,508.2920837402344,81.80879974365234
2024-05-15,220.88999938964844,514.5863037109375,82.92526245117188
2024-05-16,220.02999877929688,513.5275268554688,82.84423828125
2024-05-17,223.66000366210938,514.2658081054688,82.28600311279297
2024-05-20,224.55999755859375,514.8582763671875,82.04290008544922
2024-05-21,224.22999572753906,516.1209716796875,82.466064453125
2024-05-22,220.11000061035156,514.6348266601562,82.56512451171875
2024-05-23,215.72000122070312,510.8758544921875,82.03388214111328
2024-05-24,215.9199981689453,514.2559814453125,82.27696990966797
2024-05-28,218.19000244140625,514.6154174804688,81.09750366210938
2024-05-29,216.16000366210938,511.0118408203125,80.11608123779297
2024-05-30,216.57000732421875,507.6219177246094,80.8904037475586
2024-05-31,215.3000030517578,512.245361328125,81.43963623046875
2024-06-03,217.22000122070312,512.6631469726562,82.75689697265625
2024-06-04,215.27000427246094,513.2362060546875,83.72358703613281
2024-06-05,217.82000732421875,519.3359985351562,84.33793640136719
2024-06-06,219.42999267578125,519.3262939453125,84.21145629882812
2024-06-07,211.60000610351562,518.6950073242188,82.66655731201172
2024-06-10,213.5399932861328,520.297607421875,82.11543273925781
2024-06-11,214.14999389648438,521.550537109375,82.96468353271484
2024-06-12,214.72000122070312,525.8341674804688,83.58805847167969
2024-06-13,212.97000122070312,526.8929443359375,84.81678009033203
2024-06-14,215.72999572753906,527.2135009765625,85.53050994873047
2024-06-17,214.61000061035156,531.4095458984375,84.6812515258789
2024-06-18,215.47000122070312,532.7596435546875,85.45822143554688
2024-06-20,218.16000366210938,531.3124389648438,84.8890380859375
2024-06-21,214.77999877929688,530.6000366210938,84.8890380859375
2024-06-24,215.6300048828125,528.875244140625,85.23234558105469
2024-06-25,214.55999755859375,530.9119873046875,85.37691497802734
2024-06-26,212.5800018310547,531.5745849609375,84.15725708007812
2024-06-27,214.99000549316406,532.4126586914062,84.49151611328125
2024-06-28,215.00999450683594,530.3174438476562,82.91949462890625
2024-07-01,215.57000732421875,531.408935546875,81.48841857910156
2024-07-02,215.55999755859375,534.985107421875,82.1228256225586
2024-07-03,217.99000549316406,537.3724975585938,83.20137786865234
2024-07-05,220.92999267578125,540.4713134765625,83.89017486572266
2024-07-08,218.19000244140625,541.094970703125,84.07147216796875
2024-07-09,218.55999755859375,541.6212158203125,83.69984436035156
2024-07-10,219.36000061035156,546.9806518554688,83.96269226074219
2024-07-11,223.25,542.2642211914062,84.7784194946289
2024-07-12,223.11000061035156,545.6845703125,85.14093017578125
2024-07-15,223.8300018310547,547.1853637695312,84.1620864868164
2024-07-16,228.2899932861328,550.4302368164062,85.3493881225586
2024-07-17,227.22999572753906,542.7125854492188,85.36750793457031
2024-07-18,225.77999877929688,538.5419311523438,84.7149658203125
2024-07-19,221.72999572753906,534.9656372070312,84.21646881103516
2024-07-22,221.8000030517578,540.4810791015625,83.97174835205078
2024-07-23,222.5800018310547,539.6333618164062,83.85393524169922
2024-07-24,221.8000030517578,527.4038696289062,82.94760131835938
2024-07-25,218.3300018310547,524.6558837890625,83.62734985351562
2024-07-26,220.6300048828125,530.5319213867188,84.2799072265625
2024-07-29,220.32000732421875,530.8436279296875,84.73307800292969
2024-07-30,222.52000427246094,528.1542358398438,85.0593490600586
2024-07-31,226.5500030517578,536.7391967773438,85.92943572998047
2024-08-01,225.77000427246094,529.138427734375,86.67057037353516
2024-08-02,225.33999633789062,519.2866821289062,89.37135314941406
2024-08-05,222.47999572753906,504.1631774902344,89.84420776367188
2024-08-06,220.6999969482422,508.81134033203125,87.83454132080078
2024-08-07,220.5500030517578,505.410400390625,87.2161865234375
2024-08-08,224.00999450683594,517.09423828125,86.67965698242188
2024-08-09,224.55999755859375,519.3743896484375,87.53443908691406
2024-08-12,228.41000366210938,519.6472778320312,87.85272979736328
2024-08-13,228.05999755859375,528.1932373046875,88.46199035644531
2024-08-14,226.1999969482422,529.8594970703125,89.01670837402344
2024-08-15,226.91000366210938,538.9414672851562,88.29832458496094
2024-08-16,231.99000549316406,540.149658203125,88.60749816894531
2024-08-19,231.61000061035156,545.3143920898438,89.01670837402344
2024-08-20,232.4600067138672,544.427734375,89.72599029541016
2024-08-21,232.14999389648438,546.298583984375,89.78056335449219
2024-08-22,229.3699951171875,542.0109252929688,88.889404296875
2024-08-23,232.02000427246094,547.77001953125,89.47136688232422
2024-08-26,232.75999450683594,546.4642333984375,89.24403381347656
2024-08-27,233.38999938964844,547.2145385742188,89.08946228027344
2024-08-28,231.75,544.0377807617188,88.98033142089844
2024-08-29,232.9499969482422,544.0865478515625,88.68931579589844
2024-08-30,231.2899932861328,549.2804565429688,87.74358367919922
2024-09-03,230.2899932861328,537.9766845703125,89.17867279052734
2024-09-04,230.42999267578125,536.8755493164062,90.32817840576172
2024-09-05,232.35000610351562,535.56982421875,90.83908081054688
2024-09-06,230.6300048828125,526.5560302734375,90.8299560546875
2024-09-09,231.60000610351562,532.4515991210938,91.22224426269531
2024-09-10,232.6199951171875,534.770751953125,91.86087799072266
2024-09-11,232.25,540.2568969726562,91.78790283203125
2024-09-12,236.3300018310547,544.8077392578125,91.35909271240234
2024-09-13,238.67999267578125,547.6529541015625,91.60543060302734
2024-09-16,238.66000366210938,548.4618530273438,92.44473266601562
2024-09-17,237.33999633789062,548.6859741210938,91.99772644042969
2024-09-18,235.50999450683594,547.0586547851562,90.85733032226562
2024-09-19,239.1699981689453,556.393798828125,90.5562515258789
2024-09-20,242.2100067138672,555.4320068359375,90.2095947265625
2024-09-23,242.67999267578125,556.820068359375,90.01799774169922
2024-09-24,246.07000732421875,558.413330078125,89.99977111816406
2024-09-25,245.72999572753906,557.1817016601562,89.25167083740234
2024-09-26,246.97999572753906,559.390625,89.46147918701172
2024-09-27,245.02000427246094,558.579345703125,89.92676544189453
2024-09-30,243.05999755859375,560.81787109375,89.49798583984375
2024-10-01,245.61000061035156,555.7937622070312,90.14415740966797
2024-10-02,245.66000366210938,556.0282592773438,89.38448333740234
2024-10-03,245.49000549316406,555.0118408203125,88.54243469238281
2024-10-04,245.0,560.0552978515625,87.45329284667969
2024-10-07,244.1699981689453,554.9922485351562,86.7942886352539
2024-10-08,242.3699951171875,560.2410278320312,86.94073486328125
2024-10-09,241.0500030517578,564.1214599609375,86.44649505615234
2024-10-10,242.82000732421875,563.1343383789062,86.10783386230469
2024-10-11,245.47000122070312,566.506591796875,85.76006317138672
2024-10-14,245.07000732421875,571.1395874023438,85.82411193847656
2024-10-15,245.9199981689453,566.7019653320312,86.86753845214844
2024-10-16,247.14999389648438,569.1652221679688,87.2336196899414
2024-10-17,248.6300048828125,569.214111328125,85.85159301757812
2024-10-18,251.27000427246094,571.403564453125,85.91564178466797
2024-10-21,251.22000122070312,570.4652099609375,84.41461181640625
2024-10-22,253.92999267578125,570.1622314453125,84.49699401855469
2024-10-23,250.8699951171875,564.9523315429688,84.26815795898438
2024-10-24,252.8000030517578,566.1741943359375,84.8082046508789
2024-10-25,253.32000732421875,565.9786987304688,84.33223724365234
2024-10-28,253.3300018310547,567.7283325195312,84.1034164428711
2024-10-29,256.0899963378906,568.6471557617188,84.23155212402344
2024-10-30,257.5,566.9268798828125,84.47869110107422
2024-10-31,253.50999450683594,555.8132934570312,84.61598205566406
2024-11-01,252.47000122070312,558.1590576171875,83.42301177978516
2024-11-04,252.8300018310547,556.9569091796875,84.71791076660156
2024-11-05,253.39999389648438,563.6915283203125,85.16789245605469
2024-11-06,245.6999969482422,577.7080688476562,82.83528900146484
2024-11-07,249.64999389648438,582.1749267578125,83.87303924560547
2024-11-08,247.9600067138672,584.6967163085938,84.93830108642578
2024-11-11,242.13999938964844,585.25390625,84.52507019042969
2024-11-12,240.0500030517578,583.435791015625,83.25773620605469
2024-11-13,237.6300048828125,583.7193603515625,82.46795654296875
2024-11-14,237.00999450683594,579.9658203125,82.94549560546875
2024-11-15,236.58999633789062,572.537353515625,82.72509002685547
2024-11-18,241.08999633789062,574.8832397460938,82.87202453613281
2024-11-19,243.25,576.9847412109375,83.29446411132812
2024-11-20,244.6199951171875,577.18017578125,83.02815246582031
2024-11-21,246.66000366210938,580.2786865234375,82.96385955810547
2024-11-22,249.83999633789062,582.0772094726562,83.009765625
2024-11-25,242.47999572753906,584.0517578125,85.15872955322266
2024-11-26,242.9499969482422,587.1012573242188,84.8281021118164
2024-11-27,243.49000549316406,585.3223266601562,85.41585540771484
2024-11-29,245.58999633789062,588.9584350585938,86.29747009277344
2024-12-02,243.44000244140625,590.0140380859375,86.50482940673828
2024-12-03,243.92999267578125,590.2876586914062,85.75835418701172
2024-12-04,244.6699981689453,593.953125,86.6799087524414
2024-12-05,242.86000061035156,592.9755249023438,86.85501098632812
2024-12-06,242.9499969482422,594.0997924804688,86.98400115966797
2024-12-09,245.36000061035156,591.0403442382812,86.18228149414062
2024-12-10,248.58999633789062,589.2026977539062,85.77680206298828
2024-12-11,250.9600067138672,593.7576904296875,84.9658432006836
2024-12-12,247.27999877929688,590.6981811523438,83.9337387084961
2024-12-13,244.2899932861328,590.5810546875,83.07669067382812
2024-12-16,244.8800048828125,593.1027221679688,83.32553100585938
2024-12-17,243.94000244140625,590.6591186523438,83.52825164794922
2024-12-18,239.25999450683594,573.055419921875,82.4837875366211
2024-12-19,239.60000610351562,572.8795166015625,81.23487091064453
2024-12-20,242.10000610351562,579.7603149414062,81.69741821289062
2024-12-23,240.9600067138672,583.2321166992188,80.94807434082031
2024-12-24,241.44000244140625,589.7147216796875,81.2903823852539
2024-12-26,243.07000732421875,589.7539672851562,81.2441177368164
2024-12-27,241.39999389648438,583.5458374023438,80.57804870605469
2024-12-30,240.6300048828125,576.88671875,81.22563171386719
2024-12-31,242.1300048828125,574.7880249023438,80.79080963134766
2025-01-02,245.4199981689453,573.375732421875,81.01284790039062
2025-01-03,243.49000549316406,580.5448608398438,80.75381469726562
2025-01-06,243.19000244140625,583.8892822265625,80.39300537109375
2025-01-07,244.55999755859375,577.2888793945312,79.48640441894531
2025-01-08,245.86000061035156,578.1322631835938,79.58816528320312
2025-01-10,248.2100067138672,569.3056030273438,79.06085205078125
2025-01-13,245.74000549316406,570.1883544921875,79.03309631347656
2025-01-14,247.02999877929688,570.9729614257812,78.903564453125
2025-01-15,248.8800048828125,581.3589477539062,80.26349639892578
2025-01-16,250.60000610351562,580.2408447265625,80.52253723144531
2025-01-17,249.27000427246094,586.0665283203125,80.66128540039062
2025-01-21,253.1300048828125,591.4309692382812,81.38289642333984
2025-01-22,254.42999267578125,594.7557373046875,80.95733642578125
2025-01-23,254.07000732421875,598.0018310546875,80.3282699584961
2025-01-24,255.64999389648438,596.256103515625,80.68904113769531
2025-01-27,252.99000549316406,587.8218383789062,81.64191436767578
2025-01-28,255.17999267578125,592.8726806640625,81.58642578125
2025-01-29,254.1999969482422,590.2149047851562,81.4198989868164
2025-01-30,258.04998779296875,593.382568359375,81.7251968383789
2025-01-31,258.55999755859375,590.2246704101562,81.1886215209961
2025-02-03,259.94000244140625,586.2527465820312,81.84967041015625
2025-02-04,262.5,590.1854248046875,82.10032653808594
2025-02-05,264.1300048828125,592.5784301757812,83.45582580566406
2025-02-06,263.42999267578125,594.6380004882812,83.41869354248047
2025-02-07,263.8999938964844,589.1949462890625,82.88021087646484
2025-02-10,268.3699951171875,593.1962280273438,82.6295166015625
2025-02-11,267.3900146484375,593.6473388671875,82.10032653808594
2025-02-12,267.6700134277344,591.7350463867188,80.9862289428711
2025-02-13,270.30999755859375,597.9822387695312,82.33244323730469
2025-02-14,266.2900085449219,597.9530029296875,82.7687759399414
2025-02-18,270.70001220703125,599.7083129882812,81.7939453125
2025-02-19,270.8500061035156,601.1206665039062,81.89608001708984
2025-02-20,270.989990234375,598.6198120117188,82.20243835449219
2025-02-21,270.739990234375,588.3809204101562,83.19586181640625
2025-02-24,272.2099914550781,585.7034912109375,83.437255859375
2025-02-25,268.6199951171875,582.7906494140625,84.87631225585938
2025-02-26,269.0299987792969,583.0849609375,85.3776626586914
2025-02-27,264.92999267578125,573.7777099609375,84.77418518066406
2025-02-28,263.2699890136719,582.73193359375,85.81403350830078
2025-03-03,266.739990234375,572.5225219726562,86.21451568603516
2025-03-04,269.05999755859375,565.74560546875,85.15277099609375
2025-03-05,269.6199951171875,571.826171875,84.47286987304688
2025-03-06,268.25,561.675537109375,84.1934814453125
2025-03-07,268.3900146484375,564.8236694335938,83.92338562011719
2025-03-10,266.0400085449219,549.7791748046875,84.7988510131836
2025-03-11,269.1600036621094,545.2090454101562,84.1934814453125
2025-03-12,270.3299865722656,548.1021728515625,83.69056701660156
2025-03-13,275.1300048828125,540.795654296875,84.42632293701172
2025-03-14,275.239990234375,551.96630859375,83.97927856445312
2025-03-17,276.7300109863281,556.2227172851562,84.39839172363281
2025-03-18,279.9599914550781,550.2108764648438,84.4822006225586
2025-03-19,281.1099853515625,556.2030639648438,84.91990661621094
2025-03-20,280.75,554.5946044921875,84.97581481933594
2025-03-21,278.489990234375,554.777587890625,84.47286987304688
2025-03-24,277.25,564.712890625,83.60673522949219
2025-03-25,278.4700012207031,566.0703735351562,83.59742736816406
2025-03-26,278.239990234375,559.3125,83.04792785644531
2025-03-27,281.9700012207031,557.8271484375,82.8057861328125
2025-03-28,284.05999755859375,546.5933227539062,83.95133972167969
2025-03-31,288.1400146484375,550.2625732421875,84.78022766113281
2025-04-01,287.57000732421875,551.8167724609375,85.514892578125
2025-04-02,288.1600036621094,555.308837890625,85.45882415771484
2025-04-03,286.4200134277344,527.9427490234375,85.85137176513672
2025-04-04,279.7200012207031,497.035400390625,86.78608703613281
2025-04-07,273.7099914550781,496.1501159667969,84.16893768310547
2025-04-08,275.20001220703125,488.3790588378906,82.57997131347656
2025-04-09,285.3800048828125,539.6682739257812,83.06600189208984
2025-04-10,292.3500061035156,516.0205078125,80.7760009765625
2025-04-11,297.92999267578125,525.2278442382812,81.21530151367188
2025-04-14,296.2300109863281,530.3232421875,81.79483032226562
2025-04-15,297.7799987792969,528.837890625,82.08457946777344
2025-04-16,307.4700012207031,517.0828857421875,82.54257202148438
2025-04-17,306.1199951171875,517.8206176757812,81.81351470947266
2025-04-21,315.5899963378906,505.4951171875,80.38341522216797
2025-04-22,311.1099853515625,518.64697265625,80.83209991455078
2025-04-23,303.6499938964844,526.6837158203125,81.61722564697266
2025-04-24,308.07000732421875,537.769775390625,82.47716522216797
2025-04-25,304.7300109863281,541.6553344726562,83.08470916748047
2025-04-28,309.07000732421875,541.86181640625,83.6081314086914
2025-04-29,306.05999755859375,545.2752685546875,84.30915069580078
2025-04-30,303.7699890136719,545.49169921875,83.6268081665039
2025-05-01,297.4599914550781,549.3575439453125,83.20278930664062
2025-05-02,297.9800109863281,557.5122680664062,82.30217742919922
2025-05-05,306.8800048828125,554.3153686523438,81.84249114990234
2025-05-06,315.4800109863281,549.6821899414062,82.11454772949219
2025-05-07,310.75,551.9938354492188,82.46166229248047
2025-05-08,304.6300048828125,555.840087890625,81.54229736328125
2025-05-09,306.8399963378906,555.1318359375,81.66426086425781
2025-05-12,298.19000244140625,573.4774169921875,80.90437316894531
2025-05-13,299.4599914550781,577.2645874023438,80.57601928710938
2025-05-14,293.1600036621094,578.00244140625,80.04126739501953
2025-05-15,297.8399963378906,580.8256225585938,80.74486541748047
2025-05-16,294.239990234375,584.5045166015625,80.96066284179688
2025-05-19,298.0299987792969,585.1439819335938,80.72611999511719
2025-05-20,303.5799865722656,583.1765747070312,80.14447021484375
2025-05-21,305.82000732421875,573.3496704101562,78.77481842041016
2025-05-22,303.1099853515625,573.5758666992188,79.18759155273438
2025-05-23,309.75,569.6607666015625,79.31891632080078
2025-05-27,304.5,581.5043334960938,80.42591857910156
2025-05-28,303.80999755859375,578.1400756835938,80.07881927490234
2025-05-29,305.6099853515625,580.4221801757812,80.81993103027344
2025-05-30,303.6000061035156,579.7730712890625,80.94187927246094
2025-06-02,311.6700134277344,583.038818359375,80.18859100341797
2025-06-03,308.9100036621094,586.3637084960938,80.04733276367188
2025-06-04,310.8999938964844,586.206298828125,81.34678649902344
2025-06-05,309.3299865722656,583.3733520507812,81.40327453613281
2025-06-06,305.17999267578125,589.3639526367188,80.36751556396484
2025-06-09,306.6199951171875,589.8950805664062,80.4522476196289
2025-06-10,306.7099914550781,593.23974609375,80.86654663085938
2025-06-11,308.3699951171875,591.547607421875,81.11138916015625
2025-06-12,312.20001220703125,593.898681640625,82.08126068115234
2025-06-13,316.2900085449219,587.2588500976562,81.29029846191406
2025-06-16,311.7799987792969,592.84619140625,80.47107696533203
2025-06-17,311.94000244140625,587.7802734375,81.45036315917969
2025-06-18,310.260009765625,587.6917114257812,81.59160614013672
2025-06-20,310.1300048828125,586.3114624023438,81.4409408569336
2025-06-23,311.0799865722656,592.102783203125,81.70459747314453
2025-06-24,306.19000244140625,598.6438598632812,82.29782104492188
2025-06-25,307.1199951171875,598.9793090820312,82.40140533447266
2025-06-26,306.7799987792969,603.6655883789062,82.81571197509766
2025-06-27,301.2200012207031,606.664794921875,82.28840637207031
2025-06-30,304.8299865722656,609.5653076171875,83.09821319580078
2025-07-01,307.54998779296875,609.3681030273438,83.30424499511719
2025-07-02,309.25,612.1305541992188,82.77496337890625
2025-07-03,307.1400146484375,616.9550170898438,82.19843292236328
2025-07-07,307.3699951171875,612.357421875,81.41397857666016
2025-07-08,304.1600036621094,612.0220336914062,81.31000518798828
2025-07-09,305.5199890136719,615.6920776367188,82.16062927246094
2025-07-10,306.20001220703125,617.4285888671875,82.21733093261719
2025-07-11,309.1400146484375,615.2579956054688,81.08317565917969
2025-07-14,308.010009765625,616.43212890625,80.91304779052734
2025-07-15,306.7300109863281,613.7979125976562,80.34596252441406
2025-07-16,308.260009765625,615.8499755859375,80.45938110351562
2025-07-17,307.5899963378906,619.6187744140625,80.44048309326172
2025-07-18,308.3900146484375,619.1649169921875,80.56334686279297
2025-07-21,313.1300048828125,620.3389892578125,81.2816390991211
2025-07-22,316.1000061035156,620.427734375,81.77312469482422
2025-07-23,312.17999267578125,625.7060546875,81.31945037841797
2025-07-24,310.2699890136719,625.9132080078125,81.17770385742188
2025-07-25,307.3999938964844,628.5571899414062,81.68805694580078
2025-07-28,305.4100036621094,628.3993530273438,81.1588134765625
2025-07-29,306.25,626.741943359375,82.52922821044922
2025-07-30,300.9599914550781,625.9527587890625,82.10391998291016
2025-07-31,302.9599914550781,623.6046142578125,82.15118408203125
2025-08-01,309.1099853515625,613.3834228515625,83.319091796875
2025-08-04,310.9100036621094,622.7067260742188,83.54678344726562
2025-08-05,311.1600036621094,619.5496215820312,83.80294799804688
2025-08-06,310.5,624.295166015625,83.319091796875
2025-08-07,313.1199951171875,623.7722778320312,83.17676544189453
2025-08-08,313.04998779296875,628.6362915039062,82.81624603271484
2025-08-11,308.54998779296875,627.3931274414062,82.91112518310547
2025-08-12,308.2699890136719,634.0723266601562,82.49365997314453
2025-08-13,309.2099914550781,636.2427978515625,83.17676544189453
2025-08-14,307.25,636.302001953125,82.56007385253906
2025-08-15,307.42999267578125,634.8123168945312,81.97186279296875
2025-08-18,306.95001220703125,634.6741333007812,81.73468780517578
2025-08-19,305.2699890136719,631.2310180664062,82.20905303955078
2025-08-20,308.3599853515625,629.5537719726562,82.38931274414062
2025-08-21,307.2900085449219,627.028076171875,81.98135375976562
2025-08-22,310.5799865722656,636.6571655273438,82.58855438232422
2025-08-25,309.8299865722656,633.855224609375,82.35136413574219
2025-08-26,312.0799865722656,636.5091552734375,82.30392456054688
2025-08-27,312.7099914550781,637.9595336914062,82.20905303955078
2025-08-28,315.0299987792969,640.2186889648438,82.74983215332031
2025-08-29,318.07000732421875,636.400634765625,82.16161346435547
2025-09-02,325.5899963378906,631.6847534179688,81.55020904541016
2025-09-03,328.1400146484375,635.108154296875,82.44540405273438
2025-09-04,326.69000244140625,640.4161376953125,83.073974609375
2025-09-05,331.04998779296875,638.561279296875,84.34061431884766
2025-09-08,334.82000732421875,640.1300048828125,85.46438598632812
2025-09-09,334.05999755859375,641.60986328125,84.97869110107422
2025-09-10,335.260009765625,643.4646606445312,85.46438598632812
2025-09-11,334.760009765625,648.81201171875,86.0357894897461
2025-09-12,335.4200134277344,648.5950317382812,85.66438293457031
2025-09-15,338.9100036621094,652.0479736328125,85.8643798828125
2025-09-16,339.5899963378906,651.1502075195312,86.04533386230469
2025-09-17,336.9700012207031,650.3412475585938,85.82627868652344
2025-09-18,335.6199951171875,653.3798828125,84.94058227539062
2025-09-19,339.17999267578125,656.615966796875,84.77869415283203
2025-09-22,345.04998779296875,659.7225341796875,84.47392272949219
2025-09-23,346.4599914550781,656.1312255859375,85.06439971923828
2025-09-24,343.32000732421875,654.043701171875,84.74059295654297
2025-09-25,344.75,651.0263061523438,84.74059295654297
2025-09-26,346.739990234375,654.756103515625,84.66439819335938
2025-09-29,352.4599914550781,656.59619140625,85.359619140625
2025-09-30,355.4700012207031,659.0695190429688,85.11200714111328
2025-10-01,356.0299987792969,661.3153686523438,85.3318099975586
2025-10-02,354.7900085449219,662.0769653320312,85.5802993774414
2025-10-03,357.6400146484375,662.0672607421875,85.41780853271484
2025-10-06,364.3800048828125,664.4415283203125,84.73930358886719
2025-10-07,366.260009765625,661.9780883789062,85.22669219970703
2025-10-08,372.29998779296875,665.925537109375,85.2935791015625
2025-10-09,365.42999267578125,663.9963989257812,85.22669219970703
2025-10-10,369.1199951171875,646.050048828125,86.60285949707031
2025-10-13,378.0899963378906,655.9630126953125,86.5550765991211
2025-10-14,380.7900085449219,655.1616821289062,86.83222198486328
2025-10-15,387.3900146484375,658.0703125,86.64108276367188
2025-10-16,396.45001220703125,653.5886840820312,87.29094696044922
2025-10-17,388.989990234375,657.298583984375,87.15714263916016
2025-10-20,403.1499938964844,664.1348266601562,87.49164581298828
2025-10-21,377.239990234375,664.1249389648438,87.92167663574219
2025-10-22,377.2799987792969,660.6721801757812,87.9790267944336
2025-10-23,378.7900085449219,664.5899658203125,87.37694549560547
2025-10-24,377.5199890136719,670.0213623046875,87.41516876220703
2025-10-27,367.010009765625,677.926025390625,87.71143341064453
2025-10-28,364.3800048828125,679.7266235351562,87.94078063964844
2025-10-29,363.0,680.0531616210938,87.0520248413086
2025-10-30,370.1300048828125,672.5739135742188,86.5455093383789
2025-10-31,368.1199951171875,674.780029296875,86.28748321533203
2025-11-03,368.7799987792969,676.0463256835938,86.07169342041016
2025-11-04,362.32000732421875,668.0327758789062,86.26350402832031
2025-11-05,366.510009765625,670.3478393554688,85.32356262207031
2025-11-06,366.07000732421875,663.1553955078125,86.09086608886719
2025-11-07,368.30999755859375,663.808349609375,85.90864562988281
2025-11-10,378.3800048828125,674.1665649414062,85.88945770263672
2025-11-11,379.8699951171875,675.7099609375,86.28269958496094
2025-11-12,385.989990234375,676.0859985351562,86.43614959716797
2025-11-13,382.8699951171875,664.8670043945312,85.72638702392578
2025-11-14,375.9599914550781,664.758056640625,85.23725128173828
2025-11-17,371.6499938964844,658.56494140625,85.44825744628906
2025-11-18,374.3500061035156,653.0346069335938,85.41948699951172
2025-11-19,374.9599914550781,655.5574340820312,85.24683380126953
2025-11-20,374.8500061035156,645.5652465820312,85.5825424194336
2025-11-21,374.2699890136719,651.9959106445312,85.84149169921875
2025-11-24,380.20001220703125,661.59228515625,86.33065795898438
2025-11-25,380.0799865722656,667.8152465820312,86.55126190185547
2025-11-26,383.1199951171875,672.4254150390625,86.93489074707031
2025-11-28,387.8800048828125,676.0958251953125,86.5224838256836
2025-12-01,389.75,673.0091552734375,85.44538116455078
2025-12-02,387.239990234375,674.2556762695312,85.48387145996094
2025-12-03,386.8800048828125,676.5905151367188,85.72451782226562
2025-12-04,387.1300048828125,677.085205078125,85.26249694824219
2025-12-05,386.44000244140625,678.3712768554688,84.86785125732422
2025-12-08,385.4200134277344,676.3333129882812,84.58871459960938
2025-12-09,387.3999938964844,675.7495727539062,84.67533874511719
2025-12-10,389.04998779296875,680.2312622070312,85.00260925292969
2025-12-11,393.239990234375,681.8140869140625,84.88710021972656
2025-12-12,395.44000244140625,674.4832153320312,84.06892395019531
2025-12-15,395.79998779296875,673.4641723632812,84.1266860961914
2025-12-16,395.8900146484375,671.6240844726562,84.58871459960938
2025-12-17,399.2900085449219,664.23388671875,84.51171112060547
2025-12-18,398.57000732421875,669.2496337890625,84.91598510742188
2025-12-19,399.0199890136719,675.3153686523438,84.59903717041016
2025-12-22,408.2300109863281,679.5225219726562,84.41544342041016
2025-12-23,413.6400146484375,682.6282348632812,84.55071258544922
2025-12-24,411.92999267578125,685.0294799804688,85.0628433227539
2025-12-26,416.739990234375,684.9600219726562,84.78262329101562
2025-12-29,398.6000061035156,682.51904296875,85.10150146484375
2025-12-30,398.8900146484375,681.685546875,84.8985824584961
2025-12-31,396.30999755859375,676.635009765625,84.22218322753906
2026-01-02,398.2799987792969,677.8753051757812,84.0965576171875
2026-01-05,408.760009765625,682.3900756835938,84.51206970214844
2026-01-06,413.17999267578125,686.4484252929688,84.338134765625
2026-01-07,409.2300109863281,684.2356567382812,84.8309555053711
2026-01-08,411.489990234375,684.1661987304688,84.40577697753906
2026-01-09,414.4700012207031,688.69091796875,84.96623229980469
2026-01-12,422.2300109863281,689.7723999023438,84.71499633789062
2026-01-13,421.6300048828125,688.3931884765625,84.85993194580078
2026-01-14,425.94000244140625,685.009521484375,85.3527603149414
2026-01-15,423.3299865722656,686.875,85.33341217041016
2026-01-16,421.2900085449219,686.299560546875,84.84062194824219
2026-01-20,437.2300109863281,672.3286743164062,83.7293701171875
2026-01-21,443.6000061035156,680.088134765625,84.36712646484375
2026-01-22,451.7900085449219,683.6402587890625,84.73431396484375
2026-01-23,458.0,683.8883056640625,84.96623229980469
2026-01-26,464.70001220703125,687.3612060546875,85.37208557128906
2026-01-27,476.1000061035156,690.099853515625,84.84062194824219
2026-01-28,494.55999755859375,690.0303955078125,84.64734649658203
2026-01-29,495.8999938964844,688.6610717773438,84.66668701171875
2026-01-30,444.95001220703125,686.6071166992188,84.19318389892578
2026-02-02,427.1300048828125,690.0203857421875,83.95264434814453
2026-02-03,454.2900085449219,684.18603515625,84.15634155273438
2026-02-04,453.9700012207031,680.8719482421875,83.94293212890625
2026-02-05,441.8800048828125,672.3682861328125,84.85472869873047
2026-02-06,455.4599914550781,685.2676391601562,84.91293334960938
2026-02-09,467.0299987792969,688.5718383789062,84.89351654052734
2026-02-10,462.3999938964844,686.7559814453125,85.87322235107422
2026-02-11,467.6300048828125,686.5972290039062,85.41732025146484
2026-02-12,451.3900146484375,675.9900512695312,86.55221557617188
2026-02-13,462.6199951171875,676.4663696289062,87.02749633789062
2026-02-17,448.20001220703125,677.5578002929688,87.17301177978516
2026-02-18,458.2799987792969,680.9711303710938,86.84320831298828
2026-02-19,459.55999755859375,679.1751098632812,86.93051147460938
2026-02-20,468.6199951171875,684.0867919921875,86.72681427001953
2026-02-23,481.2799987792969,677.1013793945312,87.04690551757812
2026-02-24,474.6099853515625,682.02294921875,87.20211029052734
2026-02-25,473.4200134277344,687.7779541015625,87.21180725097656
2026-02-26,477.4800109863281,683.957763671875,87.56099700927734
2026-02-27,483.75,680.6734619140625,88.09449768066406
2026-03-02,490.0,681.0604858398438,87.20984649658203
2026-03-03,468.1400146484375,675.057373046875,87.03466796875
2026-03-04,471.79998779296875,679.8201904296875,86.76216125488281
2026-03-05,466.1300048828125,676.0297241210938,86.41179656982422
2026-03-06,473.510009765625,667.1690063476562,86.09063720703125
2026-03-09,472.5299987792969,673.0133056640625,86.84002685546875
2026-03-10,477.8599853515625,671.9317016601562,85.91545867919922
2026-03-11,476.239990234375,671.08837890625,84.80599212646484
2026-03-12,466.8800048828125,660.89794921875,84.64054870605469
2026-03-13,460.8399963378906,657.1571655273438,84.2220687866211
2026-03-16,460.42999267578125,663.8449096679688,84.8741226196289
2026-03-17,459.2699890136719,665.5912475585938,85.10770416259766
2026-03-18,444.739990234375,656.3038330078125,84.63080596923828
2026-03-19,426.4100036621094,654.6864624023438,85.14662170410156
2026-03-20,413.3800048828125,645.3009643554688,83.53108978271484
2026-03-23,404.0400085449219,652.07666015625,84.07609558105469
2026-03-24,404.1300048828125,649.8877563476562,83.70626831054688
2026-03-25,416.2900085449219,653.5094604492188,84.51403045654297
2026-03-26,400.6400146484375,641.838623046875,83.80358123779297
2026-03-27,414.70001220703125,630.89404296875,83.34617614746094
2026-03-30,414.5799865722656,628.78466796875,84.45562744140625
2026-03-31,430.2900085449219,647.0621337890625,84.3680419921875
2026-04-01,437.82000732421875,651.9373779296875,84.28500366210938
2026-04-02,429.4100036621094,652.5244750976562,84.8028564453125
2026-04-06,427.6499938964844,655.6087646484375,84.66606140136719
2026-04-07,431.80999755859375,655.8972778320312,84.65629577636719
2026-04-08,434.5299987792969,672.6027221679688,84.92989349365234
2026-04-09,437.9100036621094,676.4830322265625,84.71492767333984
2026-04-10,437.1300048828125,676.0353393554688,84.50972747802734
2026-04-13,435.3599853515625,682.6417846679688,84.76378631591797
2026-04-14,445.0899963378906,690.959716796875,85.21324157714844
2026-04-15,440.4599914550781,696.412109375,84.8419418334961
2026-04-16,440.0799865722656,698.1234130859375,84.30452728271484
2026-04-17,445.92999267578125,706.5607299804688,85.07645416259766
2026-04-20,442.0899963378906,705.1477661132812,85.0569076538086
2026-04-21,429.57000732421875,700.53125,84.58789825439453
2026-04-22,435.260009765625,707.6253051757812,84.7540054321289
2026-04-23,431.0400085449219,704.8792114257812,84.56836700439453
2026-04-24,433.25,710.3414916992188,84.72470092773438
2026-04-27,429.8900146484375,711.5653686523438,84.30452728271484
2026-04-28,421.9100036621094,708.1029052734375,84.39248657226562
2026-04-29,417.4100036621094,707.993408203125,83.7378158569336
2026-04-30,423.6600036621094,715.0377197265625,83.65966033935547
2026-05-01,423.17999267578125,717.0177001953125,83.95877075195312
2026-05-04,414.7099914550781,714.3909912109375,83.32129669189453
2026-05-05,418.2699890136719,720.1220092773438,83.78223419189453
2026-05-06,430.9599914550781,730.1312866210938,84.41970825195312
2026-05-07,431.67999267578125,727.8926391601562,83.99800109863281
2026-05-08,433.7699890136719,733.9021606445312,84.41970825195312
2026-05-11,434.6499938964844,735.5736694335938,83.90972137451172
2026-05-12,432.92999267578125,734.4593505859375,83.3507308959961
2026-05-13,430.5,738.5685424804688,83.16438293457031
2026-05-14,427.2099914550781,744.3989868164062,83.28206634521484
2026-05-15,417.2900085449219,735.4443969726562,82.04637908935547
2026-05-18,418.42999267578125,734.927001953125,81.94830322265625
2026-05-19,411.5,730.03173828125,81.41870880126953
2026-05-20,417.3999938964844,737.5138549804688,82.29155731201172
2026-05-21,416.989990234375,738.9764404296875,82.59557342529297
2026-05-22,413.82000732421875,741.8817749023438,83.04670715332031
2026-05-26,414.0,746.8068237304688,83.45860290527344
2026-05-27,408.489990234375,746.6774291992188,83.65474700927734
2026-05-28,412.7699890136719,750.7965698242188,84.08625793457031
2026-05-29,417.1199951171875,752.6671142578125,84.10588073730469
2026-06-01,411.260009765625,754.7166748046875,84.15116882324219
2026-06-02,411.95001220703125,755.7415771484375,84.3283920288086
2026-06-03,407.8699951171875,750.4384155273438,83.9936294555664
2026-06-04,411.2699890136719,753.2740478515625,84.18069458007812
2026-06-05,396.239990234375,733.83251953125,83.74748992919922
2026-06-08,397.2699890136719,735.4940795898438,83.31428527832031
2026-06-09,390.7799987792969,733.3350830078125,83.80655670166016
2026-06-10,374.5799865722656,721.7736206054688,83.57026672363281
2026-06-11,386.32000732421875,734.04150390625,84.65330505371094
2026-06-12,386.5400085449219,738.0113525390625,84.446533203125
2026-06-15,396.54998779296875,751.0254516601562,84.39730834960938
2026-06-16,397.6300048828125,746.5481567382812,84.86005401611328
2026-06-17,388.6000061035156,737.225341796875,84.9979019165039
2026-06-18,387.1199951171875,744.8902587890625,85.41141510009766
2026-06-22,384.5899963378906,742.546142578125,84.76158905029297
2026-06-23,377.32000732421875,731.7628784179688,84.8698959350586
2026-06-24,365.9200134277344,731.4237060546875,86.03169250488281
2026-06-25,369.4599914550781,732.4810791015625,86.00215911865234
2026-06-26,373.6300048828125,727.1842651367188,86.01200103759766
2026-06-29,368.5799865722656,739.1644897460938,86.1006088256836
2026-06-30,368.3800048828125,744.9202270507812,85.08650970458984
2026-07-01,370.6000061035156,743.9127197265625,84.51136779785156
2026-07-02,378.1300048828125,742.9351806640625,84.5014877319336
2026-07-06,382.1300048828125,749.4190673828125,84.44219970703125
2026-07-07,377.489990234375,745.85791015625,83.55281066894531
2026-07-08,374.45001220703125,743.5536499023438,83.36505126953125
2026-07-09,378.17999267578125,749.8480224609375,83.4935073852539
2026-07-10,377.010009765625,753.0799560546875,83.4737548828125
2026-07-13,367.1300048828125,747.3142700195312,82.97965240478516
2026-07-14,372.1499938964844,749.9677124023438,83.0883560180664
2026-07-15,372.3500061035156,752.9403076171875,83.2464599609375
2026-07-16,364.9599914550781,748.8604125976562,83.2168197631836
2026-07-17,368.4100036621094,741.4487915039062,83.52316284179688
2026-07-20,367.6000061035156,740.2518310546875,82.90059661865234
2026-07-21,374.80999755859375,746.426513671875,82.67330932617188
2026-07-22,379.1199951171875,745.55859375,82.45589447021484
2026-07-23,371.5199890136719,736.3515014648438,82.18907928466797
2026-07-24,371.8999938964844,737.099609375,82.26814270019531
2026-07-27,374.6300048828125,737.25927734375,82.76223754882812
2026-07-28,369.3699951171875,739.0248413085938,83.2464599609375
2026-07-29,371.0799865722656,727.6531372070312,81.87285614013672
2026-07-30,377.1600036621094,739.852783203125,81.82345581054688
2026-07-31,371.5400085449219,745.1796264648438,81.27993774414062
2026-08-03,371.7099914550781,755.793212890625,81.5478286743164
2026-08-04,374.1600036621094,769.4193725585938,82.17289733886719
2026-08-05,389.6400146484375,767.8831787109375,82.35150146484375
2026-08-06,389.6700134277344,766.65625,81.875244140625
2026-08-07,398.4700012207031,771.3446044921875,82.11337280273438
2026-08-10,402.5400085449219,771.1151733398438,81.41883850097656
2026-08-11,400.9599914550781,768.6513061523438,81.5478286743164
2026-08-12,404.9200134277344,770.5764770507812,81.46845245361328
2026-08-13,398.9599914550781,775.9531860351562,81.94469451904297
2026-08-14,401.4800109863281,774.4169921875,81.39900207519531
2026-08-17,405.489990234375,770.7560424804688,80.71438598632812
2026-08-18,398.54998779296875,765.5490112304688,81.02196502685547
2026-08-19,413.8399963378906,767.1549682617188,82.371337890625
2026-08-20,415.260009765625,760.7109985351562,81.6966552734375
2026-08-21,423.3599853515625,763.8232421875,81.40892028808594
2026-08-24,426.69000244140625,761.5787963867188,81.91493225097656
2026-08-25,428.07000732421875,764.0127563476562,82.81782531738281
2026-08-26,421.32000732421875,764.182373046875,82.64915466308594
2026-08-27,422.6000061035156,769.18994140625,82.48047637939453
2026-08-28,408.8900146484375,767.4442749023438,82.23242950439453
2026-08-31,408.4200134277344,765.1499633789062,81.875244140625
2026-09-01,396.75,759.89306640625,81.54159545898438
2026-09-02,402.7799987792969,763.2646484375,81.62126922607422
2026-09-03,410.2200012207031,771.2548217773438,81.74079132080078
2026-09-04,406.7699890136719,768.2822265625,81.8802261352539
2026-09-08,399.7200012207031,764.0626831054688,81.8702621459961
2026-09-09,403.3500061035156,760.5115356445312,81.40216064453125
2026-09-10,396.3599853515625,755.9528198242188,80.45596313476562
2026-09-11,398.7699890136719,762.3967895507812,80.54560852050781
2026-09-14,392.8399963378906,758.9952392578125,80.60536193847656
2026-09-15,394.1499938964844,755.513916015625,80.38624572753906
2026-09-16,391.739990234375,752.1821899414062,80.55555725097656
2026-09-17,398.3599853515625,760.7109985351562,81.45195007324219
2026-09-18,401.1700134277344,761.6900024414062,80.92407989501953
2026-09-21,398.3800048828125,773.5,81.47187805175781
2026-09-22,400.07000732421875,773.3800048828125,81.42207336425781
2026-09-23,392.8800048828125,767.8099975585938,80.13724517822266
2026-09-24,391.69000244140625,767.1799926757812,79.1014175415039
2026-09-25,393.4100036621094,771.3499755859375,79.00182342529297
2026-09-28,377.9100036621094,765.6099853515625,78.30463409423828
2026-09-29,382.8900146484375,764.2000122070312,77.91619873046875
2026-09-30,380.8399963378906,762.6300048828125,77.4679946899414
2026-10-01,382.760009765625,763.989990234375,77.70999908447266
2026-10-02,380.1400146484375,769.6400146484375,77.4800033569336
2026-10-05,379.54998779296875,774.8300170898438,77.11000061035156
